▲ Next.js 16.2.12 (Turbopack)
- Local:         http://localhost:3000
- Network:       http://192.168.18.22:3000
- Environments: .env.local
✓ Ready in 1282ms

 GET /api/workspaces 200 in 1375ms (next.js: 166ms, application-code: 1210ms)
{"event":"tenh.request_usage","at":"2026-09-14T07:40:47.799Z","businessId":"f92ebb56-d907-499e-a84d-c09180b849b6","route":"/api/workspaces","databaseRequests":12,"databaseResponseBytes":6300,"storageResponseBytes":0,"uploadBytes":0}
 GET /api/conversations/00000000-0000-0000-0000-000000000000/messages?limit=1 404 in 1463ms (next.js: 1273ms, application-code: 190ms)
 GET /api/invitations/pending 200 in 960ms (next.js: 195ms, application-code: 765ms)
 GET /api/system-announcements/current 200 in 1266ms (next.js: 136ms, application-code: 1131ms)
 GET /dashboard/inbox 200 in 5.6s (next.js: 478ms, proxy.ts: 1235ms, application-code: 3.9s)
 GET /api/workspaces 200 in 2.8s (next.js: 88ms, application-code: 2.7s)
{"event":"tenh.request_usage","at":"2026-09-14T07:40:51.056Z","businessId":"f92ebb56-d907-499e-a84d-c09180b849b6","route":"/api/workspaces","databaseRequests":12,"databaseResponseBytes":6300,"storageResponseBytes":0,"uploadBytes":0}
 GET /api/team-notifications 200 in 2.7s (next.js: 62ms, application-code: 2.6s)
 POST /api/team/permissions 200 in 1360ms (next.js: 49ms, application-code: 1310ms)
 GET /api/facebook/connection-attention 200 in 1947ms (next.js: 254ms, application-code: 1693ms)
 GET /api/team-chat/rooms 200 in 3.1s (next.js: 65ms, application-code: 3.1s)
{"event":"tenh.request_usage","at":"2026-09-14T07:40:51.396Z","businessId":"f92ebb56-d907-499e-a84d-c09180b849b6","route":"/api/team-chat/rooms","databaseRequests":17,"databaseResponseBytes":4502,"storageResponseBytes":0,"uploadBytes":0}
 GET /api/contacts/5d149179-94a8-42d9-9f82-6dc7ddaec6ee/facebook-avatar 200 in 2.7s (next.js: 862ms, application-code: 1857ms)
 GET /api/contacts/4d9b5e87-25c5-4efd-aa12-f2d3e9f07a2d/facebook-avatar 200 in 2.7s (next.js: 875ms, application-code: 1861ms)
 GET /api/contacts/a54dca00-956f-4a10-8e61-27fa6986a231/facebook-avatar 200 in 2.6s (next.js: 784ms, application-code: 1863ms)
 GET /api/contacts/0ed259fb-05aa-40f3-85f1-ac9c6689c718/facebook-avatar 200 in 2.5s (next.js: 545ms, application-code: 1942ms)
 GET /api/contacts/fed0881b-f107-4f7f-bcd8-751e7c7cb64d/facebook-avatar 200 in 4.0s (next.js: 2.0s, application-code: 1962ms)
 GET /api/inbox/channels 200 in 893ms (next.js: 41ms, application-code: 852ms)
 GET /api/contacts/1d2fc9b3-5d90-42b3-bb3e-0be076156aeb/facebook-avatar 200 in 2.6s (next.js: 633ms, application-code: 2.0s)
 GET /api/contacts/ebf64ffd-d991-4d73-86c8-b0d4efcdae17/facebook-avatar 200 in 1302ms (next.js: 15ms, application-code: 1287ms)
 GET /api/contacts/64048fc4-64ec-4307-a652-83a73b327dc8/facebook-avatar 200 in 1263ms (next.js: 5ms, application-code: 1258ms)
 GET /api/contacts/55f3bc46-85e1-44de-b6de-2240f2c8fc16/facebook-avatar 200 in 1369ms (next.js: 6ms, application-code: 1363ms)
 GET /api/contacts/2ef87be3-a6d3-4d77-97e8-b0b69b0341d5/facebook-avatar 404 in 1557ms (next.js: 4ms, application-code: 1553ms)
 GET /api/reminders?summary=1 200 in 698ms (next.js: 49ms, application-code: 649ms)
 GET /api/inbox/channels 200 in 891ms (next.js: 22ms, application-code: 869ms)
 GET /api/conversations/00000000-0000-0000-0000-000000000000/messages?limit=1 404 in 177ms (next.js: 11ms, application-code: 166ms)
 POST /api/inbox/live-state 200 in 1480ms (next.js: 48ms, application-code: 1432ms)
{"event":"tenh.request_usage","at":"2026-09-14T07:40:55.604Z","businessId":"f92ebb56-d907-499e-a84d-c09180b849b6","route":"/api/inbox/live-state","databaseRequests":13,"databaseResponseBytes":289854,"storageResponseBytes":0,"uploadBytes":0}
 GET /api/inbox/smart-view-options 200 in 1690ms (next.js: 72ms, application-code: 1618ms)
 GET /api/inbox/views 200 in 1737ms (next.js: 117ms, application-code: 1621ms)
 GET /api/contacts/ca88b1b9-4a8a-4bd4-b924-620c9c802c3e/facebook-avatar 200 in 1629ms (next.js: 15ms, application-code: 1614ms)
 GET /api/contacts/408794ad-fb22-4faf-a291-9e3ac9da6d81/facebook-avatar 200 in 1586ms (next.js: 5ms, application-code: 1581ms)
 GET /api/contacts/98b749f9-815d-42af-ba6e-56066967f933/facebook-avatar 200 in 2.1s (next.js: 5ms, application-code: 2.1s)
 GET /api/contacts/fa930ae6-5214-4485-9cc5-154f9f3b0221/facebook-avatar 200 in 1625ms (next.js: 16ms, application-code: 1609ms)
 GET /api/contacts/426e26e7-0fdd-4496-89b2-470871120b27/facebook-avatar 200 in 1707ms (next.js: 32ms, application-code: 1675ms)
 GET /api/contacts/f553af35-89d4-4c63-a294-20265b8dd4a7/facebook-avatar 200 in 1681ms (next.js: 4ms, application-code: 1676ms)
 GET /api/contacts/2bceb000-9824-4f8d-9a24-a8578443768c/facebook-avatar 200 in 1733ms (next.js: 4ms, application-code: 1729ms)
 GET /api/contacts/c1b75ed7-5587-4ada-ad21-b3df2941429a/facebook-avatar 200 in 1932ms (next.js: 9ms, application-code: 1922ms)
 GET /api/contacts/84f48440-8cba-4eb3-875b-f2df7aae3f51/facebook-avatar 200 in 1927ms (next.js: 5ms, application-code: 1921ms)
 GET /api/contacts/4bbae68b-a4ac-4a0f-8197-83ce192d0e4e/facebook-avatar 200 in 1492ms (next.js: 4ms, application-code: 1487ms)
 GET /api/contacts/b74aeb79-627a-4a5b-a04d-12a6b9d354b4/facebook-avatar 200 in 1361ms (next.js: 25ms, application-code: 1336ms)
 GET /api/contacts/235a7281-256b-4760-9d56-6e62cb7acea7/facebook-avatar 200 in 1551ms (next.js: 5ms, application-code: 1546ms)
 GET /api/contacts/5c965874-aff1-4fab-b553-35e7aa4dab07/facebook-avatar 200 in 1807ms (next.js: 6ms, application-code: 1802ms)
 GET /api/contacts/2c20b105-128b-4c16-9c82-fb83ef9a4077/facebook-avatar 200 in 1655ms (next.js: 12ms, application-code: 1643ms)
 GET /api/contacts/a1c4ca18-e1e9-405c-8417-ac4178bc4017/facebook-avatar 200 in 1740ms (next.js: 4ms, application-code: 1736ms)
 GET /api/contacts/bb4e5fe8-1da5-49cb-83f0-83c60a7f49aa/facebook-avatar 404 in 1272ms (next.js: 5ms, application-code: 1268ms)
 GET /api/contacts/053dbb15-50e0-4bde-9f1d-01d82fabd331/facebook-avatar 200 in 1224ms (next.js: 5ms, application-code: 1219ms)
 GET /api/facebook/connection-attention 200 in 555ms (next.js: 35ms, application-code: 520ms)
 GET /api/conversations/e7aa7b1b-4aeb-40ba-b414-19acf5e19e86/messages?limit=25 200 in 1568ms (next.js: 19ms, application-code: 1549ms)
 GET /api/workspaces 200 in 1387ms (next.js: 22ms, application-code: 1365ms)
{"event":"tenh.request_usage","at":"2026-09-14T07:41:07.316Z","businessId":"f92ebb56-d907-499e-a84d-c09180b849b6","route":"/api/workspaces","databaseRequests":12,"databaseResponseBytes":6300,"storageResponseBytes":0,"uploadBytes":0}
 GET /api/team-chat/rooms 200 in 1811ms (next.js: 11ms, application-code: 1800ms)
{"event":"tenh.request_usage","at":"2026-09-14T07:41:07.716Z","businessId":"f92ebb56-d907-499e-a84d-c09180b849b6","route":"/api/team-chat/rooms","databaseRequests":17,"databaseResponseBytes":4502,"storageResponseBytes":0,"uploadBytes":0}
 POST /api/inbox/live-state 200 in 1884ms (next.js: 10ms, application-code: 1874ms)
{"event":"tenh.request_usage","at":"2026-09-14T07:41:07.811Z","businessId":"f92ebb56-d907-499e-a84d-c09180b849b6","route":"/api/inbox/live-state","databaseRequests":13,"databaseResponseBytes":289854,"storageResponseBytes":0,"uploadBytes":0}
 GET /api/conversations/e7aa7b1b-4aeb-40ba-b414-19acf5e19e86/messages?limit=25&live=1789371665993 200 in 1473ms (next.js: 16ms, application-code: 1457ms)
 GET /api/conversations/e7aa7b1b-4aeb-40ba-b414-19acf5e19e86/facebook-block 200 in 2.7s (next.js: 1219ms, application-code: 1506ms)
 GET /api/conversations/e7aa7b1b-4aeb-40ba-b414-19acf5e19e86/facebook-block 200 in 1416ms (next.js: 17ms, application-code: 1398ms)
 GET /api/conversations/e7aa7b1b-4aeb-40ba-b414-19acf5e19e86/message-pins 200 in 2.4s (next.js: 1137ms, application-code: 1228ms)
 GET /api/conversations/e7aa7b1b-4aeb-40ba-b414-19acf5e19e86/message-pins 200 in 1441ms (next.js: 12ms, application-code: 1429ms)
 GET /api/conversations/be7e559e-3721-4e7a-914d-49c67cdcfecc/messages?limit=25 200 in 1679ms (next.js: 6ms, application-code: 1673ms)
 GET /api/workspaces 200 in 1295ms (next.js: 4ms, application-code: 1291ms)
{"event":"tenh.request_usage","at":"2026-09-14T07:41:10.030Z","businessId":"f92ebb56-d907-499e-a84d-c09180b849b6","route":"/api/workspaces","databaseRequests":12,"databaseResponseBytes":6300,"storageResponseBytes":0,"uploadBytes":0}
 GET /api/conversations/be47cf54-1b1a-47b8-b6b4-90ef0de869ab/messages?limit=25 200 in 1496ms (next.js: 14ms, application-code: 1482ms)
 GET /api/invitations/pending 200 in 352ms (next.js: 31ms, application-code: 321ms)
 GET /api/system-announcements/current 200 in 568ms (next.js: 18ms, application-code: 550ms)
 GET /api/facebook/connection-attention 200 in 673ms (next.js: 5ms, application-code: 668ms)
 POST /api/team/permissions 200 in 526ms (next.js: 5ms, application-code: 521ms)
 GET /api/team-notifications 200 in 1301ms (next.js: 6ms, application-code: 1295ms)
 GET /dashboard/inbox 200 in 2.5s (next.js: 10ms, proxy.ts: 145ms, application-code: 2.3s)
 GET /api/workspaces 200 in 1426ms (next.js: 25ms, application-code: 1400ms)
{"event":"tenh.request_usage","at":"2026-09-14T07:41:14.945Z","businessId":"f92ebb56-d907-499e-a84d-c09180b849b6","route":"/api/workspaces","databaseRequests":12,"databaseResponseBytes":6300,"storageResponseBytes":0,"uploadBytes":0}
 GET /api/team-chat/rooms 200 in 1737ms (next.js: 11ms, application-code: 1726ms)
{"event":"tenh.request_usage","at":"2026-09-14T07:41:15.254Z","businessId":"f92ebb56-d907-499e-a84d-c09180b849b6","route":"/api/team-chat/rooms","databaseRequests":17,"databaseResponseBytes":4502,"storageResponseBytes":0,"uploadBytes":0}
 GET /api/reminders?summary=1 200 in 745ms (next.js: 26ms, application-code: 719ms)
 GET /api/inbox/channels 200 in 799ms (next.js: 13ms, application-code: 786ms)
 GET /api/inbox/channels 200 in 1029ms (next.js: 53ms, application-code: 977ms)
 GET /api/contacts/2ef87be3-a6d3-4d77-97e8-b0b69b0341d5/facebook-avatar 404 in 973ms (next.js: 19ms, application-code: 954ms)
 GET /api/inbox/channels 200 in 639ms (next.js: 4ms, application-code: 635ms)
 GET /api/reminders?summary=1 200 in 469ms (next.js: 4ms, application-code: 465ms)
 GET /api/inbox/views 200 in 1289ms (next.js: 5ms, application-code: 1284ms)
 GET /api/inbox/smart-view-options 200 in 1818ms (next.js: 67ms, application-code: 1751ms)
 GET /api/inbox/channels 200 in 776ms (next.js: 4ms, application-code: 773ms)
 POST /api/inbox/live-state 200 in 1306ms (next.js: 6ms, application-code: 1300ms)
{"event":"tenh.request_usage","at":"2026-09-14T07:41:17.079Z","businessId":"f92ebb56-d907-499e-a84d-c09180b849b6","route":"/api/inbox/live-state","databaseRequests":13,"databaseResponseBytes":289854,"storageResponseBytes":0,"uploadBytes":0}
 GET /api/contacts/bb4e5fe8-1da5-49cb-83f0-83c60a7f49aa/facebook-avatar 404 in 1159ms (next.js: 13ms, application-code: 1145ms)
 GET /api/inbox/smart-view-options 200 in 1296ms (next.js: 4ms, application-code: 1292ms)
 GET /api/inbox/views 200 in 1435ms (next.js: 6ms, application-code: 1428ms)
 POST /api/inbox/live-state 200 in 1131ms (next.js: 5ms, application-code: 1127ms)
{"event":"tenh.request_usage","at":"2026-09-14T07:41:21.157Z","businessId":"f92ebb56-d907-499e-a84d-c09180b849b6","route":"/api/inbox/live-state","databaseRequests":13,"databaseResponseBytes":289854,"storageResponseBytes":0,"uploadBytes":0}
 GET /api/conversations/be47cf54-1b1a-47b8-b6b4-90ef0de869ab/messages?limit=25 200 in 794ms (next.js: 16ms, application-code: 778ms)
 GET /api/conversations/be7e559e-3721-4e7a-914d-49c67cdcfecc/messages?limit=25 200 in 573ms (next.js: 7ms, application-code: 567ms)
 GET /api/conversations/cd6eec1d-2b6e-4c14-adf1-9b2452aa273c/messages?limit=25 200 in 748ms (next.js: 7ms, application-code: 740ms)
 GET /api/facebook/connection-attention 200 in 1426ms (next.js: 23ms, application-code: 1403ms)
 GET /api/conversations/e7aa7b1b-4aeb-40ba-b414-19acf5e19e86/messages?limit=25 200 in 2.9s (next.js: 6ms, application-code: 2.9s)
 GET /api/team-chat/rooms 200 in 2.8s (next.js: 8ms, application-code: 2.8s)
{"event":"tenh.request_usage","at":"2026-09-14T07:41:33.960Z","businessId":"f92ebb56-d907-499e-a84d-c09180b849b6","route":"/api/team-chat/rooms","databaseRequests":17,"databaseResponseBytes":4502,"storageResponseBytes":0,"uploadBytes":0}
 GET /api/conversations/e7aa7b1b-4aeb-40ba-b414-19acf5e19e86/facebook-block 200 in 2.8s (next.js: 15ms, application-code: 2.8s)
 GET /api/workspaces 200 in 2.9s (next.js: 8ms, application-code: 2.9s)
{"event":"tenh.request_usage","at":"2026-09-14T07:41:34.208Z","businessId":"f92ebb56-d907-499e-a84d-c09180b849b6","route":"/api/workspaces","databaseRequests":12,"databaseResponseBytes":6300,"storageResponseBytes":0,"uploadBytes":0}
 POST /api/inbox/live-state 200 in 3.0s (next.js: 4ms, application-code: 3.0s)
{"event":"tenh.request_usage","at":"2026-09-14T07:41:34.236Z","businessId":"f92ebb56-d907-499e-a84d-c09180b849b6","route":"/api/inbox/live-state","databaseRequests":13,"databaseResponseBytes":289854,"storageResponseBytes":0,"uploadBytes":0}
 GET /api/conversations/e7aa7b1b-4aeb-40ba-b414-19acf5e19e86/message-pins 200 in 1631ms (next.js: 13ms, application-code: 1617ms)
 GET /api/conversations/e7aa7b1b-4aeb-40ba-b414-19acf5e19e86/message-pins 200 in 1022ms (next.js: 10ms, application-code: 1012ms)
 GET /api/conversations/e7aa7b1b-4aeb-40ba-b414-19acf5e19e86/facebook-block 200 in 1463ms (next.js: 11ms, application-code: 1452ms)
 GET /api/workspaces 200 in 1243ms (next.js: 6ms, application-code: 1237ms)
{"event":"tenh.request_usage","at":"2026-09-14T07:41:35.454Z","businessId":"f92ebb56-d907-499e-a84d-c09180b849b6","route":"/api/workspaces","databaseRequests":12,"databaseResponseBytes":6300,"storageResponseBytes":0,"uploadBytes":0}
 GET /api/conversations/e7aa7b1b-4aeb-40ba-b414-19acf5e19e86/messages?limit=25&live=1789371691290 200 in 1665ms (next.js: 15ms, application-code: 1650ms)
 GET /api/system-announcements/current 200 in 586ms (next.js: 14ms, application-code: 572ms)
 GET /api/team-notifications 200 in 895ms (next.js: 6ms, application-code: 889ms)
 GET /api/team-chat/rooms 200 in 1531ms (next.js: 4ms, application-code: 1527ms)
{"event":"tenh.request_usage","at":"2026-09-14T07:41:45.052Z","businessId":"f92ebb56-d907-499e-a84d-c09180b849b6","route":"/api/team-chat/rooms","databaseRequests":17,"databaseResponseBytes":4502,"storageResponseBytes":0,"uploadBytes":0}
 POST /api/inbox/live-state 200 in 1450ms (next.js: 4ms, application-code: 1446ms)
{"event":"tenh.request_usage","at":"2026-09-14T07:41:52.620Z","businessId":"f92ebb56-d907-499e-a84d-c09180b849b6","route":"/api/inbox/live-state","databaseRequests":13,"databaseResponseBytes":289854,"storageResponseBytes":0,"uploadBytes":0}
 GET /api/workspaces 200 in 1016ms (next.js: 4ms, application-code: 1012ms)
{"event":"tenh.request_usage","at":"2026-09-14T07:41:54.533Z","businessId":"f92ebb56-d907-499e-a84d-c09180b849b6","route":"/api/workspaces","databaseRequests":12,"databaseResponseBytes":6300,"storageResponseBytes":0,"uploadBytes":0}
 GET /api/conversations/e7aa7b1b-4aeb-40ba-b414-19acf5e19e86/messages?limit=25&live=1789371721301 200 in 1229ms (next.js: 10ms, application-code: 1219ms)
 GET /api/invitations/pending 200 in 472ms (next.js: 36ms, application-code: 436ms)
 GET /api/facebook/connection-attention 200 in 569ms (next.js: 49ms, application-code: 520ms)
 GET /api/system-announcements/current 200 in 664ms (next.js: 26ms, application-code: 639ms)
 GET /api/team-notifications 200 in 1031ms (next.js: 15ms, application-code: 1016ms)
 GET /api/workspaces 200 in 1219ms (next.js: 6ms, application-code: 1213ms)
{"event":"tenh.request_usage","at":"2026-09-14T07:42:14.758Z","businessId":"f92ebb56-d907-499e-a84d-c09180b849b6","route":"/api/workspaces","databaseRequests":12,"databaseResponseBytes":6300,"storageResponseBytes":0,"uploadBytes":0}
 GET /api/team-chat/rooms 200 in 1576ms (next.js: 5ms, application-code: 1571ms)
{"event":"tenh.request_usage","at":"2026-09-14T07:42:15.099Z","businessId":"f92ebb56-d907-499e-a84d-c09180b849b6","route":"/api/team-chat/rooms","databaseRequests":17,"databaseResponseBytes":4502,"storageResponseBytes":0,"uploadBytes":0}
 POST /api/inbox/live-state 200 in 1434ms (next.js: 5ms, application-code: 1429ms)
{"event":"tenh.request_usage","at":"2026-09-14T07:42:24.074Z","businessId":"f92ebb56-d907-499e-a84d-c09180b849b6","route":"/api/inbox/live-state","databaseRequests":13,"databaseResponseBytes":289854,"storageResponseBytes":0,"uploadBytes":0}
 GET /api/conversations/e7aa7b1b-4aeb-40ba-b414-19acf5e19e86/messages?limit=25&live=1789371752550 200 in 1114ms (next.js: 10ms, application-code: 1104ms)
 GET /api/workspaces 200 in 992ms (next.js: 4ms, application-code: 988ms)
{"event":"tenh.request_usage","at":"2026-09-14T07:42:34.521Z","businessId":"f92ebb56-d907-499e-a84d-c09180b849b6","route":"/api/workspaces","databaseRequests":12,"databaseResponseBytes":6300,"storageResponseBytes":0,"uploadBytes":0}
 GET /api/system-announcements/current 200 in 569ms (next.js: 13ms, application-code: 557ms)
 GET /api/team-notifications 200 in 943ms (next.js: 7ms, application-code: 936ms)
 GET /api/team-chat/rooms 200 in 1611ms (next.js: 4ms, application-code: 1607ms)
{"event":"tenh.request_usage","at":"2026-09-14T07:42:45.143Z","businessId":"f92ebb56-d907-499e-a84d-c09180b849b6","route":"/api/team-chat/rooms","databaseRequests":17,"databaseResponseBytes":4502,"storageResponseBytes":0,"uploadBytes":0}
 GET /api/workspaces 200 in 1270ms (next.js: 4ms, application-code: 1266ms)
{"event":"tenh.request_usage","at":"2026-09-14T07:42:54.801Z","businessId":"f92ebb56-d907-499e-a84d-c09180b849b6","route":"/api/workspaces","databaseRequests":12,"databaseResponseBytes":6300,"storageResponseBytes":0,"uploadBytes":0}
 POST /api/inbox/live-state 200 in 1402ms (next.js: 4ms, application-code: 1398ms)
{"event":"tenh.request_usage","at":"2026-09-14T07:42:55.494Z","businessId":"f92ebb56-d907-499e-a84d-c09180b849b6","route":"/api/inbox/live-state","databaseRequests":13,"databaseResponseBytes":289854,"storageResponseBytes":0,"uploadBytes":0}
 GET /api/conversations/e7aa7b1b-4aeb-40ba-b414-19acf5e19e86/messages?limit=25&live=1789371783672 200 in 1269ms (next.js: 10ms, application-code: 1260ms)
 GET /api/invitations/pending 200 in 507ms (next.js: 34ms, application-code: 474ms)
 GET /api/system-announcements/current 200 in 646ms (next.js: 21ms, application-code: 625ms)
 GET /api/facebook/connection-attention 200 in 649ms (next.js: 42ms, application-code: 607ms)
 GET /api/team-notifications 200 in 958ms (next.js: 13ms, application-code: 945ms)
 GET /api/workspaces 200 in 1276ms (next.js: 5ms, application-code: 1271ms)
{"event":"tenh.request_usage","at":"2026-09-14T07:43:14.810Z","businessId":"f92ebb56-d907-499e-a84d-c09180b849b6","route":"/api/workspaces","databaseRequests":12,"databaseResponseBytes":6300,"storageResponseBytes":0,"uploadBytes":0}
 GET /api/team-chat/rooms 200 in 1778ms (next.js: 4ms, application-code: 1774ms)
{"event":"tenh.request_usage","at":"2026-09-14T07:43:15.296Z","businessId":"f92ebb56-d907-499e-a84d-c09180b849b6","route":"/api/team-chat/rooms","databaseRequests":17,"databaseResponseBytes":4502,"storageResponseBytes":0,"uploadBytes":0}
 GET /api/conversations/be7e559e-3721-4e7a-914d-49c67cdcfecc/messages?limit=25 200 in 1152ms (next.js: 11ms, application-code: 1142ms)
 GET /api/facebook/connection-attention 200 in 901ms (next.js: 17ms, application-code: 885ms)
 GET /api/conversations/e7aa7b1b-4aeb-40ba-b414-19acf5e19e86/messages?limit=25&live=1789371806094 200 in 1938ms (next.js: 12ms, application-code: 1925ms)
 GET /api/workspaces 200 in 2.1s (next.js: 7ms, application-code: 2.1s)
{"event":"tenh.request_usage","at":"2026-09-14T07:43:28.212Z","businessId":"f92ebb56-d907-499e-a84d-c09180b849b6","route":"/api/workspaces","databaseRequests":12,"databaseResponseBytes":6300,"storageResponseBytes":0,"uploadBytes":0}
 POST /api/inbox/live-state 200 in 2.7s (next.js: 4ms, application-code: 2.7s)
{"event":"tenh.request_usage","at":"2026-09-14T07:43:28.221Z","businessId":"f92ebb56-d907-499e-a84d-c09180b849b6","route":"/api/inbox/live-state","databaseRequests":13,"databaseResponseBytes":289854,"storageResponseBytes":0,"uploadBytes":0}
 GET /api/conversations/e7aa7b1b-4aeb-40ba-b414-19acf5e19e86/facebook-block 200 in 2.1s (next.js: 38ms, application-code: 2.1s)
 GET /api/conversations/e7aa7b1b-4aeb-40ba-b414-19acf5e19e86/message-pins 200 in 1816ms (next.js: 17ms, application-code: 1799ms)
 GET /api/team-chat/rooms 200 in 3.0s (next.js: 8ms, application-code: 3.0s)
{"event":"tenh.request_usage","at":"2026-09-14T07:43:29.092Z","businessId":"f92ebb56-d907-499e-a84d-c09180b849b6","route":"/api/team-chat/rooms","databaseRequests":17,"databaseResponseBytes":4502,"storageResponseBytes":0,"uploadBytes":0}
 GET /api/workspaces 200 in 1218ms (next.js: 4ms, application-code: 1214ms)
{"event":"tenh.request_usage","at":"2026-09-14T07:43:34.741Z","businessId":"f92ebb56-d907-499e-a84d-c09180b849b6","route":"/api/workspaces","databaseRequests":12,"databaseResponseBytes":6300,"storageResponseBytes":0,"uploadBytes":0}
 GET /api/conversations/e7aa7b1b-4aeb-40ba-b414-19acf5e19e86/messages?limit=25&live=1789371814955 200 in 1069ms (next.js: 10ms, application-code: 1059ms)
 GET /api/system-announcements/current 200 in 916ms (next.js: 12ms, application-code: 905ms)
 GET /api/team-notifications 200 in 1126ms (next.js: 4ms, application-code: 1121ms)
 GET /api/team-chat/rooms 200 in 1739ms (next.js: 4ms, application-code: 1735ms)
{"event":"tenh.request_usage","at":"2026-09-14T07:43:45.255Z","businessId":"f92ebb56-d907-499e-a84d-c09180b849b6","route":"/api/team-chat/rooms","databaseRequests":17,"databaseResponseBytes":4502,"storageResponseBytes":0,"uploadBytes":0}
 GET /api/workspaces 200 in 1185ms (next.js: 4ms, application-code: 1181ms)
{"event":"tenh.request_usage","at":"2026-09-14T07:43:54.711Z","businessId":"f92ebb56-d907-499e-a84d-c09180b849b6","route":"/api/workspaces","databaseRequests":12,"databaseResponseBytes":6300,"storageResponseBytes":0,"uploadBytes":0}
 POST /api/inbox/live-state 200 in 1362ms (next.js: 4ms, application-code: 1358ms)
{"event":"tenh.request_usage","at":"2026-09-14T07:43:59.602Z","businessId":"f92ebb56-d907-499e-a84d-c09180b849b6","route":"/api/inbox/live-state","databaseRequests":13,"databaseResponseBytes":289854,"storageResponseBytes":0,"uploadBytes":0}
 GET /api/conversations/be47cf54-1b1a-47b8-b6b4-90ef0de869ab/messages?limit=25 200 in 1138ms (next.js: 14ms, application-code: 1124ms)
 GET /api/conversations/e7aa7b1b-4aeb-40ba-b414-19acf5e19e86/messages?limit=25&live=1789371846045 200 in 957ms (next.js: 10ms, application-code: 947ms)
 GET /api/invitations/pending 200 in 485ms (next.js: 31ms, application-code: 454ms)
 GET /api/system-announcements/current 200 in 631ms (next.js: 17ms, application-code: 614ms)
 GET /api/facebook/connection-attention 200 in 656ms (next.js: 42ms, application-code: 614ms)
 GET /api/team-notifications 200 in 964ms (next.js: 6ms, application-code: 958ms)
 GET /api/workspaces 200 in 1191ms (next.js: 19ms, application-code: 1172ms)
{"event":"tenh.request_usage","at":"2026-09-14T07:44:14.727Z","businessId":"f92ebb56-d907-499e-a84d-c09180b849b6","route":"/api/workspaces","databaseRequests":12,"databaseResponseBytes":6300,"storageResponseBytes":0,"uploadBytes":0}
 GET /api/team-chat/rooms 200 in 1526ms (next.js: 7ms, application-code: 1519ms)
{"event":"tenh.request_usage","at":"2026-09-14T07:44:15.062Z","businessId":"f92ebb56-d907-499e-a84d-c09180b849b6","route":"/api/team-chat/rooms","databaseRequests":17,"databaseResponseBytes":4502,"storageResponseBytes":0,"uploadBytes":0}
 GET /api/facebook/connection-attention 200 in 613ms (next.js: 44ms, application-code: 570ms)
 GET /api/conversations/e7aa7b1b-4aeb-40ba-b414-19acf5e19e86/messages?limit=25&live=1789371856619 200 in 1245ms (next.js: 12ms, application-code: 1232ms)
 GET /api/conversations/e7aa7b1b-4aeb-40ba-b414-19acf5e19e86/facebook-block 200 in 1369ms (next.js: 34ms, application-code: 1335ms)
 GET /api/workspaces 200 in 1512ms (next.js: 34ms, application-code: 1478ms)
{"event":"tenh.request_usage","at":"2026-09-14T07:44:18.119Z","businessId":"f92ebb56-d907-499e-a84d-c09180b849b6","route":"/api/workspaces","databaseRequests":12,"databaseResponseBytes":6300,"storageResponseBytes":0,"uploadBytes":0}
 GET /api/conversations/e7aa7b1b-4aeb-40ba-b414-19acf5e19e86/message-pins 200 in 1197ms (next.js: 16ms, application-code: 1181ms)
 POST /api/inbox/live-state 200 in 1832ms (next.js: 22ms, application-code: 1810ms)
{"event":"tenh.request_usage","at":"2026-09-14T07:44:18.437Z","businessId":"f92ebb56-d907-499e-a84d-c09180b849b6","route":"/api/inbox/live-state","databaseRequests":13,"databaseResponseBytes":289854,"storageResponseBytes":0,"uploadBytes":0}
 GET /api/team-chat/rooms 200 in 1868ms (next.js: 8ms, application-code: 1860ms)
{"event":"tenh.request_usage","at":"2026-09-14T07:44:18.472Z","businessId":"f92ebb56-d907-499e-a84d-c09180b849b6","route":"/api/team-chat/rooms","databaseRequests":17,"databaseResponseBytes":4502,"storageResponseBytes":0,"uploadBytes":0}
 GET /api/conversations/be7e559e-3721-4e7a-914d-49c67cdcfecc/messages?limit=25 200 in 697ms (next.js: 5ms, application-code: 692ms)
 GET /api/conversations/be7e559e-3721-4e7a-914d-49c67cdcfecc/messages?limit=25&live=1789371858000 200 in 293ms (next.js: 6ms, application-code: 286ms)
 GET /api/conversations/e7aa7b1b-4aeb-40ba-b414-19acf5e19e86/messages?beforeCreatedAt=2026-09-11T09%3A44%3A04.717013%2B00%3A00&beforeId=a4fc56d6-741b-4547-9ada-31d39396fc63&limit=25 200 in 1183ms (next.js: 13ms, application-code: 1170ms)
 GET /api/conversations/be47cf54-1b1a-47b8-b6b4-90ef0de869ab/messages?limit=25 200 in 317ms (next.js: 6ms, application-code: 311ms)
 GET /api/conversations/be7e559e-3721-4e7a-914d-49c67cdcfecc/message-pins 200 in 789ms (next.js: 21ms, application-code: 769ms)
 GET /api/conversations/be7e559e-3721-4e7a-914d-49c67cdcfecc/facebook-block 200 in 1302ms (next.js: 13ms, application-code: 1290ms)
 GET /api/conversations/be7e559e-3721-4e7a-914d-49c67cdcfecc/facebook-block 200 in 1057ms (next.js: 6ms, application-code: 1050ms)
 GET /api/conversations/be7e559e-3721-4e7a-914d-49c67cdcfecc/message-pins 200 in 884ms (next.js: 6ms, application-code: 878ms)
 GET /api/conversations/be47cf54-1b1a-47b8-b6b4-90ef0de869ab/message-pins 200 in 793ms (next.js: 6ms, application-code: 788ms)
 GET /api/conversations/be47cf54-1b1a-47b8-b6b4-90ef0de869ab/facebook-block 200 in 914ms (next.js: 11ms, application-code: 903ms)
 GET /api/conversations/be47cf54-1b1a-47b8-b6b4-90ef0de869ab/message-pins 200 in 819ms (next.js: 6ms, application-code: 813ms)
 GET /api/conversations/be47cf54-1b1a-47b8-b6b4-90ef0de869ab/facebook-block 200 in 1028ms (next.js: 7ms, application-code: 1021ms)
 GET /api/conversations/e7aa7b1b-4aeb-40ba-b414-19acf5e19e86/messages?limit=25 200 in 982ms (next.js: 10ms, application-code: 971ms)
 GET /api/conversations/e7aa7b1b-4aeb-40ba-b414-19acf5e19e86/facebook-block 200 in 1029ms (next.js: 4ms, application-code: 1025ms)
 GET /api/conversations/e7aa7b1b-4aeb-40ba-b414-19acf5e19e86/message-pins 200 in 802ms (next.js: 10ms, application-code: 792ms)
 GET /api/conversations/e7aa7b1b-4aeb-40ba-b414-19acf5e19e86/messages?limit=25&live=1789371859113 200 in 934ms (next.js: 4ms, application-code: 931ms)
 GET /api/conversations/e7aa7b1b-4aeb-40ba-b414-19acf5e19e86/message-pins 200 in 781ms (next.js: 5ms, application-code: 776ms)
 GET /api/conversations/e7aa7b1b-4aeb-40ba-b414-19acf5e19e86/facebook-block 200 in 918ms (next.js: 11ms, application-code: 907ms)
 POST /api/inbox/live-state 200 in 1757ms (next.js: 4ms, application-code: 1754ms)
{"event":"tenh.request_usage","at":"2026-09-14T07:44:31.366Z","businessId":"f92ebb56-d907-499e-a84d-c09180b849b6","route":"/api/inbox/live-state","databaseRequests":13,"databaseResponseBytes":289854,"storageResponseBytes":0,"uploadBytes":0}
 GET /api/workspaces 200 in 967ms (next.js: 4ms, application-code: 963ms)
{"event":"tenh.request_usage","at":"2026-09-14T07:44:34.498Z","businessId":"f92ebb56-d907-499e-a84d-c09180b849b6","route":"/api/workspaces","databaseRequests":12,"databaseResponseBytes":6300,"storageResponseBytes":0,"uploadBytes":0}
 GET /api/team-chat/rooms 200 in 1589ms (next.js: 4ms, application-code: 1585ms)
{"event":"tenh.request_usage","at":"2026-09-14T07:44:35.688Z","businessId":"f92ebb56-d907-499e-a84d-c09180b849b6","route":"/api/team-chat/rooms","databaseRequests":17,"databaseResponseBytes":4502,"storageResponseBytes":0,"uploadBytes":0}
 GET /api/system-announcements/current 200 in 626ms (next.js: 15ms, application-code: 611ms)
 GET /api/team-notifications 200 in 990ms (next.js: 15ms, application-code: 974ms)
 GET /api/team-chat/rooms 200 in 1656ms (next.js: 4ms, application-code: 1652ms)
{"event":"tenh.request_usage","at":"2026-09-14T07:44:45.179Z","businessId":"f92ebb56-d907-499e-a84d-c09180b849b6","route":"/api/team-chat/rooms","databaseRequests":17,"databaseResponseBytes":4502,"storageResponseBytes":0,"uploadBytes":0}
 GET /api/conversations/e7aa7b1b-4aeb-40ba-b414-19acf5e19e86/messages?limit=25&live=1789371889117 200 in 1154ms (next.js: 10ms, application-code: 1145ms)
 GET /api/workspaces 200 in 980ms (next.js: 3ms, application-code: 977ms)
{"event":"tenh.request_usage","at":"2026-09-14T07:44:54.506Z","businessId":"f92ebb56-d907-499e-a84d-c09180b849b6","route":"/api/workspaces","databaseRequests":12,"databaseResponseBytes":6300,"storageResponseBytes":0,"uploadBytes":0}
 POST /api/inbox/live-state 200 in 1558ms (next.js: 4ms, application-code: 1554ms)
{"event":"tenh.request_usage","at":"2026-09-14T07:45:02.944Z","businessId":"f92ebb56-d907-499e-a84d-c09180b849b6","route":"/api/inbox/live-state","databaseRequests":13,"databaseResponseBytes":289854,"storageResponseBytes":0,"uploadBytes":0}
 GET /api/invitations/pending 200 in 485ms (next.js: 29ms, application-code: 455ms)
 GET /api/system-announcements/current 200 in 687ms (next.js: 21ms, application-code: 666ms)
 GET /api/facebook/connection-attention 200 in 734ms (next.js: 25ms, application-code: 709ms)
 GET /api/team-notifications 200 in 1200ms (next.js: 12ms, application-code: 1188ms)
 GET /api/workspaces 200 in 1419ms (next.js: 5ms, application-code: 1414ms)
{"event":"tenh.request_usage","at":"2026-09-14T07:45:14.959Z","businessId":"f92ebb56-d907-499e-a84d-c09180b849b6","route":"/api/workspaces","databaseRequests":12,"databaseResponseBytes":6300,"storageResponseBytes":0,"uploadBytes":0}
 GET /api/team-chat/rooms 200 in 1491ms (next.js: 5ms, application-code: 1486ms)
{"event":"tenh.request_usage","at":"2026-09-14T07:45:15.012Z","businessId":"f92ebb56-d907-499e-a84d-c09180b849b6","route":"/api/team-chat/rooms","databaseRequests":17,"databaseResponseBytes":4502,"storageResponseBytes":0,"uploadBytes":0}
 GET /api/conversations/e7aa7b1b-4aeb-40ba-b414-19acf5e19e86/messages?limit=25&live=1789371920281 200 in 1098ms (next.js: 11ms, application-code: 1087ms)
 POST /api/inbox/live-state 200 in 1403ms (next.js: 4ms, application-code: 1399ms)
{"event":"tenh.request_usage","at":"2026-09-14T07:45:34.368Z","businessId":"f92ebb56-d907-499e-a84d-c09180b849b6","route":"/api/inbox/live-state","databaseRequests":13,"databaseResponseBytes":289854,"storageResponseBytes":0,"uploadBytes":0}
 GET /api/workspaces 200 in 1184ms (next.js: 4ms, application-code: 1180ms)
{"event":"tenh.request_usage","at":"2026-09-14T07:45:34.711Z","businessId":"f92ebb56-d907-499e-a84d-c09180b849b6","route":"/api/workspaces","databaseRequests":12,"databaseResponseBytes":6300,"storageResponseBytes":0,"uploadBytes":0}
 GET /api/system-announcements/current 200 in 733ms (next.js: 15ms, application-code: 718ms)
 GET /api/team-notifications 200 in 1072ms (next.js: 6ms, application-code: 1065ms)
 GET /api/team-chat/rooms 200 in 1947ms (next.js: 4ms, application-code: 1943ms)
{"event":"tenh.request_usage","at":"2026-09-14T07:45:45.476Z","businessId":"f92ebb56-d907-499e-a84d-c09180b849b6","route":"/api/team-chat/rooms","databaseRequests":17,"databaseResponseBytes":4502,"storageResponseBytes":0,"uploadBytes":0}
 GET /api/conversations/e7aa7b1b-4aeb-40ba-b414-19acf5e19e86/messages?limit=25&live=1789371951387 200 in 1424ms (next.js: 10ms, application-code: 1414ms)
 GET /api/workspaces 200 in 979ms (next.js: 4ms, application-code: 975ms)
{"event":"tenh.request_usage","at":"2026-09-14T07:45:54.502Z","businessId":"f92ebb56-d907-499e-a84d-c09180b849b6","route":"/api/workspaces","databaseRequests":12,"databaseResponseBytes":6300,"storageResponseBytes":0,"uploadBytes":0}
 POST /api/inbox/live-state 200 in 1446ms (next.js: 4ms, application-code: 1442ms)
{"event":"tenh.request_usage","at":"2026-09-14T07:46:05.824Z","businessId":"f92ebb56-d907-499e-a84d-c09180b849b6","route":"/api/inbox/live-state","databaseRequests":13,"databaseResponseBytes":289854,"storageResponseBytes":0,"uploadBytes":0}
 GET /api/invitations/pending 200 in 416ms (next.js: 6ms, application-code: 410ms)
 GET /api/system-announcements/current 200 in 687ms (next.js: 18ms, application-code: 669ms)
 GET /api/facebook/connection-attention 200 in 788ms (next.js: 13ms, application-code: 774ms)
 GET /api/team-notifications 200 in 1042ms (next.js: 12ms, application-code: 1030ms)
 GET /api/workspaces 200 in 1316ms (next.js: 4ms, application-code: 1311ms)
{"event":"tenh.request_usage","at":"2026-09-14T07:46:14.848Z","businessId":"f92ebb56-d907-499e-a84d-c09180b849b6","route":"/api/workspaces","databaseRequests":12,"databaseResponseBytes":6300,"storageResponseBytes":0,"uploadBytes":0}
 GET /api/team-chat/rooms 200 in 1914ms (next.js: 5ms, application-code: 1909ms)
{"event":"tenh.request_usage","at":"2026-09-14T07:46:15.432Z","businessId":"f92ebb56-d907-499e-a84d-c09180b849b6","route":"/api/team-chat/rooms","databaseRequests":17,"databaseResponseBytes":4502,"storageResponseBytes":0,"uploadBytes":0}
 GET /api/conversations/e7aa7b1b-4aeb-40ba-b414-19acf5e19e86/messages?limit=25&live=1789371982823 200 in 1368ms (next.js: 15ms, application-code: 1353ms)
 GET /api/workspaces 200 in 1170ms (next.js: 4ms, application-code: 1166ms)
{"event":"tenh.request_usage","at":"2026-09-14T07:46:34.696Z","businessId":"f92ebb56-d907-499e-a84d-c09180b849b6","route":"/api/workspaces","databaseRequests":12,"databaseResponseBytes":6300,"storageResponseBytes":0,"uploadBytes":0}
 POST /api/inbox/live-state 200 in 1202ms (next.js: 4ms, application-code: 1199ms)
{"event":"tenh.request_usage","at":"2026-09-14T07:46:37.046Z","businessId":"f92ebb56-d907-499e-a84d-c09180b849b6","route":"/api/inbox/live-state","databaseRequests":13,"databaseResponseBytes":289854,"storageResponseBytes":0,"uploadBytes":0}
 GET /api/system-announcements/current 200 in 650ms (next.js: 6ms, application-code: 643ms)
 GET /api/team-notifications 200 in 992ms (next.js: 3ms, application-code: 988ms)
 GET /api/team-chat/rooms 200 in 1508ms (next.js: 4ms, application-code: 1504ms)
{"event":"tenh.request_usage","at":"2026-09-14T07:46:45.040Z","businessId":"f92ebb56-d907-499e-a84d-c09180b849b6","route":"/api/team-chat/rooms","databaseRequests":17,"databaseResponseBytes":4502,"storageResponseBytes":0,"uploadBytes":0}
 GET /api/workspaces 200 in 1106ms (next.js: 4ms, application-code: 1102ms)
{"event":"tenh.request_usage","at":"2026-09-14T07:46:54.641Z","businessId":"f92ebb56-d907-499e-a84d-c09180b849b6","route":"/api/workspaces","databaseRequests":12,"databaseResponseBytes":6300,"storageResponseBytes":0,"uploadBytes":0}
 GET /api/conversations/e7aa7b1b-4aeb-40ba-b414-19acf5e19e86/messages?limit=25&live=1789372014216 200 in 905ms (next.js: 10ms, application-code: 896ms)
 POST /api/inbox/live-state 200 in 1511ms (next.js: 3ms, application-code: 1507ms)
{"event":"tenh.request_usage","at":"2026-09-14T07:47:08.572Z","businessId":"f92ebb56-d907-499e-a84d-c09180b849b6","route":"/api/inbox/live-state","databaseRequests":13,"databaseResponseBytes":289854,"storageResponseBytes":0,"uploadBytes":0}
 GET /api/invitations/pending 200 in 514ms (next.js: 30ms, application-code: 484ms)
 GET /api/facebook/connection-attention 200 in 539ms (next.js: 13ms, application-code: 526ms)
 GET /api/system-announcements/current 200 in 673ms (next.js: 23ms, application-code: 650ms)
 GET /api/team-notifications 200 in 1037ms (next.js: 20ms, application-code: 1017ms)
 GET /api/workspaces 200 in 1426ms (next.js: 8ms, application-code: 1419ms)
{"event":"tenh.request_usage","at":"2026-09-14T07:47:14.957Z","businessId":"f92ebb56-d907-499e-a84d-c09180b849b6","route":"/api/workspaces","databaseRequests":12,"databaseResponseBytes":6300,"storageResponseBytes":0,"uploadBytes":0}
 GET /api/team-chat/rooms 200 in 1671ms (next.js: 5ms, application-code: 1666ms)
{"event":"tenh.request_usage","at":"2026-09-14T07:47:15.190Z","businessId":"f92ebb56-d907-499e-a84d-c09180b849b6","route":"/api/team-chat/rooms","databaseRequests":17,"databaseResponseBytes":4502,"storageResponseBytes":0,"uploadBytes":0}
 GET /api/conversations/e7aa7b1b-4aeb-40ba-b414-19acf5e19e86/messages?limit=25&live=1789372045137 200 in 1155ms (next.js: 11ms, application-code: 1144ms)
 GET /api/workspaces 200 in 1162ms (next.js: 4ms, application-code: 1158ms)
{"event":"tenh.request_usage","at":"2026-09-14T07:47:34.692Z","businessId":"f92ebb56-d907-499e-a84d-c09180b849b6","route":"/api/workspaces","databaseRequests":12,"databaseResponseBytes":6300,"storageResponseBytes":0,"uploadBytes":0}
 POST /api/inbox/live-state 200 in 1385ms (next.js: 4ms, application-code: 1381ms)
{"event":"tenh.request_usage","at":"2026-09-14T07:47:39.980Z","businessId":"f92ebb56-d907-499e-a84d-c09180b849b6","route":"/api/inbox/live-state","databaseRequests":13,"databaseResponseBytes":289854,"storageResponseBytes":0,"uploadBytes":0}
 GET /api/system-announcements/current 200 in 461ms (next.js: 12ms, application-code: 448ms)
 GET /api/team-notifications 200 in 752ms (next.js: 5ms, application-code: 746ms)
 GET /api/team-chat/rooms 200 in 1327ms (next.js: 4ms, application-code: 1323ms)
{"event":"tenh.request_usage","at":"2026-09-14T07:47:44.856Z","businessId":"f92ebb56-d907-499e-a84d-c09180b849b6","route":"/api/team-chat/rooms","databaseRequests":17,"databaseResponseBytes":4502,"storageResponseBytes":0,"uploadBytes":0}
 GET /api/workspaces 200 in 1238ms (next.js: 4ms, application-code: 1234ms)
{"event":"tenh.request_usage","at":"2026-09-14T07:47:54.775Z","businessId":"f92ebb56-d907-499e-a84d-c09180b849b6","route":"/api/workspaces","databaseRequests":12,"databaseResponseBytes":6300,"storageResponseBytes":0,"uploadBytes":0}
 GET /api/conversations/e7aa7b1b-4aeb-40ba-b414-19acf5e19e86/messages?limit=25&live=1789372076316 200 in 910ms (next.js: 10ms, application-code: 900ms)
 POST /api/inbox/live-state 200 in 1305ms (next.js: 4ms, application-code: 1301ms)
{"event":"tenh.request_usage","at":"2026-09-14T07:48:11.300Z","businessId":"f92ebb56-d907-499e-a84d-c09180b849b6","route":"/api/inbox/live-state","databaseRequests":13,"databaseResponseBytes":289854,"storageResponseBytes":0,"uploadBytes":0}
 GET /api/invitations/pending 200 in 366ms (next.js: 29ms, application-code: 337ms)
 GET /api/system-announcements/current 200 in 458ms (next.js: 21ms, application-code: 438ms)
 GET /api/facebook/connection-attention 200 in 617ms (next.js: 42ms, application-code: 575ms)
 GET /api/team-notifications 200 in 973ms (next.js: 13ms, application-code: 960ms)
 GET /api/workspaces 200 in 1296ms (next.js: 5ms, application-code: 1291ms)
{"event":"tenh.request_usage","at":"2026-09-14T07:48:14.828Z","businessId":"f92ebb56-d907-499e-a84d-c09180b849b6","route":"/api/workspaces","databaseRequests":12,"databaseResponseBytes":6300,"storageResponseBytes":0,"uploadBytes":0}
 GET /api/team-chat/rooms 200 in 1640ms (next.js: 5ms, application-code: 1635ms)
{"event":"tenh.request_usage","at":"2026-09-14T07:48:15.155Z","businessId":"f92ebb56-d907-499e-a84d-c09180b849b6","route":"/api/team-chat/rooms","databaseRequests":17,"databaseResponseBytes":4502,"storageResponseBytes":0,"uploadBytes":0}
 GET /api/conversations/e7aa7b1b-4aeb-40ba-b414-19acf5e19e86/messages?limit=25&live=1789372107236 200 in 1268ms (next.js: 10ms, application-code: 1258ms)
 GET /api/workspaces 200 in 1142ms (next.js: 4ms, application-code: 1138ms)
{"event":"tenh.request_usage","at":"2026-09-14T07:48:34.670Z","businessId":"f92ebb56-d907-499e-a84d-c09180b849b6","route":"/api/workspaces","databaseRequests":12,"databaseResponseBytes":6300,"storageResponseBytes":0,"uploadBytes":0}
 POST /api/inbox/live-state 200 in 1452ms (next.js: 4ms, application-code: 1448ms)
{"event":"tenh.request_usage","at":"2026-09-14T07:48:42.775Z","businessId":"f92ebb56-d907-499e-a84d-c09180b849b6","route":"/api/inbox/live-state","databaseRequests":13,"databaseResponseBytes":289854,"storageResponseBytes":0,"uploadBytes":0}
 GET /api/system-announcements/current 200 in 469ms (next.js: 14ms, application-code: 455ms)
 GET /api/team-notifications 200 in 783ms (next.js: 5ms, application-code: 778ms)
 GET /api/team-chat/rooms 200 in 1369ms (next.js: 4ms, application-code: 1365ms)
{"event":"tenh.request_usage","at":"2026-09-14T07:48:44.894Z","businessId":"f92ebb56-d907-499e-a84d-c09180b849b6","route":"/api/team-chat/rooms","databaseRequests":17,"databaseResponseBytes":4502,"storageResponseBytes":0,"uploadBytes":0}
 GET /api/workspaces 200 in 1095ms (next.js: 4ms, application-code: 1091ms)
{"event":"tenh.request_usage","at":"2026-09-14T07:48:54.620Z","businessId":"f92ebb56-d907-499e-a84d-c09180b849b6","route":"/api/workspaces","databaseRequests":12,"databaseResponseBytes":6300,"storageResponseBytes":0,"uploadBytes":0}
 GET /api/conversations/e7aa7b1b-4aeb-40ba-b414-19acf5e19e86/messages?limit=25&live=1789372138518 200 in 1197ms (next.js: 10ms, application-code: 1187ms)
 GET /api/invitations/pending 200 in 465ms (next.js: 29ms, application-code: 436ms)
 GET /api/system-announcements/current 200 in 810ms (next.js: 25ms, application-code: 785ms)
 POST /api/inbox/live-state 200 in 1589ms (next.js: 4ms, application-code: 1585ms)
{"event":"tenh.request_usage","at":"2026-09-14T07:49:14.379Z","businessId":"f92ebb56-d907-499e-a84d-c09180b849b6","route":"/api/inbox/live-state","databaseRequests":13,"databaseResponseBytes":289854,"storageResponseBytes":0,"uploadBytes":0}
 GET /api/facebook/connection-attention 200 in 651ms (next.js: 4ms, application-code: 647ms)
 GET /api/team-notifications 200 in 1147ms (next.js: 15ms, application-code: 1132ms)
 GET /api/workspaces 200 in 1384ms (next.js: 14ms, application-code: 1370ms)
{"event":"tenh.request_usage","at":"2026-09-14T07:49:14.912Z","businessId":"f92ebb56-d907-499e-a84d-c09180b849b6","route":"/api/workspaces","databaseRequests":12,"databaseResponseBytes":6300,"storageResponseBytes":0,"uploadBytes":0}
 GET /api/team-chat/rooms 200 in 1672ms (next.js: 5ms, application-code: 1667ms)
{"event":"tenh.request_usage","at":"2026-09-14T07:49:15.199Z","businessId":"f92ebb56-d907-499e-a84d-c09180b849b6","route":"/api/team-chat/rooms","databaseRequests":17,"databaseResponseBytes":4502,"storageResponseBytes":0,"uploadBytes":0}
 GET /api/conversations/e7aa7b1b-4aeb-40ba-b414-19acf5e19e86/messages?limit=25&live=1789372169735 200 in 1112ms (next.js: 11ms, application-code: 1101ms)
 GET /api/workspaces 200 in 996ms (next.js: 4ms, application-code: 992ms)
{"event":"tenh.request_usage","at":"2026-09-14T07:49:34.522Z","businessId":"f92ebb56-d907-499e-a84d-c09180b849b6","route":"/api/workspaces","databaseRequests":12,"databaseResponseBytes":6300,"storageResponseBytes":0,"uploadBytes":0}
 GET /api/system-announcements/current 200 in 591ms (next.js: 13ms, application-code: 578ms)
 GET /api/team-notifications 200 in 905ms (next.js: 6ms, application-code: 899ms)
 GET /api/team-chat/rooms 200 in 1468ms (next.js: 4ms, application-code: 1463ms)
{"event":"tenh.request_usage","at":"2026-09-14T07:49:44.992Z","businessId":"f92ebb56-d907-499e-a84d-c09180b849b6","route":"/api/team-chat/rooms","databaseRequests":17,"databaseResponseBytes":4502,"storageResponseBytes":0,"uploadBytes":0}
 POST /api/inbox/live-state 200 in 1512ms (next.js: 3ms, application-code: 1508ms)
{"event":"tenh.request_usage","at":"2026-09-14T07:49:45.900Z","businessId":"f92ebb56-d907-499e-a84d-c09180b849b6","route":"/api/inbox/live-state","databaseRequests":13,"databaseResponseBytes":289854,"storageResponseBytes":0,"uploadBytes":0}
 GET /api/workspaces 200 in 1095ms (next.js: 4ms, application-code: 1091ms)
{"event":"tenh.request_usage","at":"2026-09-14T07:49:54.617Z","businessId":"f92ebb56-d907-499e-a84d-c09180b849b6","route":"/api/workspaces","databaseRequests":12,"databaseResponseBytes":6300,"storageResponseBytes":0,"uploadBytes":0}
 GET /api/conversations/e7aa7b1b-4aeb-40ba-b414-19acf5e19e86/messages?limit=25&live=1789372200865 200 in 1226ms (next.js: 10ms, application-code: 1215ms)
 GET /api/invitations/pending 200 in 555ms (next.js: 33ms, application-code: 522ms)
 GET /api/system-announcements/current 200 in 620ms (next.js: 21ms, application-code: 599ms)
 GET /api/facebook/connection-attention 200 in 661ms (next.js: 41ms, application-code: 620ms)
 GET /api/team-notifications 200 in 1047ms (next.js: 13ms, application-code: 1034ms)
 GET /api/workspaces 200 in 1223ms (next.js: 5ms, application-code: 1218ms)
{"event":"tenh.request_usage","at":"2026-09-14T07:50:14.759Z","businessId":"f92ebb56-d907-499e-a84d-c09180b849b6","route":"/api/workspaces","databaseRequests":12,"databaseResponseBytes":6300,"storageResponseBytes":0,"uploadBytes":0}
 GET /api/team-chat/rooms 200 in 1680ms (next.js: 5ms, application-code: 1676ms)
{"event":"tenh.request_usage","at":"2026-09-14T07:50:15.198Z","businessId":"f92ebb56-d907-499e-a84d-c09180b849b6","route":"/api/team-chat/rooms","databaseRequests":17,"databaseResponseBytes":4502,"storageResponseBytes":0,"uploadBytes":0}
 POST /api/inbox/live-state 200 in 1306ms (next.js: 4ms, application-code: 1302ms)
{"event":"tenh.request_usage","at":"2026-09-14T07:50:17.228Z","businessId":"f92ebb56-d907-499e-a84d-c09180b849b6","route":"/api/inbox/live-state","databaseRequests":13,"databaseResponseBytes":289854,"storageResponseBytes":0,"uploadBytes":0}
 GET /api/conversations/e7aa7b1b-4aeb-40ba-b414-19acf5e19e86/messages?limit=25&live=1789372232107 200 in 1184ms (next.js: 10ms, application-code: 1174ms)
 GET /api/workspaces 200 in 1022ms (next.js: 3ms, application-code: 1019ms)
{"event":"tenh.request_usage","at":"2026-09-14T07:50:34.541Z","businessId":"f92ebb56-d907-499e-a84d-c09180b849b6","route":"/api/workspaces","databaseRequests":12,"databaseResponseBytes":6300,"storageResponseBytes":0,"uploadBytes":0}
 GET /api/system-announcements/current 200 in 628ms (next.js: 14ms, application-code: 615ms)
 GET /api/team-notifications 200 in 1098ms (next.js: 16ms, application-code: 1082ms)
 GET /api/team-chat/rooms 200 in 1617ms (next.js: 4ms, application-code: 1613ms)
{"event":"tenh.request_usage","at":"2026-09-14T07:50:45.144Z","businessId":"f92ebb56-d907-499e-a84d-c09180b849b6","route":"/api/team-chat/rooms","databaseRequests":17,"databaseResponseBytes":4502,"storageResponseBytes":0,"uploadBytes":0}
 POST /api/inbox/live-state 200 in 1325ms (next.js: 4ms, application-code: 1322ms)
{"event":"tenh.request_usage","at":"2026-09-14T07:50:48.572Z","businessId":"f92ebb56-d907-499e-a84d-c09180b849b6","route":"/api/inbox/live-state","databaseRequests":13,"databaseResponseBytes":289854,"storageResponseBytes":0,"uploadBytes":0}
 GET /api/workspaces 200 in 1072ms (next.js: 3ms, application-code: 1069ms)
{"event":"tenh.request_usage","at":"2026-09-14T07:50:54.598Z","businessId":"f92ebb56-d907-499e-a84d-c09180b849b6","route":"/api/workspaces","databaseRequests":12,"databaseResponseBytes":6300,"storageResponseBytes":0,"uploadBytes":0}
 GET /api/conversations/e7aa7b1b-4aeb-40ba-b414-19acf5e19e86/messages?limit=25&live=1789372263305 200 in 1297ms (next.js: 10ms, application-code: 1287ms)
 GET /api/invitations/pending 200 in 476ms (next.js: 18ms, application-code: 458ms)
 GET /api/facebook/connection-attention 200 in 611ms (next.js: 8ms, application-code: 604ms)
 GET /api/system-announcements/current 200 in 683ms (next.js: 11ms, application-code: 672ms)
 GET /api/team-notifications 200 in 975ms (next.js: 13ms, application-code: 962ms)
 GET /api/workspaces 200 in 1200ms (next.js: 6ms, application-code: 1194ms)
{"event":"tenh.request_usage","at":"2026-09-14T07:51:14.734Z","businessId":"f92ebb56-d907-499e-a84d-c09180b849b6","route":"/api/workspaces","databaseRequests":12,"databaseResponseBytes":6300,"storageResponseBytes":0,"uploadBytes":0}
 GET /api/team-chat/rooms 200 in 1562ms (next.js: 5ms, application-code: 1557ms)
{"event":"tenh.request_usage","at":"2026-09-14T07:51:15.082Z","businessId":"f92ebb56-d907-499e-a84d-c09180b849b6","route":"/api/team-chat/rooms","databaseRequests":17,"databaseResponseBytes":4502,"storageResponseBytes":0,"uploadBytes":0}
 POST /api/inbox/live-state 200 in 1334ms (next.js: 4ms, application-code: 1330ms)
{"event":"tenh.request_usage","at":"2026-09-14T07:51:19.915Z","businessId":"f92ebb56-d907-499e-a84d-c09180b849b6","route":"/api/inbox/live-state","databaseRequests":13,"databaseResponseBytes":289854,"storageResponseBytes":0,"uploadBytes":0}
 GET /api/workspaces 200 in 1135ms (next.js: 4ms, application-code: 1132ms)
{"event":"tenh.request_usage","at":"2026-09-14T07:51:34.665Z","businessId":"f92ebb56-d907-499e-a84d-c09180b849b6","route":"/api/workspaces","databaseRequests":12,"databaseResponseBytes":6300,"storageResponseBytes":0,"uploadBytes":0}
 GET /api/conversations/e7aa7b1b-4aeb-40ba-b414-19acf5e19e86/messages?limit=25&live=1789372294619 200 in 956ms (next.js: 9ms, application-code: 947ms)
 GET /api/system-announcements/current 200 in 554ms (next.js: 13ms, application-code: 541ms)
 GET /api/team-notifications 200 in 931ms (next.js: 6ms, application-code: 925ms)
 GET /api/team-chat/rooms 200 in 1562ms (next.js: 4ms, application-code: 1558ms)
{"event":"tenh.request_usage","at":"2026-09-14T07:51:45.084Z","businessId":"f92ebb56-d907-499e-a84d-c09180b849b6","route":"/api/team-chat/rooms","databaseRequests":17,"databaseResponseBytes":4502,"storageResponseBytes":0,"uploadBytes":0}
 POST /api/inbox/live-state 200 in 1364ms (next.js: 4ms, application-code: 1361ms)
{"event":"tenh.request_usage","at":"2026-09-14T07:51:51.286Z","businessId":"f92ebb56-d907-499e-a84d-c09180b849b6","route":"/api/inbox/live-state","databaseRequests":13,"databaseResponseBytes":289854,"storageResponseBytes":0,"uploadBytes":0}
 GET /api/workspaces 200 in 956ms (next.js: 4ms, application-code: 953ms)
{"event":"tenh.request_usage","at":"2026-09-14T07:51:54.487Z","businessId":"f92ebb56-d907-499e-a84d-c09180b849b6","route":"/api/workspaces","databaseRequests":12,"databaseResponseBytes":6300,"storageResponseBytes":0,"uploadBytes":0}
 GET /api/conversations/e7aa7b1b-4aeb-40ba-b414-19acf5e19e86/messages?limit=25&live=1789372325588 200 in 1170ms (next.js: 9ms, application-code: 1160ms)
 GET /api/invitations/pending 200 in 469ms (next.js: 34ms, application-code: 435ms)
 GET /api/system-announcements/current 200 in 543ms (next.js: 26ms, application-code: 517ms)
 GET /api/facebook/connection-attention 200 in 719ms (next.js: 15ms, application-code: 704ms)
 GET /api/team-notifications 200 in 966ms (next.js: 24ms, application-code: 942ms)
 GET /api/workspaces 200 in 1351ms (next.js: 7ms, application-code: 1344ms)
{"event":"tenh.request_usage","at":"2026-09-14T07:52:14.881Z","businessId":"f92ebb56-d907-499e-a84d-c09180b849b6","route":"/api/workspaces","databaseRequests":12,"databaseResponseBytes":6300,"storageResponseBytes":0,"uploadBytes":0}
 GET /api/team-chat/rooms 200 in 1422ms (next.js: 4ms, application-code: 1418ms)
{"event":"tenh.request_usage","at":"2026-09-14T07:52:14.941Z","businessId":"f92ebb56-d907-499e-a84d-c09180b849b6","route":"/api/team-chat/rooms","databaseRequests":17,"databaseResponseBytes":4502,"storageResponseBytes":0,"uploadBytes":0}
 POST /api/inbox/live-state 200 in 1337ms (next.js: 4ms, application-code: 1334ms)
{"event":"tenh.request_usage","at":"2026-09-14T07:52:22.653Z","businessId":"f92ebb56-d907-499e-a84d-c09180b849b6","route":"/api/inbox/live-state","databaseRequests":13,"databaseResponseBytes":289854,"storageResponseBytes":0,"uploadBytes":0}
 GET /api/workspaces 200 in 1139ms (next.js: 4ms, application-code: 1135ms)
{"event":"tenh.request_usage","at":"2026-09-14T07:52:34.669Z","businessId":"f92ebb56-d907-499e-a84d-c09180b849b6","route":"/api/workspaces","databaseRequests":12,"databaseResponseBytes":6300,"storageResponseBytes":0,"uploadBytes":0}
 GET /api/conversations/e7aa7b1b-4aeb-40ba-b414-19acf5e19e86/messages?limit=25&live=1789372356770 200 in 968ms (next.js: 10ms, application-code: 958ms)
 GET /api/system-announcements/current 200 in 604ms (next.js: 12ms, application-code: 593ms)
 GET /api/team-notifications 200 in 895ms (next.js: 6ms, application-code: 889ms)
 GET /api/team-chat/rooms 200 in 1872ms (next.js: 4ms, application-code: 1868ms)
{"event":"tenh.request_usage","at":"2026-09-14T07:52:45.400Z","businessId":"f92ebb56-d907-499e-a84d-c09180b849b6","route":"/api/team-chat/rooms","databaseRequests":17,"databaseResponseBytes":4502,"storageResponseBytes":0,"uploadBytes":0}
 POST /api/inbox/live-state 200 in 1481ms (next.js: 3ms, application-code: 1478ms)
{"event":"tenh.request_usage","at":"2026-09-14T07:52:54.158Z","businessId":"f92ebb56-d907-499e-a84d-c09180b849b6","route":"/api/inbox/live-state","databaseRequests":13,"databaseResponseBytes":289854,"storageResponseBytes":0,"uploadBytes":0}
 GET /api/workspaces 200 in 1130ms (next.js: 4ms, application-code: 1126ms)
{"event":"tenh.request_usage","at":"2026-09-14T07:52:54.666Z","businessId":"f92ebb56-d907-499e-a84d-c09180b849b6","route":"/api/workspaces","databaseRequests":12,"databaseResponseBytes":6300,"storageResponseBytes":0,"uploadBytes":0}
 GET /api/conversations/e7aa7b1b-4aeb-40ba-b414-19acf5e19e86/messages?limit=25&live=1789372387752 200 in 1158ms (next.js: 10ms, application-code: 1148ms)
 GET /api/invitations/pending 200 in 507ms (next.js: 21ms, application-code: 487ms)
 GET /api/system-announcements/current 200 in 662ms (next.js: 11ms, application-code: 651ms)
 GET /api/facebook/connection-attention 200 in 677ms (next.js: 28ms, application-code: 650ms)
 GET /api/team-notifications 200 in 1033ms (next.js: 5ms, application-code: 1029ms)
 GET /api/workspaces 200 in 1179ms (next.js: 6ms, application-code: 1173ms)
{"event":"tenh.request_usage","at":"2026-09-14T07:53:14.719Z","businessId":"f92ebb56-d907-499e-a84d-c09180b849b6","route":"/api/workspaces","databaseRequests":12,"databaseResponseBytes":6300,"storageResponseBytes":0,"uploadBytes":0}
 GET /api/team-chat/rooms 200 in 1593ms (next.js: 4ms, application-code: 1589ms)
{"event":"tenh.request_usage","at":"2026-09-14T07:53:15.122Z","businessId":"f92ebb56-d907-499e-a84d-c09180b849b6","route":"/api/team-chat/rooms","databaseRequests":17,"databaseResponseBytes":4502,"storageResponseBytes":0,"uploadBytes":0}
 POST /api/inbox/live-state 200 in 1336ms (next.js: 3ms, application-code: 1333ms)
{"event":"tenh.request_usage","at":"2026-09-14T07:53:25.522Z","businessId":"f92ebb56-d907-499e-a84d-c09180b849b6","route":"/api/inbox/live-state","databaseRequests":13,"databaseResponseBytes":289854,"storageResponseBytes":0,"uploadBytes":0}
 GET /api/workspaces 200 in 1116ms (next.js: 3ms, application-code: 1113ms)
{"event":"tenh.request_usage","at":"2026-09-14T07:53:34.638Z","businessId":"f92ebb56-d907-499e-a84d-c09180b849b6","route":"/api/workspaces","databaseRequests":12,"databaseResponseBytes":6300,"storageResponseBytes":0,"uploadBytes":0}
 GET /api/conversations/e7aa7b1b-4aeb-40ba-b414-19acf5e19e86/messages?limit=25&live=1789372418918 200 in 1140ms (next.js: 11ms, application-code: 1130ms)
 GET /api/system-announcements/current 200 in 566ms (next.js: 11ms, application-code: 555ms)
 GET /api/team-notifications 200 in 791ms (next.js: 4ms, application-code: 787ms)
 GET /api/team-chat/rooms 200 in 1386ms (next.js: 4ms, application-code: 1382ms)
{"event":"tenh.request_usage","at":"2026-09-14T07:53:44.917Z","businessId":"f92ebb56-d907-499e-a84d-c09180b849b6","route":"/api/team-chat/rooms","databaseRequests":17,"databaseResponseBytes":4502,"storageResponseBytes":0,"uploadBytes":0}
 GET /api/workspaces 200 in 1468ms (next.js: 3ms, application-code: 1464ms)
{"event":"tenh.request_usage","at":"2026-09-14T07:53:54.998Z","businessId":"f92ebb56-d907-499e-a84d-c09180b849b6","route":"/api/workspaces","databaseRequests":12,"databaseResponseBytes":6300,"storageResponseBytes":0,"uploadBytes":0}
 POST /api/inbox/live-state 200 in 1387ms (next.js: 4ms, application-code: 1383ms)
{"event":"tenh.request_usage","at":"2026-09-14T07:53:56.916Z","businessId":"f92ebb56-d907-499e-a84d-c09180b849b6","route":"/api/inbox/live-state","databaseRequests":13,"databaseResponseBytes":289854,"storageResponseBytes":0,"uploadBytes":0}
 GET /api/conversations/e7aa7b1b-4aeb-40ba-b414-19acf5e19e86/messages?limit=25&live=1789372450066 200 in 1611ms (next.js: 9ms, application-code: 1601ms)
 GET /api/invitations/pending 200 in 497ms (next.js: 16ms, application-code: 481ms)
 GET /api/facebook/connection-attention 200 in 581ms (next.js: 9ms, application-code: 572ms)
 GET /api/system-announcements/current 200 in 845ms (next.js: 7ms, application-code: 838ms)
 GET /api/workspaces 200 in 1144ms (next.js: 4ms, application-code: 1140ms)
{"event":"tenh.request_usage","at":"2026-09-14T07:54:14.678Z","businessId":"f92ebb56-d907-499e-a84d-c09180b849b6","route":"/api/workspaces","databaseRequests":12,"databaseResponseBytes":6300,"storageResponseBytes":0,"uploadBytes":0}
 GET /api/team-notifications 200 in 1171ms (next.js: 12ms, application-code: 1159ms)
 GET /api/team-chat/rooms 200 in 1585ms (next.js: 5ms, application-code: 1580ms)
{"event":"tenh.request_usage","at":"2026-09-14T07:54:15.104Z","businessId":"f92ebb56-d907-499e-a84d-c09180b849b6","route":"/api/team-chat/rooms","databaseRequests":17,"databaseResponseBytes":4502,"storageResponseBytes":0,"uploadBytes":0}
 POST /api/inbox/live-state 200 in 1361ms (next.js: 4ms, application-code: 1357ms)
{"event":"tenh.request_usage","at":"2026-09-14T07:54:28.299Z","businessId":"f92ebb56-d907-499e-a84d-c09180b849b6","route":"/api/inbox/live-state","databaseRequests":13,"databaseResponseBytes":289854,"storageResponseBytes":0,"uploadBytes":0}
 GET /api/workspaces 200 in 1147ms (next.js: 4ms, application-code: 1144ms)
{"event":"tenh.request_usage","at":"2026-09-14T07:54:34.667Z","businessId":"f92ebb56-d907-499e-a84d-c09180b849b6","route":"/api/workspaces","databaseRequests":12,"databaseResponseBytes":6300,"storageResponseBytes":0,"uploadBytes":0}
 GET /api/conversations/e7aa7b1b-4aeb-40ba-b414-19acf5e19e86/messages?limit=25&live=1789372481697 200 in 1140ms (next.js: 10ms, application-code: 1130ms)
 GET /api/system-announcements/current 200 in 523ms (next.js: 12ms, application-code: 512ms)
 GET /api/team-notifications 200 in 771ms (next.js: 5ms, application-code: 766ms)
 GET /api/team-chat/rooms 200 in 1477ms (next.js: 4ms, application-code: 1473ms)
{"event":"tenh.request_usage","at":"2026-09-14T07:54:45.007Z","businessId":"f92ebb56-d907-499e-a84d-c09180b849b6","route":"/api/team-chat/rooms","databaseRequests":17,"databaseResponseBytes":4502,"storageResponseBytes":0,"uploadBytes":0}
 GET /api/workspaces 200 in 1148ms (next.js: 4ms, application-code: 1144ms)
{"event":"tenh.request_usage","at":"2026-09-14T07:54:54.667Z","businessId":"f92ebb56-d907-499e-a84d-c09180b849b6","route":"/api/workspaces","databaseRequests":12,"databaseResponseBytes":6300,"storageResponseBytes":0,"uploadBytes":0}
 POST /api/inbox/live-state 200 in 1277ms (next.js: 4ms, application-code: 1273ms)
{"event":"tenh.request_usage","at":"2026-09-14T07:54:59.599Z","businessId":"f92ebb56-d907-499e-a84d-c09180b849b6","route":"/api/inbox/live-state","databaseRequests":13,"databaseResponseBytes":289854,"storageResponseBytes":0,"uploadBytes":0}
 GET /api/invitations/pending 200 in 502ms (next.js: 24ms, application-code: 478ms)
 GET /api/conversations/e7aa7b1b-4aeb-40ba-b414-19acf5e19e86/messages?limit=25&live=1789372512852 200 in 1284ms (next.js: 14ms, application-code: 1270ms)
 GET /api/system-announcements/current 200 in 620ms (next.js: 39ms, application-code: 582ms)
 GET /api/team-notifications 200 in 866ms (next.js: 37ms, application-code: 829ms)
 GET /api/facebook/connection-attention 200 in 464ms (next.js: 3ms, application-code: 461ms)
 GET /api/workspaces 200 in 1285ms (next.js: 23ms, application-code: 1262ms)
{"event":"tenh.request_usage","at":"2026-09-14T07:55:14.824Z","businessId":"f92ebb56-d907-499e-a84d-c09180b849b6","route":"/api/workspaces","databaseRequests":12,"databaseResponseBytes":6300,"storageResponseBytes":0,"uploadBytes":0}
 GET /api/team-chat/rooms 200 in 1785ms (next.js: 13ms, application-code: 1772ms)
{"event":"tenh.request_usage","at":"2026-09-14T07:55:15.318Z","businessId":"f92ebb56-d907-499e-a84d-c09180b849b6","route":"/api/team-chat/rooms","databaseRequests":17,"databaseResponseBytes":4502,"storageResponseBytes":0,"uploadBytes":0}
 GET /api/facebook/connection-attention 200 in 820ms (next.js: 50ms, application-code: 770ms)
 GET /api/workspaces 200 in 1615ms (next.js: 14ms, application-code: 1601ms)
{"event":"tenh.request_usage","at":"2026-09-14T07:55:22.571Z","businessId":"f92ebb56-d907-499e-a84d-c09180b849b6","route":"/api/workspaces","databaseRequests":12,"databaseResponseBytes":6300,"storageResponseBytes":0,"uploadBytes":0}
 GET /api/conversations/e7aa7b1b-4aeb-40ba-b414-19acf5e19e86/messages?limit=25&live=1789372520906 200 in 1537ms (next.js: 18ms, application-code: 1519ms)
 GET /api/conversations/e7aa7b1b-4aeb-40ba-b414-19acf5e19e86/facebook-block 200 in 1520ms (next.js: 42ms, application-code: 1478ms)
 POST /api/inbox/live-state 200 in 1800ms (next.js: 64ms, application-code: 1736ms)
{"event":"tenh.request_usage","at":"2026-09-14T07:55:22.759Z","businessId":"f92ebb56-d907-499e-a84d-c09180b849b6","route":"/api/inbox/live-state","databaseRequests":13,"databaseResponseBytes":289854,"storageResponseBytes":0,"uploadBytes":0}
 GET /api/team-chat/rooms 200 in 1877ms (next.js: 8ms, application-code: 1869ms)
{"event":"tenh.request_usage","at":"2026-09-14T07:55:22.793Z","businessId":"f92ebb56-d907-499e-a84d-c09180b849b6","route":"/api/team-chat/rooms","databaseRequests":17,"databaseResponseBytes":4502,"storageResponseBytes":0,"uploadBytes":0}
 GET /api/conversations/e7aa7b1b-4aeb-40ba-b414-19acf5e19e86/message-pins 200 in 1155ms (next.js: 16ms, application-code: 1139ms)
 GET /api/workspaces 200 in 3.7s (next.js: 4ms, application-code: 3.7s)
{"event":"tenh.request_usage","at":"2026-09-14T07:55:37.818Z","businessId":"f92ebb56-d907-499e-a84d-c09180b849b6","route":"/api/workspaces","databaseRequests":12,"databaseResponseBytes":6300,"storageResponseBytes":0,"uploadBytes":0}
 GET /api/system-announcements/current 200 in 596ms (next.js: 14ms, application-code: 582ms)
 GET /api/team-notifications 200 in 1157ms (next.js: 8ms, application-code: 1148ms)
 GET /api/team-chat/rooms 200 in 1631ms (next.js: 5ms, application-code: 1627ms)
{"event":"tenh.request_usage","at":"2026-09-14T07:55:45.753Z","businessId":"f92ebb56-d907-499e-a84d-c09180b849b6","route":"/api/team-chat/rooms","databaseRequests":17,"databaseResponseBytes":4502,"storageResponseBytes":0,"uploadBytes":0}
 GET /api/conversations/e7aa7b1b-4aeb-40ba-b414-19acf5e19e86/messages?limit=25&live=1789372545114 200 in 1345ms (next.js: 14ms, application-code: 1331ms)
 GET /api/workspaces 200 in 1119ms (next.js: 4ms, application-code: 1115ms)
{"event":"tenh.request_usage","at":"2026-09-14T07:55:55.247Z","businessId":"f92ebb56-d907-499e-a84d-c09180b849b6","route":"/api/workspaces","databaseRequests":12,"databaseResponseBytes":6300,"storageResponseBytes":0,"uploadBytes":0}
 GET /api/invitations/pending 200 in 520ms (next.js: 23ms, application-code: 497ms)
 GET /api/system-announcements/current 200 in 567ms (next.js: 14ms, application-code: 553ms)
 GET /api/facebook/connection-attention 200 in 618ms (next.js: 15ms, application-code: 603ms)
 GET /api/team-notifications 200 in 1012ms (next.js: 29ms, application-code: 983ms)
 GET /api/workspaces 200 in 1247ms (next.js: 6ms, application-code: 1241ms)
{"event":"tenh.request_usage","at":"2026-09-14T07:56:15.385Z","businessId":"f92ebb56-d907-499e-a84d-c09180b849b6","route":"/api/workspaces","databaseRequests":12,"databaseResponseBytes":6300,"storageResponseBytes":0,"uploadBytes":0}
 GET /api/team-chat/rooms 200 in 1492ms (next.js: 5ms, application-code: 1487ms)
{"event":"tenh.request_usage","at":"2026-09-14T07:56:15.611Z","businessId":"f92ebb56-d907-499e-a84d-c09180b849b6","route":"/api/team-chat/rooms","databaseRequests":17,"databaseResponseBytes":4502,"storageResponseBytes":0,"uploadBytes":0}
 GET /api/conversations/e7aa7b1b-4aeb-40ba-b414-19acf5e19e86/messages?limit=25&live=1789372577112 200 in 1179ms (next.js: 16ms, application-code: 1163ms)
 GET /api/conversations/e7aa7b1b-4aeb-40ba-b414-19acf5e19e86/messages?limit=25&live=1789372609123 200 in 1681ms (next.js: 11ms, application-code: 1670ms)
 GET /api/system-announcements/current 200 in 771ms (next.js: 9ms, application-code: 762ms)
 GET /api/team-notifications 200 in 1260ms (next.js: 26ms, application-code: 1234ms)
 GET /api/workspaces 200 in 1519ms (next.js: 13ms, application-code: 1506ms)
{"event":"tenh.request_usage","at":"2026-09-14T07:57:14.654Z","businessId":"f92ebb56-d907-499e-a84d-c09180b849b6","route":"/api/workspaces","databaseRequests":12,"databaseResponseBytes":6300,"storageResponseBytes":0,"uploadBytes":0}
 GET /api/team-chat/rooms 200 in 1866ms (next.js: 9ms, application-code: 1857ms)
{"event":"tenh.request_usage","at":"2026-09-14T07:57:15.040Z","businessId":"f92ebb56-d907-499e-a84d-c09180b849b6","route":"/api/team-chat/rooms","databaseRequests":17,"databaseResponseBytes":4502,"storageResponseBytes":0,"uploadBytes":0}
 GET /api/conversations/e7aa7b1b-4aeb-40ba-b414-19acf5e19e86/messages?limit=25&live=1789372641116 200 in 1203ms (next.js: 11ms, application-code: 1193ms)
 GET /api/conversations/e7aa7b1b-4aeb-40ba-b414-19acf5e19e86/messages?limit=25&live=1789372673113 200 in 1517ms (next.js: 10ms, application-code: 1507ms)
 GET /api/system-announcements/current 200 in 676ms (next.js: 36ms, application-code: 640ms)
 GET /api/invitations/pending 200 in 732ms (next.js: 5ms, application-code: 727ms)
 GET /api/facebook/connection-attention 200 in 920ms (next.js: 18ms, application-code: 903ms)
 GET /api/team-notifications 200 in 996ms (next.js: 24ms, application-code: 972ms)
 GET /api/workspaces 200 in 1285ms (next.js: 7ms, application-code: 1278ms)
{"event":"tenh.request_usage","at":"2026-09-14T07:58:14.447Z","businessId":"f92ebb56-d907-499e-a84d-c09180b849b6","route":"/api/workspaces","databaseRequests":12,"databaseResponseBytes":6300,"storageResponseBytes":0,"uploadBytes":0}
 GET /api/team-chat/rooms 200 in 1630ms (next.js: 15ms, application-code: 1616ms)
{"event":"tenh.request_usage","at":"2026-09-14T07:58:14.793Z","businessId":"f92ebb56-d907-499e-a84d-c09180b849b6","route":"/api/team-chat/rooms","databaseRequests":17,"databaseResponseBytes":4502,"storageResponseBytes":0,"uploadBytes":0}
 GET /api/conversations/e7aa7b1b-4aeb-40ba-b414-19acf5e19e86/messages?limit=25&live=1789372705116 200 in 1382ms (next.js: 18ms, application-code: 1364ms)
 GET /api/conversations/e7aa7b1b-4aeb-40ba-b414-19acf5e19e86/messages?limit=25&live=1789372737114 200 in 1525ms (next.js: 11ms, application-code: 1515ms)
 GET /api/system-announcements/current 200 in 674ms (next.js: 10ms, application-code: 664ms)
 GET /api/team-notifications 200 in 1030ms (next.js: 54ms, application-code: 976ms)
 GET /api/workspaces 200 in 1333ms (next.js: 10ms, application-code: 1323ms)
{"event":"tenh.request_usage","at":"2026-09-14T07:59:14.462Z","businessId":"f92ebb56-d907-499e-a84d-c09180b849b6","route":"/api/workspaces","databaseRequests":12,"databaseResponseBytes":6300,"storageResponseBytes":0,"uploadBytes":0}
 GET /api/team-chat/rooms 200 in 1698ms (next.js: 29ms, application-code: 1669ms)
{"event":"tenh.request_usage","at":"2026-09-14T07:59:14.863Z","businessId":"f92ebb56-d907-499e-a84d-c09180b849b6","route":"/api/team-chat/rooms","databaseRequests":17,"databaseResponseBytes":4502,"storageResponseBytes":0,"uploadBytes":0}
 GET /api/conversations/e7aa7b1b-4aeb-40ba-b414-19acf5e19e86/messages?limit=25&live=1789372769117 200 in 1162ms (next.js: 13ms, application-code: 1149ms)
 GET /api/conversations/e7aa7b1b-4aeb-40ba-b414-19acf5e19e86/messages?limit=25&live=1789372801121 200 in 1892ms (next.js: 16ms, application-code: 1875ms)
 GET /api/invitations/pending 200 in 440ms (next.js: 8ms, application-code: 432ms)
 GET /api/system-announcements/current 200 in 726ms (next.js: 47ms, application-code: 679ms)
 GET /api/facebook/connection-attention 200 in 746ms (next.js: 7ms, application-code: 739ms)
 GET /api/team-notifications 200 in 1091ms (next.js: 36ms, application-code: 1055ms)
 GET /api/workspaces 200 in 1326ms (next.js: 17ms, application-code: 1309ms)
{"event":"tenh.request_usage","at":"2026-09-14T08:00:14.484Z","businessId":"f92ebb56-d907-499e-a84d-c09180b849b6","route":"/api/workspaces","databaseRequests":12,"databaseResponseBytes":6300,"storageResponseBytes":0,"uploadBytes":0}
 GET /api/team-chat/rooms 200 in 1719ms (next.js: 27ms, application-code: 1691ms)
{"event":"tenh.request_usage","at":"2026-09-14T08:00:14.878Z","businessId":"f92ebb56-d907-499e-a84d-c09180b849b6","route":"/api/team-chat/rooms","databaseRequests":17,"databaseResponseBytes":4502,"storageResponseBytes":0,"uploadBytes":0}
 GET /api/conversations/e7aa7b1b-4aeb-40ba-b414-19acf5e19e86/messages?limit=25&live=1789372833118 200 in 1403ms (next.js: 23ms, application-code: 1380ms)
 GET /api/conversations/e7aa7b1b-4aeb-40ba-b414-19acf5e19e86/messages?limit=25&live=1789372865115 200 in 1811ms (next.js: 9ms, application-code: 1802ms)
 GET /api/system-announcements/current 200 in 723ms (next.js: 72ms, application-code: 651ms)
 GET /api/team-notifications 200 in 1164ms (next.js: 37ms, application-code: 1127ms)
 GET /api/workspaces 200 in 1383ms (next.js: 10ms, application-code: 1373ms)
{"event":"tenh.request_usage","at":"2026-09-14T08:01:14.510Z","businessId":"f92ebb56-d907-499e-a84d-c09180b849b6","route":"/api/workspaces","databaseRequests":12,"databaseResponseBytes":6300,"storageResponseBytes":0,"uploadBytes":0}
 GET /api/team-chat/rooms 200 in 1652ms (next.js: 16ms, application-code: 1635ms)
{"event":"tenh.request_usage","at":"2026-09-14T08:01:14.824Z","businessId":"f92ebb56-d907-499e-a84d-c09180b849b6","route":"/api/team-chat/rooms","databaseRequests":17,"databaseResponseBytes":4502,"storageResponseBytes":0,"uploadBytes":0}
 GET /api/conversations/e7aa7b1b-4aeb-40ba-b414-19acf5e19e86/messages?limit=25&live=1789372897119 200 in 1667ms (next.js: 18ms, application-code: 1649ms)
 GET /api/conversations/e7aa7b1b-4aeb-40ba-b414-19acf5e19e86/messages?limit=25&live=1789372929117 200 in 1508ms (next.js: 12ms, application-code: 1496ms)
 GET /api/invitations/pending 200 in 361ms (next.js: 6ms, application-code: 355ms)
 GET /api/facebook/connection-attention 200 in 585ms (next.js: 8ms, application-code: 577ms)
 GET /api/system-announcements/current 200 in 636ms (next.js: 32ms, application-code: 603ms)
 GET /api/team-notifications 200 in 1170ms (next.js: 23ms, application-code: 1147ms)
 GET /api/workspaces 200 in 1343ms (next.js: 5ms, application-code: 1338ms)
{"event":"tenh.request_usage","at":"2026-09-14T08:02:14.493Z","businessId":"f92ebb56-d907-499e-a84d-c09180b849b6","route":"/api/workspaces","databaseRequests":12,"databaseResponseBytes":6300,"storageResponseBytes":0,"uploadBytes":0}
 GET /api/team-chat/rooms 200 in 1730ms (next.js: 14ms, application-code: 1716ms)
{"event":"tenh.request_usage","at":"2026-09-14T08:02:14.881Z","businessId":"f92ebb56-d907-499e-a84d-c09180b849b6","route":"/api/team-chat/rooms","databaseRequests":17,"databaseResponseBytes":4502,"storageResponseBytes":0,"uploadBytes":0}
 GET /api/conversations/e7aa7b1b-4aeb-40ba-b414-19acf5e19e86/messages?limit=25&live=1789372961125 200 in 1219ms (next.js: 12ms, application-code: 1207ms)
 GET /api/system-announcements/current 200 in 1165ms (next.js: 20ms, application-code: 1145ms)
 GET /api/team-notifications 200 in 1527ms (next.js: 14ms, application-code: 1513ms)
 GET /api/conversations/e7aa7b1b-4aeb-40ba-b414-19acf5e19e86/messages?limit=25&live=1789372993115 200 in 1906ms (next.js: 10ms, application-code: 1895ms)
 GET /api/workspaces 200 in 1989ms (next.js: 5ms, application-code: 1985ms)
{"event":"tenh.request_usage","at":"2026-09-14T08:03:15.108Z","businessId":"f92ebb56-d907-499e-a84d-c09180b849b6","route":"/api/workspaces","databaseRequests":12,"databaseResponseBytes":6300,"storageResponseBytes":0,"uploadBytes":0}
 GET /api/team-chat/rooms 200 in 2.5s (next.js: 4ms, application-code: 2.5s)
{"event":"tenh.request_usage","at":"2026-09-14T08:03:15.620Z","businessId":"f92ebb56-d907-499e-a84d-c09180b849b6","route":"/api/team-chat/rooms","databaseRequests":17,"databaseResponseBytes":4502,"storageResponseBytes":0,"uploadBytes":0}
 GET /api/conversations/e7aa7b1b-4aeb-40ba-b414-19acf5e19e86/messages?limit=25&live=1789373025119 200 in 1338ms (next.js: 10ms, application-code: 1328ms)
 GET /api/invitations/pending 200 in 2.8s (next.js: 9ms, application-code: 2.8s)
 GET /api/system-announcements/current 200 in 2.9s (next.js: 52ms, application-code: 2.9s)
 GET /api/facebook/connection-attention 200 in 3.2s (next.js: 24ms, application-code: 3.1s)
 GET /api/team-notifications 200 in 3.4s (next.js: 36ms, application-code: 3.4s)
 GET /api/workspaces 200 in 3.7s (next.js: 25ms, application-code: 3.6s)
{"event":"tenh.request_usage","at":"2026-09-14T08:04:16.819Z","businessId":"f92ebb56-d907-499e-a84d-c09180b849b6","route":"/api/workspaces","databaseRequests":12,"databaseResponseBytes":6300,"storageResponseBytes":0,"uploadBytes":0}
 GET /api/team-chat/rooms 200 in 4.0s (next.js: 26ms, application-code: 4.0s)
{"event":"tenh.request_usage","at":"2026-09-14T08:04:17.207Z","businessId":"f92ebb56-d907-499e-a84d-c09180b849b6","route":"/api/team-chat/rooms","databaseRequests":17,"databaseResponseBytes":4502,"storageResponseBytes":0,"uploadBytes":0}
 GET /api/conversations/e7aa7b1b-4aeb-40ba-b414-19acf5e19e86/messages?limit=25&live=1789373057115 200 in 1218ms (next.js: 13ms, application-code: 1206ms)
 GET /api/conversations/e7aa7b1b-4aeb-40ba-b414-19acf5e19e86/messages?limit=25&live=1789373089117 200 in 1465ms (next.js: 10ms, application-code: 1456ms)
 GET /api/system-announcements/current 200 in 683ms (next.js: 30ms, application-code: 654ms)
 GET /api/team-notifications 200 in 1080ms (next.js: 18ms, application-code: 1062ms)
 GET /api/workspaces 200 in 1374ms (next.js: 5ms, application-code: 1368ms)
{"event":"tenh.request_usage","at":"2026-09-14T08:05:14.500Z","businessId":"f92ebb56-d907-499e-a84d-c09180b849b6","route":"/api/workspaces","databaseRequests":12,"databaseResponseBytes":6300,"storageResponseBytes":0,"uploadBytes":0}
 GET /api/team-chat/rooms 200 in 1753ms (next.js: 10ms, application-code: 1743ms)
{"event":"tenh.request_usage","at":"2026-09-14T08:05:14.899Z","businessId":"f92ebb56-d907-499e-a84d-c09180b849b6","route":"/api/team-chat/rooms","databaseRequests":17,"databaseResponseBytes":4502,"storageResponseBytes":0,"uploadBytes":0}
 GET /api/conversations/e7aa7b1b-4aeb-40ba-b414-19acf5e19e86/messages?limit=25&live=1789373121119 200 in 1178ms (next.js: 9ms, application-code: 1169ms)
 GET /api/conversations/e7aa7b1b-4aeb-40ba-b414-19acf5e19e86/messages?limit=25&live=1789373153117 200 in 1439ms (next.js: 9ms, application-code: 1430ms)
 GET /api/invitations/pending 200 in 524ms (next.js: 5ms, application-code: 519ms)
 GET /api/system-announcements/current 200 in 622ms (next.js: 23ms, application-code: 599ms)
 GET /api/facebook/connection-attention 200 in 712ms (next.js: 18ms, application-code: 695ms)
 GET /api/team-notifications 200 in 1256ms (next.js: 15ms, application-code: 1241ms)
 GET /api/workspaces 200 in 1285ms (next.js: 13ms, application-code: 1272ms)
{"event":"tenh.request_usage","at":"2026-09-14T08:06:14.432Z","businessId":"f92ebb56-d907-499e-a84d-c09180b849b6","route":"/api/workspaces","databaseRequests":12,"databaseResponseBytes":6300,"storageResponseBytes":0,"uploadBytes":0}
 GET /api/team-chat/rooms 200 in 1636ms (next.js: 27ms, application-code: 1609ms)
{"event":"tenh.request_usage","at":"2026-09-14T08:06:14.802Z","businessId":"f92ebb56-d907-499e-a84d-c09180b849b6","route":"/api/team-chat/rooms","databaseRequests":17,"databaseResponseBytes":4502,"storageResponseBytes":0,"uploadBytes":0}
 GET /api/conversations/e7aa7b1b-4aeb-40ba-b414-19acf5e19e86/messages?limit=25&live=1789373185118 200 in 1173ms (next.js: 10ms, application-code: 1163ms)
 GET /api/conversations/e7aa7b1b-4aeb-40ba-b414-19acf5e19e86/messages?limit=25&live=1789373217124 200 in 1490ms (next.js: 10ms, application-code: 1480ms)
 GET /api/system-announcements/current 200 in 578ms (next.js: 29ms, application-code: 549ms)
 GET /api/team-notifications 200 in 929ms (next.js: 22ms, application-code: 907ms)
 GET /api/workspaces 200 in 1542ms (next.js: 6ms, application-code: 1536ms)
{"event":"tenh.request_usage","at":"2026-09-14T08:07:14.677Z","businessId":"f92ebb56-d907-499e-a84d-c09180b849b6","route":"/api/workspaces","databaseRequests":12,"databaseResponseBytes":6300,"storageResponseBytes":0,"uploadBytes":0}
 GET /api/team-chat/rooms 200 in 2000ms (next.js: 20ms, application-code: 1980ms)
{"event":"tenh.request_usage","at":"2026-09-14T08:07:15.135Z","businessId":"f92ebb56-d907-499e-a84d-c09180b849b6","route":"/api/team-chat/rooms","databaseRequests":17,"databaseResponseBytes":4502,"storageResponseBytes":0,"uploadBytes":0}
 GET /api/conversations/e7aa7b1b-4aeb-40ba-b414-19acf5e19e86/messages?limit=25&live=1789373249124 200 in 1187ms (next.js: 9ms, application-code: 1178ms)
 GET /api/conversations/e7aa7b1b-4aeb-40ba-b414-19acf5e19e86/messages?limit=25&live=1789373281120 200 in 1608ms (next.js: 12ms, application-code: 1595ms)
 GET /api/invitations/pending 200 in 1171ms (next.js: 5ms, application-code: 1166ms)
 GET /api/system-announcements/current 200 in 1239ms (next.js: 61ms, application-code: 1178ms)
 GET /api/facebook/connection-attention 200 in 1370ms (next.js: 7ms, application-code: 1363ms)
 GET /api/team-notifications 200 in 1712ms (next.js: 50ms, application-code: 1661ms)
 GET /api/workspaces 200 in 1900ms (next.js: 18ms, application-code: 1882ms)
{"event":"tenh.request_usage","at":"2026-09-14T08:08:15.058Z","businessId":"f92ebb56-d907-499e-a84d-c09180b849b6","route":"/api/workspaces","databaseRequests":12,"databaseResponseBytes":6300,"storageResponseBytes":0,"uploadBytes":0}
 GET /api/team-chat/rooms 200 in 2.1s (next.js: 31ms, application-code: 2.1s)
{"event":"tenh.request_usage","at":"2026-09-14T08:08:15.299Z","businessId":"f92ebb56-d907-499e-a84d-c09180b849b6","route":"/api/team-chat/rooms","databaseRequests":17,"databaseResponseBytes":4502,"storageResponseBytes":0,"uploadBytes":0}
 GET /api/conversations/e7aa7b1b-4aeb-40ba-b414-19acf5e19e86/messages?limit=25&live=1789373313118 200 in 1166ms (next.js: 11ms, application-code: 1154ms)
 GET /api/conversations/e7aa7b1b-4aeb-40ba-b414-19acf5e19e86/messages?limit=25&live=1789373345122 200 in 1865ms (next.js: 13ms, application-code: 1852ms)
 GET /api/system-announcements/current 200 in 597ms (next.js: 21ms, application-code: 576ms)
 GET /api/team-notifications 200 in 1133ms (next.js: 10ms, application-code: 1123ms)
 GET /api/workspaces 200 in 1257ms (next.js: 7ms, application-code: 1250ms)
{"event":"tenh.request_usage","at":"2026-09-14T08:09:14.380Z","businessId":"f92ebb56-d907-499e-a84d-c09180b849b6","route":"/api/workspaces","databaseRequests":12,"databaseResponseBytes":6300,"storageResponseBytes":0,"uploadBytes":0}
 GET /api/team-chat/rooms 200 in 1610ms (next.js: 8ms, application-code: 1602ms)
{"event":"tenh.request_usage","at":"2026-09-14T08:09:14.751Z","businessId":"f92ebb56-d907-499e-a84d-c09180b849b6","route":"/api/team-chat/rooms","databaseRequests":17,"databaseResponseBytes":4502,"storageResponseBytes":0,"uploadBytes":0}
 GET /api/conversations/e7aa7b1b-4aeb-40ba-b414-19acf5e19e86/messages?limit=25&live=1789373377120 200 in 1200ms (next.js: 12ms, application-code: 1189ms)
 GET /api/conversations/e7aa7b1b-4aeb-40ba-b414-19acf5e19e86/messages?limit=25&live=1789373409113 200 in 1398ms (next.js: 10ms, application-code: 1388ms)
 GET /api/invitations/pending 200 in 302ms (next.js: 5ms, application-code: 297ms)
 GET /api/facebook/connection-attention 200 in 485ms (next.js: 7ms, application-code: 477ms)
 GET /api/system-announcements/current 200 in 685ms (next.js: 27ms, application-code: 658ms)
 GET /api/team-notifications 200 in 960ms (next.js: 13ms, application-code: 947ms)
 GET /api/workspaces 200 in 1108ms (next.js: 13ms, application-code: 1094ms)
{"event":"tenh.request_usage","at":"2026-09-14T08:10:14.255Z","businessId":"f92ebb56-d907-499e-a84d-c09180b849b6","route":"/api/workspaces","databaseRequests":12,"databaseResponseBytes":6300,"storageResponseBytes":0,"uploadBytes":0}
 GET /api/team-chat/rooms 200 in 1472ms (next.js: 20ms, application-code: 1452ms)
{"event":"tenh.request_usage","at":"2026-09-14T08:10:14.620Z","businessId":"f92ebb56-d907-499e-a84d-c09180b849b6","route":"/api/team-chat/rooms","databaseRequests":17,"databaseResponseBytes":4502,"storageResponseBytes":0,"uploadBytes":0}
 GET /api/facebook/connection-attention 200 in 618ms (next.js: 41ms, application-code: 577ms)
 GET /api/conversations/e7aa7b1b-4aeb-40ba-b414-19acf5e19e86/message-pins 200 in 1231ms (next.js: 49ms, application-code: 1182ms)
 GET /api/workspaces 200 in 1386ms (next.js: 26ms, application-code: 1360ms)
{"event":"tenh.request_usage","at":"2026-09-14T08:10:23.376Z","businessId":"f92ebb56-d907-499e-a84d-c09180b849b6","route":"/api/workspaces","databaseRequests":12,"databaseResponseBytes":6300,"storageResponseBytes":0,"uploadBytes":0}
 GET /api/conversations/e7aa7b1b-4aeb-40ba-b414-19acf5e19e86/messages?limit=25&live=1789373421832 200 in 1591ms (next.js: 20ms, application-code: 1571ms)
 POST /api/inbox/live-state 200 in 1756ms (next.js: 15ms, application-code: 1741ms)
{"event":"tenh.request_usage","at":"2026-09-14T08:10:23.626Z","businessId":"f92ebb56-d907-499e-a84d-c09180b849b6","route":"/api/inbox/live-state","databaseRequests":13,"databaseResponseBytes":289854,"storageResponseBytes":0,"uploadBytes":0}
 GET /api/team-chat/rooms 200 in 1976ms (next.js: 8ms, application-code: 1967ms)
{"event":"tenh.request_usage","at":"2026-09-14T08:10:23.964Z","businessId":"f92ebb56-d907-499e-a84d-c09180b849b6","route":"/api/team-chat/rooms","databaseRequests":17,"databaseResponseBytes":4502,"storageResponseBytes":0,"uploadBytes":0}
 GET /api/conversations/e7aa7b1b-4aeb-40ba-b414-19acf5e19e86/message-pins 200 in 1024ms (next.js: 12ms, application-code: 1012ms)
 GET /api/conversations/e7aa7b1b-4aeb-40ba-b414-19acf5e19e86/facebook-block 200 in 1693ms (next.js: 12ms, application-code: 1682ms)
 GET /api/conversations/cd6eec1d-2b6e-4c14-adf1-9b2452aa273c/messages?limit=25 200 in 1094ms (next.js: 15ms, application-code: 1080ms)
 GET /api/conversations/c4816277-1a52-4391-b32f-b2f3fbbaabde/messages?limit=25 200 in 1112ms (next.js: 17ms, application-code: 1094ms)
 GET /api/contacts/f374640e-4993-497e-b198-9c88e4549688/facebook-avatar 404 in 1587ms (next.js: 16ms, application-code: 1571ms)
 GET /api/contacts/fa0db57c-87eb-467c-9bba-dacbc41409d0/facebook-avatar 404 in 1600ms (next.js: 67ms, application-code: 1533ms)
 GET /api/contacts/1ecd7e41-e0fb-42f8-b0be-e7dac17e8a93/facebook-avatar 404 in 1655ms (next.js: 49ms, application-code: 1606ms)
 GET /api/contacts/45ddc152-73ec-4ed5-82ac-f53d35ea2272/facebook-avatar 404 in 1735ms (next.js: 33ms, application-code: 1703ms)
 GET /dashboard/inbox?view=comment 200 in 2.5s (next.js: 18ms, proxy.ts: 156ms, application-code: 2.4s)
 GET /api/contacts/ea534bb4-a2c1-4353-891a-0037bf77168d/facebook-avatar 404 in 1688ms (next.js: 4ms, application-code: 1684ms)
 GET /api/contacts/46865802-51ed-4d9d-9be0-192b2bf8a352/facebook-avatar 404 in 1614ms (next.js: 20ms, application-code: 1594ms)
 GET /api/contacts/4a65c0c1-aa95-40f9-afcf-0b6b12c02aa4/facebook-avatar 200 in 1597ms (next.js: 10ms, application-code: 1586ms)
 GET /api/contacts/7dd1b27d-f3e5-4b74-9c1c-e798fca68e8b/facebook-avatar 200 in 1719ms (next.js: 7ms, application-code: 1712ms)
 GET /api/contacts/da0a1f64-fd85-4220-9680-0b6881088e56/facebook-avatar 200 in 1692ms (next.js: 7ms, application-code: 1685ms)
 GET /api/contacts/63ccf245-01fb-4035-863c-f3b181780706/facebook-avatar 404 in 1441ms (next.js: 6ms, application-code: 1435ms)
 GET /api/contacts/f82b6724-a1e3-44d9-9b95-a422c4bfabc6/facebook-avatar 404 in 1186ms (next.js: 16ms, application-code: 1170ms)
 GET /api/contacts/041e20e1-2fad-42a9-be2d-5dbe1708597a/facebook-avatar 404 in 1237ms (next.js: 5ms, application-code: 1232ms)
 GET /api/contacts/eaa173b8-903e-4be2-a787-80c307256552/facebook-avatar 404 in 1236ms (next.js: 4ms, application-code: 1232ms)
 PATCH /api/conversations/e7aa7b1b-4aeb-40ba-b414-19acf5e19e86/read 200 in 1796ms (next.js: 957ms, application-code: 839ms)
 GET /api/contacts/f6cccfc6-4c93-41a3-8ba7-9890d649b8fc/facebook-avatar 404 in 1358ms (next.js: 4ms, application-code: 1354ms)
 GET /api/conversations/fd28061d-eeea-4f7f-8994-8ecd4c1a1492/messages?limit=25 200 in 1022ms (next.js: 12ms, application-code: 1010ms)
 GET /api/conversations/2def6409-718f-439e-bb3b-1ff44a6f085c/messages?limit=25 200 in 1057ms (next.js: 6ms, application-code: 1052ms)
 GET /api/contacts/e9cf3c5f-0039-4fe7-a93d-ffbe3500ffa4/facebook-avatar 404 in 1346ms (next.js: 14ms, application-code: 1332ms)
 GET /api/contacts/12adb6c1-c7a9-48dc-900b-887fd7fc7e78/facebook-avatar 404 in 1415ms (next.js: 7ms, application-code: 1408ms)
 GET /api/contacts/0707f0fe-d75f-496e-b6e8-71b8c77ffdbd/facebook-avatar 200 in 1834ms (next.js: 5ms, application-code: 1828ms)
 GET /api/contacts/83c94bca-45c7-4121-a62d-88cd8aa878cc/facebook-avatar 200 in 1395ms (next.js: 17ms, application-code: 1378ms)
 GET /api/contacts/c3557414-c518-4572-95f7-e98e5815a2d5/facebook-avatar 404 in 1246ms (next.js: 7ms, application-code: 1238ms)
 GET /api/contacts/9d5ef4af-7fb3-49ba-a9a6-663a94b5f686/facebook-avatar 200 in 1443ms (next.js: 5ms, application-code: 1438ms)
 GET /api/contacts/5dadd1b2-24a1-455d-9e72-8af3e650f1d4/facebook-avatar 200 in 1405ms (next.js: 18ms, application-code: 1387ms)
 GET /api/contacts/4a151a6f-17c4-4e1a-849a-acbe6d866d26/facebook-avatar 404 in 1377ms (next.js: 14ms, application-code: 1363ms)
 GET /api/contacts/664b13cd-5a25-4a7e-8cbc-027c1545c91b/facebook-avatar 404 in 1378ms (next.js: 5ms, application-code: 1374ms)
 GET /api/contacts/a5a50545-36e0-453f-b53a-2320df3d67ed/facebook-avatar 404 in 1204ms (next.js: 6ms, application-code: 1198ms)
 GET /api/workspaces 200 in 909ms (next.js: 4ms, application-code: 905ms)
{"event":"tenh.request_usage","at":"2026-09-14T08:10:34.447Z","businessId":"f92ebb56-d907-499e-a84d-c09180b849b6","route":"/api/workspaces","databaseRequests":12,"databaseResponseBytes":6300,"storageResponseBytes":0,"uploadBytes":0}
 GET /api/conversations/e7aa7b1b-4aeb-40ba-b414-19acf5e19e86/messages?limit=25&live=1789373440529 200 in 1141ms (next.js: 10ms, application-code: 1131ms)
 GET /api/system-announcements/current 200 in 575ms (next.js: 13ms, application-code: 562ms)
 POST /api/inbox/live-state 200 in 1329ms (next.js: 4ms, application-code: 1325ms)
{"event":"tenh.request_usage","at":"2026-09-14T08:10:44.460Z","businessId":"f92ebb56-d907-499e-a84d-c09180b849b6","route":"/api/inbox/live-state","databaseRequests":13,"databaseResponseBytes":289854,"storageResponseBytes":0,"uploadBytes":0}
 GET /api/team-notifications 200 in 995ms (next.js: 5ms, application-code: 990ms)
 GET /api/team-chat/rooms 200 in 1390ms (next.js: 4ms, application-code: 1385ms)
{"event":"tenh.request_usage","at":"2026-09-14T08:10:44.916Z","businessId":"f92ebb56-d907-499e-a84d-c09180b849b6","route":"/api/team-chat/rooms","databaseRequests":17,"databaseResponseBytes":4502,"storageResponseBytes":0,"uploadBytes":0}
 GET /api/workspaces 200 in 1301ms (next.js: 4ms, application-code: 1297ms)
{"event":"tenh.request_usage","at":"2026-09-14T08:10:54.822Z","businessId":"f92ebb56-d907-499e-a84d-c09180b849b6","route":"/api/workspaces","databaseRequests":12,"databaseResponseBytes":6300,"storageResponseBytes":0,"uploadBytes":0}
 GET /api/conversations/e7aa7b1b-4aeb-40ba-b414-19acf5e19e86/messages?limit=25&live=1789373471694 200 in 1987ms (next.js: 11ms, application-code: 1977ms)
 GET /api/invitations/pending 200 in 573ms (next.js: 20ms, application-code: 553ms)
 GET /api/system-announcements/current 200 in 636ms (next.js: 10ms, application-code: 625ms)
 GET /api/facebook/connection-attention 200 in 584ms (next.js: 4ms, application-code: 581ms)
 GET /api/team-notifications 200 in 1026ms (next.js: 4ms, application-code: 1022ms)
 GET /api/workspaces 200 in 1646ms (next.js: 13ms, application-code: 1633ms)
{"event":"tenh.request_usage","at":"2026-09-14T08:11:15.182Z","businessId":"f92ebb56-d907-499e-a84d-c09180b849b6","route":"/api/workspaces","databaseRequests":12,"databaseResponseBytes":6300,"storageResponseBytes":0,"uploadBytes":0}
 GET /api/team-chat/rooms 200 in 1967ms (next.js: 5ms, application-code: 1962ms)
{"event":"tenh.request_usage","at":"2026-09-14T08:11:15.500Z","businessId":"f92ebb56-d907-499e-a84d-c09180b849b6","route":"/api/team-chat/rooms","databaseRequests":17,"databaseResponseBytes":4502,"storageResponseBytes":0,"uploadBytes":0}
 POST /api/inbox/live-state 200 in 1529ms (next.js: 4ms, application-code: 1526ms)
{"event":"tenh.request_usage","at":"2026-09-14T08:11:15.999Z","businessId":"f92ebb56-d907-499e-a84d-c09180b849b6","route":"/api/inbox/live-state","databaseRequests":13,"databaseResponseBytes":289854,"storageResponseBytes":0,"uploadBytes":0}
 GET /api/workspaces 200 in 1197ms (next.js: 4ms, application-code: 1193ms)
{"event":"tenh.request_usage","at":"2026-09-14T08:11:34.732Z","businessId":"f92ebb56-d907-499e-a84d-c09180b849b6","route":"/api/workspaces","databaseRequests":12,"databaseResponseBytes":6300,"storageResponseBytes":0,"uploadBytes":0}
 GET /api/system-announcements/current 200 in 598ms (next.js: 12ms, application-code: 586ms)
 GET /api/team-notifications 200 in 903ms (next.js: 6ms, application-code: 897ms)
 GET /api/conversations/e7aa7b1b-4aeb-40ba-b414-19acf5e19e86/messages?limit=25&live=1789373503704 200 in 1231ms (next.js: 10ms, application-code: 1221ms)
 GET /api/team-chat/rooms 200 in 1511ms (next.js: 4ms, application-code: 1507ms)
{"event":"tenh.request_usage","at":"2026-09-14T08:11:45.032Z","businessId":"f92ebb56-d907-499e-a84d-c09180b849b6","route":"/api/team-chat/rooms","databaseRequests":17,"databaseResponseBytes":4502,"storageResponseBytes":0,"uploadBytes":0}
 POST /api/inbox/live-state 200 in 1216ms (next.js: 4ms, application-code: 1212ms)
{"event":"tenh.request_usage","at":"2026-09-14T08:11:47.236Z","businessId":"f92ebb56-d907-499e-a84d-c09180b849b6","route":"/api/inbox/live-state","databaseRequests":13,"databaseResponseBytes":289854,"storageResponseBytes":0,"uploadBytes":0}
 GET /api/workspaces 200 in 1143ms (next.js: 4ms, application-code: 1140ms)
{"event":"tenh.request_usage","at":"2026-09-14T08:11:54.678Z","businessId":"f92ebb56-d907-499e-a84d-c09180b849b6","route":"/api/workspaces","databaseRequests":12,"databaseResponseBytes":6300,"storageResponseBytes":0,"uploadBytes":0}
 GET /api/invitations/pending 200 in 511ms (next.js: 31ms, application-code: 480ms)
 GET /api/system-announcements/current 200 in 623ms (next.js: 23ms, application-code: 600ms)
 GET /api/facebook/connection-attention 200 in 632ms (next.js: 35ms, application-code: 597ms)
 GET /api/team-notifications 200 in 1071ms (next.js: 15ms, application-code: 1056ms)
 GET /api/workspaces 200 in 1189ms (next.js: 5ms, application-code: 1183ms)
{"event":"tenh.request_usage","at":"2026-09-14T08:12:14.735Z","businessId":"f92ebb56-d907-499e-a84d-c09180b849b6","route":"/api/workspaces","databaseRequests":12,"databaseResponseBytes":6300,"storageResponseBytes":0,"uploadBytes":0}
 GET /api/team-chat/rooms 200 in 1652ms (next.js: 5ms, application-code: 1647ms)
{"event":"tenh.request_usage","at":"2026-09-14T08:12:15.181Z","businessId":"f92ebb56-d907-499e-a84d-c09180b849b6","route":"/api/team-chat/rooms","databaseRequests":17,"databaseResponseBytes":4502,"storageResponseBytes":0,"uploadBytes":0}
 GET /api/conversations/e7aa7b1b-4aeb-40ba-b414-19acf5e19e86/messages?limit=25&live=1789373534944 200 in 1000ms (next.js: 10ms, application-code: 990ms)
 POST /api/inbox/live-state 200 in 1149ms (next.js: 4ms, application-code: 1146ms)
{"event":"tenh.request_usage","at":"2026-09-14T08:12:18.398Z","businessId":"f92ebb56-d907-499e-a84d-c09180b849b6","route":"/api/inbox/live-state","databaseRequests":13,"databaseResponseBytes":289854,"storageResponseBytes":0,"uploadBytes":0}
 GET /api/workspaces 200 in 1159ms (next.js: 3ms, application-code: 1156ms)
{"event":"tenh.request_usage","at":"2026-09-14T08:12:34.687Z","businessId":"f92ebb56-d907-499e-a84d-c09180b849b6","route":"/api/workspaces","databaseRequests":12,"databaseResponseBytes":6300,"storageResponseBytes":0,"uploadBytes":0}
 GET /api/system-announcements/current 200 in 588ms (next.js: 12ms, application-code: 577ms)
 GET /api/team-notifications 200 in 991ms (next.js: 6ms, application-code: 985ms)
 GET /api/team-chat/rooms 200 in 1659ms (next.js: 4ms, application-code: 1654ms)
{"event":"tenh.request_usage","at":"2026-09-14T08:12:45.178Z","businessId":"f92ebb56-d907-499e-a84d-c09180b849b6","route":"/api/team-chat/rooms","databaseRequests":17,"databaseResponseBytes":4502,"storageResponseBytes":0,"uploadBytes":0}
 GET /api/conversations/e7aa7b1b-4aeb-40ba-b414-19acf5e19e86/messages?limit=25&live=1789373565954 200 in 1135ms (next.js: 10ms, application-code: 1126ms)
 POST /api/inbox/live-state 200 in 1382ms (next.js: 3ms, application-code: 1378ms)
{"event":"tenh.request_usage","at":"2026-09-14T08:12:49.795Z","businessId":"f92ebb56-d907-499e-a84d-c09180b849b6","route":"/api/inbox/live-state","databaseRequests":13,"databaseResponseBytes":289854,"storageResponseBytes":0,"uploadBytes":0}
 GET /api/workspaces 200 in 1044ms (next.js: 4ms, application-code: 1040ms)
{"event":"tenh.request_usage","at":"2026-09-14T08:12:54.563Z","businessId":"f92ebb56-d907-499e-a84d-c09180b849b6","route":"/api/workspaces","databaseRequests":12,"databaseResponseBytes":6300,"storageResponseBytes":0,"uploadBytes":0}
 GET /api/invitations/pending 200 in 504ms (next.js: 29ms, application-code: 474ms)
 GET /api/system-announcements/current 200 in 709ms (next.js: 21ms, application-code: 688ms)
 GET /api/facebook/connection-attention 200 in 751ms (next.js: 34ms, application-code: 716ms)
 GET /api/team-notifications 200 in 1287ms (next.js: 13ms, application-code: 1274ms)
 GET /api/workspaces 200 in 1372ms (next.js: 5ms, application-code: 1367ms)
{"event":"tenh.request_usage","at":"2026-09-14T08:13:14.907Z","businessId":"f92ebb56-d907-499e-a84d-c09180b849b6","route":"/api/workspaces","databaseRequests":12,"databaseResponseBytes":6300,"storageResponseBytes":0,"uploadBytes":0}
 GET /api/team-chat/rooms 200 in 1663ms (next.js: 4ms, application-code: 1659ms)
{"event":"tenh.request_usage","at":"2026-09-14T08:13:15.184Z","businessId":"f92ebb56-d907-499e-a84d-c09180b849b6","route":"/api/team-chat/rooms","databaseRequests":17,"databaseResponseBytes":4502,"storageResponseBytes":0,"uploadBytes":0}
 GET /api/conversations/e7aa7b1b-4aeb-40ba-b414-19acf5e19e86/messages?limit=25&live=1789373597105 200 in 1040ms (next.js: 10ms, application-code: 1030ms)
 POST /api/inbox/live-state 200 in 1181ms (next.js: 3ms, application-code: 1177ms)
{"event":"tenh.request_usage","at":"2026-09-14T08:13:20.993Z","businessId":"f92ebb56-d907-499e-a84d-c09180b849b6","route":"/api/inbox/live-state","databaseRequests":13,"databaseResponseBytes":289854,"storageResponseBytes":0,"uploadBytes":0}
 GET /api/workspaces 200 in 1155ms (next.js: 4ms, application-code: 1151ms)
{"event":"tenh.request_usage","at":"2026-09-14T08:13:34.690Z","businessId":"f92ebb56-d907-499e-a84d-c09180b849b6","route":"/api/workspaces","databaseRequests":12,"databaseResponseBytes":6300,"storageResponseBytes":0,"uploadBytes":0}
 GET /api/system-announcements/current 200 in 590ms (next.js: 13ms, application-code: 578ms)
 GET /api/team-notifications 200 in 967ms (next.js: 14ms, application-code: 953ms)
 GET /api/team-chat/rooms 200 in 1558ms (next.js: 4ms, application-code: 1554ms)
{"event":"tenh.request_usage","at":"2026-09-14T08:13:45.090Z","businessId":"f92ebb56-d907-499e-a84d-c09180b849b6","route":"/api/team-chat/rooms","databaseRequests":17,"databaseResponseBytes":4502,"storageResponseBytes":0,"uploadBytes":0}
 GET /api/conversations/e7aa7b1b-4aeb-40ba-b414-19acf5e19e86/messages?limit=25&live=1789373628163 200 in 1095ms (next.js: 10ms, application-code: 1086ms)
 POST /api/inbox/live-state 200 in 1138ms (next.js: 4ms, application-code: 1134ms)
{"event":"tenh.request_usage","at":"2026-09-14T08:13:52.152Z","businessId":"f92ebb56-d907-499e-a84d-c09180b849b6","route":"/api/inbox/live-state","databaseRequests":13,"databaseResponseBytes":289854,"storageResponseBytes":0,"uploadBytes":0}
 GET /api/workspaces 200 in 1052ms (next.js: 4ms, application-code: 1048ms)
{"event":"tenh.request_usage","at":"2026-09-14T08:13:54.576Z","businessId":"f92ebb56-d907-499e-a84d-c09180b849b6","route":"/api/workspaces","databaseRequests":12,"databaseResponseBytes":6300,"storageResponseBytes":0,"uploadBytes":0}
 GET /api/invitations/pending 200 in 448ms (next.js: 26ms, application-code: 422ms)
 GET /api/system-announcements/current 200 in 677ms (next.js: 19ms, application-code: 657ms)
 GET /api/facebook/connection-attention 200 in 665ms (next.js: 4ms, application-code: 661ms)
 GET /api/team-notifications 200 in 1148ms (next.js: 12ms, application-code: 1136ms)
 GET /api/workspaces 200 in 1281ms (next.js: 6ms, application-code: 1275ms)
{"event":"tenh.request_usage","at":"2026-09-14T08:14:14.822Z","businessId":"f92ebb56-d907-499e-a84d-c09180b849b6","route":"/api/workspaces","databaseRequests":12,"databaseResponseBytes":6300,"storageResponseBytes":0,"uploadBytes":0}
 GET /api/team-chat/rooms 200 in 1743ms (next.js: 4ms, application-code: 1738ms)
{"event":"tenh.request_usage","at":"2026-09-14T08:14:15.269Z","businessId":"f92ebb56-d907-499e-a84d-c09180b849b6","route":"/api/team-chat/rooms","databaseRequests":17,"databaseResponseBytes":4502,"storageResponseBytes":0,"uploadBytes":0}
 GET /api/conversations/e7aa7b1b-4aeb-40ba-b414-19acf5e19e86/messages?limit=25&live=1789373659270 200 in 1181ms (next.js: 10ms, application-code: 1171ms)
 POST /api/inbox/live-state 200 in 1165ms (next.js: 4ms, application-code: 1161ms)
{"event":"tenh.request_usage","at":"2026-09-14T08:14:23.332Z","businessId":"f92ebb56-d907-499e-a84d-c09180b849b6","route":"/api/inbox/live-state","databaseRequests":13,"databaseResponseBytes":289854,"storageResponseBytes":0,"uploadBytes":0}
 GET /api/workspaces 200 in 1133ms (next.js: 3ms, application-code: 1129ms)
{"event":"tenh.request_usage","at":"2026-09-14T08:14:34.669Z","businessId":"f92ebb56-d907-499e-a84d-c09180b849b6","route":"/api/workspaces","databaseRequests":12,"databaseResponseBytes":6300,"storageResponseBytes":0,"uploadBytes":0}
 GET /api/system-announcements/current 200 in 988ms (next.js: 11ms, application-code: 976ms)
 GET /api/team-notifications 200 in 1001ms (next.js: 4ms, application-code: 998ms)
 GET /api/team-chat/rooms 200 in 1683ms (next.js: 4ms, application-code: 1679ms)
{"event":"tenh.request_usage","at":"2026-09-14T08:14:45.203Z","businessId":"f92ebb56-d907-499e-a84d-c09180b849b6","route":"/api/team-chat/rooms","databaseRequests":17,"databaseResponseBytes":4502,"storageResponseBytes":0,"uploadBytes":0}
 GET /api/conversations/e7aa7b1b-4aeb-40ba-b414-19acf5e19e86/messages?limit=25&live=1789373690463 200 in 1207ms (next.js: 10ms, application-code: 1198ms)
 GET /api/workspaces 200 in 1222ms (next.js: 3ms, application-code: 1219ms)
{"event":"tenh.request_usage","at":"2026-09-14T08:14:54.747Z","businessId":"f92ebb56-d907-499e-a84d-c09180b849b6","route":"/api/workspaces","databaseRequests":12,"databaseResponseBytes":6300,"storageResponseBytes":0,"uploadBytes":0}
 POST /api/inbox/live-state 200 in 1412ms (next.js: 3ms, application-code: 1409ms)
{"event":"tenh.request_usage","at":"2026-09-14T08:14:54.765Z","businessId":"f92ebb56-d907-499e-a84d-c09180b849b6","route":"/api/inbox/live-state","databaseRequests":13,"databaseResponseBytes":289854,"storageResponseBytes":0,"uploadBytes":0}
 GET /api/invitations/pending 200 in 485ms (next.js: 25ms, application-code: 460ms)
 GET /api/facebook/connection-attention 200 in 604ms (next.js: 35ms, application-code: 570ms)
 GET /api/system-announcements/current 200 in 654ms (next.js: 17ms, application-code: 637ms)
 GET /api/team-notifications 200 in 941ms (next.js: 21ms, application-code: 921ms)
 GET /api/workspaces 200 in 1229ms (next.js: 19ms, application-code: 1209ms)
{"event":"tenh.request_usage","at":"2026-09-14T08:15:14.753Z","businessId":"f92ebb56-d907-499e-a84d-c09180b849b6","route":"/api/workspaces","databaseRequests":12,"databaseResponseBytes":6300,"storageResponseBytes":0,"uploadBytes":0}
 GET /api/team-chat/rooms 200 in 1652ms (next.js: 6ms, application-code: 1646ms)
{"event":"tenh.request_usage","at":"2026-09-14T08:15:15.175Z","businessId":"f92ebb56-d907-499e-a84d-c09180b849b6","route":"/api/team-chat/rooms","databaseRequests":17,"databaseResponseBytes":4502,"storageResponseBytes":0,"uploadBytes":0}
 GET /api/conversations/e7aa7b1b-4aeb-40ba-b414-19acf5e19e86/messages?limit=25&live=1789373721691 200 in 1372ms (next.js: 15ms, application-code: 1357ms)
 POST /api/inbox/live-state 200 in 1197ms (next.js: 5ms, application-code: 1192ms)
{"event":"tenh.request_usage","at":"2026-09-14T08:15:25.983Z","businessId":"f92ebb56-d907-499e-a84d-c09180b849b6","route":"/api/inbox/live-state","databaseRequests":13,"databaseResponseBytes":289854,"storageResponseBytes":0,"uploadBytes":0}
 GET /api/workspaces 200 in 1110ms (next.js: 4ms, application-code: 1106ms)
{"event":"tenh.request_usage","at":"2026-09-14T08:15:34.641Z","businessId":"f92ebb56-d907-499e-a84d-c09180b849b6","route":"/api/workspaces","databaseRequests":12,"databaseResponseBytes":6300,"storageResponseBytes":0,"uploadBytes":0}
 GET /api/system-announcements/current 200 in 565ms (next.js: 12ms, application-code: 552ms)
 GET /api/team-notifications 200 in 921ms (next.js: 6ms, application-code: 915ms)
 GET /api/team-chat/rooms 200 in 2.5s (next.js: 4ms, application-code: 2.5s)
{"event":"tenh.request_usage","at":"2026-09-14T08:15:46.058Z","businessId":"f92ebb56-d907-499e-a84d-c09180b849b6","route":"/api/team-chat/rooms","databaseRequests":17,"databaseResponseBytes":4502,"storageResponseBytes":0,"uploadBytes":0}
 GET /api/conversations/e7aa7b1b-4aeb-40ba-b414-19acf5e19e86/messages?limit=25&live=1789373753080 200 in 1162ms (next.js: 9ms, application-code: 1152ms)
 GET /api/workspaces 200 in 1086ms (next.js: 4ms, application-code: 1082ms)
{"event":"tenh.request_usage","at":"2026-09-14T08:15:54.606Z","businessId":"f92ebb56-d907-499e-a84d-c09180b849b6","route":"/api/workspaces","databaseRequests":12,"databaseResponseBytes":6300,"storageResponseBytes":0,"uploadBytes":0}
 POST /api/inbox/live-state 200 in 1246ms (next.js: 3ms, application-code: 1243ms)
{"event":"tenh.request_usage","at":"2026-09-14T08:15:57.234Z","businessId":"f92ebb56-d907-499e-a84d-c09180b849b6","route":"/api/inbox/live-state","databaseRequests":13,"databaseResponseBytes":289854,"storageResponseBytes":0,"uploadBytes":0}
 GET /api/invitations/pending 200 in 453ms (next.js: 24ms, application-code: 429ms)
 GET /api/system-announcements/current 200 in 665ms (next.js: 16ms, application-code: 649ms)
 GET /api/facebook/connection-attention 200 in 669ms (next.js: 37ms, application-code: 631ms)
 GET /api/team-notifications 200 in 936ms (next.js: 6ms, application-code: 930ms)
 GET /api/workspaces 200 in 1194ms (next.js: 8ms, application-code: 1186ms)
{"event":"tenh.request_usage","at":"2026-09-14T08:16:14.742Z","businessId":"f92ebb56-d907-499e-a84d-c09180b849b6","route":"/api/workspaces","databaseRequests":12,"databaseResponseBytes":6300,"storageResponseBytes":0,"uploadBytes":0}
 GET /api/team-chat/rooms 200 in 1585ms (next.js: 5ms, application-code: 1579ms)
{"event":"tenh.request_usage","at":"2026-09-14T08:16:15.120Z","businessId":"f92ebb56-d907-499e-a84d-c09180b849b6","route":"/api/team-chat/rooms","databaseRequests":17,"databaseResponseBytes":4502,"storageResponseBytes":0,"uploadBytes":0}
 GET /api/conversations/e7aa7b1b-4aeb-40ba-b414-19acf5e19e86/messages?limit=25&live=1789373784257 200 in 1147ms (next.js: 12ms, application-code: 1135ms)
 POST /api/inbox/live-state 200 in 1328ms (next.js: 5ms, application-code: 1323ms)
{"event":"tenh.request_usage","at":"2026-09-14T08:16:28.581Z","businessId":"f92ebb56-d907-499e-a84d-c09180b849b6","route":"/api/inbox/live-state","databaseRequests":13,"databaseResponseBytes":289854,"storageResponseBytes":0,"uploadBytes":0}
 GET /api/workspaces 200 in 1325ms (next.js: 4ms, application-code: 1321ms)
{"event":"tenh.request_usage","at":"2026-09-14T08:16:34.850Z","businessId":"f92ebb56-d907-499e-a84d-c09180b849b6","route":"/api/workspaces","databaseRequests":12,"databaseResponseBytes":6300,"storageResponseBytes":0,"uploadBytes":0}
 GET /api/system-announcements/current 200 in 583ms (next.js: 12ms, application-code: 571ms)
 GET /api/team-notifications 200 in 926ms (next.js: 7ms, application-code: 918ms)
 GET /api/team-chat/rooms 200 in 1676ms (next.js: 4ms, application-code: 1672ms)
{"event":"tenh.request_usage","at":"2026-09-14T08:16:45.208Z","businessId":"f92ebb56-d907-499e-a84d-c09180b849b6","route":"/api/team-chat/rooms","databaseRequests":17,"databaseResponseBytes":4502,"storageResponseBytes":0,"uploadBytes":0}
 GET /api/workspaces 200 in 1182ms (next.js: 4ms, application-code: 1178ms)
{"event":"tenh.request_usage","at":"2026-09-14T08:16:54.711Z","businessId":"f92ebb56-d907-499e-a84d-c09180b849b6","route":"/api/workspaces","databaseRequests":12,"databaseResponseBytes":6300,"storageResponseBytes":0,"uploadBytes":0}
 GET /api/conversations/e7aa7b1b-4aeb-40ba-b414-19acf5e19e86/messages?limit=25&live=1789373815423 200 in 910ms (next.js: 16ms, application-code: 895ms)
 POST /api/inbox/live-state 200 in 1222ms (next.js: 4ms, application-code: 1218ms)
{"event":"tenh.request_usage","at":"2026-09-14T08:16:59.818Z","businessId":"f92ebb56-d907-499e-a84d-c09180b849b6","route":"/api/inbox/live-state","databaseRequests":13,"databaseResponseBytes":289854,"storageResponseBytes":0,"uploadBytes":0}
 GET /api/invitations/pending 200 in 843ms (next.js: 41ms, application-code: 803ms)
 GET /api/system-announcements/current 200 in 902ms (next.js: 28ms, application-code: 874ms)
 GET /api/facebook/connection-attention 200 in 928ms (next.js: 53ms, application-code: 875ms)
 GET /api/team-notifications 200 in 1316ms (next.js: 11ms, application-code: 1304ms)
 GET /api/workspaces 200 in 1605ms (next.js: 14ms, application-code: 1591ms)
{"event":"tenh.request_usage","at":"2026-09-14T08:17:15.153Z","businessId":"f92ebb56-d907-499e-a84d-c09180b849b6","route":"/api/workspaces","databaseRequests":12,"databaseResponseBytes":6300,"storageResponseBytes":0,"uploadBytes":0}
 GET /api/team-chat/rooms 200 in 1788ms (next.js: 7ms, application-code: 1781ms)
{"event":"tenh.request_usage","at":"2026-09-14T08:17:15.314Z","businessId":"f92ebb56-d907-499e-a84d-c09180b849b6","route":"/api/team-chat/rooms","databaseRequests":17,"databaseResponseBytes":4502,"storageResponseBytes":0,"uploadBytes":0}
 GET /api/conversations/e7aa7b1b-4aeb-40ba-b414-19acf5e19e86/messages?limit=25&live=1789373846345 200 in 1160ms (next.js: 10ms, application-code: 1150ms)
 POST /api/inbox/live-state 200 in 1135ms (next.js: 5ms, application-code: 1131ms)
{"event":"tenh.request_usage","at":"2026-09-14T08:17:30.966Z","businessId":"f92ebb56-d907-499e-a84d-c09180b849b6","route":"/api/inbox/live-state","databaseRequests":13,"databaseResponseBytes":289854,"storageResponseBytes":0,"uploadBytes":0}
 GET /api/workspaces 200 in 950ms (next.js: 5ms, application-code: 945ms)
{"event":"tenh.request_usage","at":"2026-09-14T08:17:34.486Z","businessId":"f92ebb56-d907-499e-a84d-c09180b849b6","route":"/api/workspaces","databaseRequests":12,"databaseResponseBytes":6300,"storageResponseBytes":0,"uploadBytes":0}
 GET /api/system-announcements/current 200 in 676ms (next.js: 19ms, application-code: 657ms)
 GET /api/team-notifications 200 in 966ms (next.js: 7ms, application-code: 959ms)
 GET /api/team-chat/rooms 200 in 1629ms (next.js: 5ms, application-code: 1624ms)
{"event":"tenh.request_usage","at":"2026-09-14T08:17:45.154Z","businessId":"f92ebb56-d907-499e-a84d-c09180b849b6","route":"/api/team-chat/rooms","databaseRequests":17,"databaseResponseBytes":4502,"storageResponseBytes":0,"uploadBytes":0}
 GET /api/facebook/connection-attention 200 in 666ms (next.js: 32ms, application-code: 634ms)
 GET /api/workspaces 200 in 1470ms (next.js: 11ms, application-code: 1459ms)
{"event":"tenh.request_usage","at":"2026-09-14T08:17:52.893Z","businessId":"f92ebb56-d907-499e-a84d-c09180b849b6","route":"/api/workspaces","databaseRequests":12,"databaseResponseBytes":6300,"storageResponseBytes":0,"uploadBytes":0}
 GET /api/conversations/e7aa7b1b-4aeb-40ba-b414-19acf5e19e86/messages?limit=25&live=1789373871395 200 in 1493ms (next.js: 14ms, application-code: 1480ms)
 GET /api/conversations/e7aa7b1b-4aeb-40ba-b414-19acf5e19e86/facebook-block 200 in 1557ms (next.js: 33ms, application-code: 1524ms)
 POST /api/inbox/live-state 200 in 1671ms (next.js: 26ms, application-code: 1645ms)
{"event":"tenh.request_usage","at":"2026-09-14T08:17:53.124Z","businessId":"f92ebb56-d907-499e-a84d-c09180b849b6","route":"/api/inbox/live-state","databaseRequests":13,"databaseResponseBytes":289854,"storageResponseBytes":0,"uploadBytes":0}
 GET /api/conversations/e7aa7b1b-4aeb-40ba-b414-19acf5e19e86/message-pins 200 in 1080ms (next.js: 10ms, application-code: 1070ms)
 GET /api/team-chat/rooms 200 in 1884ms (next.js: 8ms, application-code: 1876ms)
{"event":"tenh.request_usage","at":"2026-09-14T08:17:53.276Z","businessId":"f92ebb56-d907-499e-a84d-c09180b849b6","route":"/api/team-chat/rooms","databaseRequests":17,"databaseResponseBytes":4502,"storageResponseBytes":0,"uploadBytes":0}
 GET /api/workspaces 200 in 959ms (next.js: 4ms, application-code: 955ms)
{"event":"tenh.request_usage","at":"2026-09-14T08:17:55.079Z","businessId":"f92ebb56-d907-499e-a84d-c09180b849b6","route":"/api/workspaces","databaseRequests":12,"databaseResponseBytes":6300,"storageResponseBytes":0,"uploadBytes":0}
 GET /api/conversations/e7aa7b1b-4aeb-40ba-b414-19acf5e19e86/messages?limit=25&live=1789373878122 200 in 935ms (next.js: 12ms, application-code: 923ms)
 GET /api/invitations/pending 200 in 659ms (next.js: 27ms, application-code: 633ms)
 GET /api/system-announcements/current 200 in 871ms (next.js: 15ms, application-code: 856ms)
 GET /api/facebook/connection-attention 200 in 869ms (next.js: 8ms, application-code: 861ms)
 GET /api/team-notifications 200 in 1555ms (next.js: 7ms, application-code: 1549ms)
 GET /api/workspaces 200 in 1778ms (next.js: 10ms, application-code: 1768ms)
{"event":"tenh.request_usage","at":"2026-09-14T08:18:15.917Z","businessId":"f92ebb56-d907-499e-a84d-c09180b849b6","route":"/api/workspaces","databaseRequests":12,"databaseResponseBytes":6300,"storageResponseBytes":0,"uploadBytes":0}
 GET /api/team-chat/rooms 200 in 2.3s (next.js: 7ms, application-code: 2.3s)
{"event":"tenh.request_usage","at":"2026-09-14T08:18:16.444Z","businessId":"f92ebb56-d907-499e-a84d-c09180b849b6","route":"/api/team-chat/rooms","databaseRequests":17,"databaseResponseBytes":4502,"storageResponseBytes":0,"uploadBytes":0}
 GET /api/conversations/e7aa7b1b-4aeb-40ba-b414-19acf5e19e86/messages?limit=25&live=1789373909127 200 in 1369ms (next.js: 10ms, application-code: 1359ms)
 GET /api/workspaces 200 in 964ms (next.js: 4ms, application-code: 960ms)
{"event":"tenh.request_usage","at":"2026-09-14T08:18:35.084Z","businessId":"f92ebb56-d907-499e-a84d-c09180b849b6","route":"/api/workspaces","databaseRequests":12,"databaseResponseBytes":6300,"storageResponseBytes":0,"uploadBytes":0}
 GET /api/system-announcements/current 200 in 584ms (next.js: 24ms, application-code: 561ms)
 GET /api/team-notifications 200 in 1075ms (next.js: 10ms, application-code: 1065ms)
 GET /api/team-chat/rooms 200 in 1569ms (next.js: 7ms, application-code: 1562ms)
{"event":"tenh.request_usage","at":"2026-09-14T08:18:45.696Z","businessId":"f92ebb56-d907-499e-a84d-c09180b849b6","route":"/api/team-chat/rooms","databaseRequests":17,"databaseResponseBytes":4502,"storageResponseBytes":0,"uploadBytes":0}
✓ Compiled in 1953ms
 GET /dashboard/inbox?view=comment 200 in 2.7s (next.js: 286ms, proxy.ts: 2.1s, application-code: 294ms)
 GET /api/reminders?summary=1 200 in 2.8s (next.js: 265ms, application-code: 2.6s)
 GET /api/inbox/channels 200 in 3.1s (next.js: 314ms, application-code: 2.8s)
 GET /api/inbox/channels 200 in 3.1s (next.js: 138ms, application-code: 3.0s)
 GET /dashboard/inbox?view=comment 200 in 477ms (next.js: 9ms, proxy.ts: 235ms, application-code: 233ms)
 GET /dashboard/inbox?view=comment 200 in 375ms (next.js: 9ms, proxy.ts: 224ms, application-code: 142ms)
 GET /dashboard/inbox?view=comment 200 in 305ms (next.js: 7ms, proxy.ts: 132ms, application-code: 165ms)
 GET /api/inbox/views 200 in 4.0s (next.js: 540ms, application-code: 3.4s)
 GET /api/inbox/smart-view-options 200 in 4.1s (next.js: 428ms, application-code: 3.7s)
 GET /dashboard/inbox?view=comment 200 in 454ms (next.js: 9ms, proxy.ts: 278ms, application-code: 166ms)
 GET /dashboard/inbox?view=comment 200 in 309ms (next.js: 11ms, proxy.ts: 151ms, application-code: 147ms)
 GET /api/workspaces 200 in 1120ms (next.js: 98ms, application-code: 1022ms)
{"event":"tenh.request_usage","at":"2026-09-14T08:19:05.282Z","businessId":"f92ebb56-d907-499e-a84d-c09180b849b6","route":"/api/workspaces","databaseRequests":12,"databaseResponseBytes":6300,"storageResponseBytes":0,"uploadBytes":0}
✓ Compiled in 348ms
 GET /dashboard/inbox?view=comment 200 in 2.1s (next.js: 232ms, proxy.ts: 1362ms, application-code: 489ms)
 GET /dashboard/inbox?view=comment 200 in 714ms (next.js: 11ms, proxy.ts: 544ms, application-code: 159ms)
 GET /api/invitations/pending 200 in 894ms (next.js: 166ms, application-code: 728ms)
 GET /api/system-announcements/current 200 in 909ms (next.js: 89ms, application-code: 819ms)
 GET /api/facebook/connection-attention 200 in 933ms (next.js: 161ms, application-code: 772ms)
 GET /api/team-notifications 200 in 1426ms (next.js: 98ms, application-code: 1328ms)
 GET /api/workspaces 200 in 1894ms (next.js: 38ms, application-code: 1856ms)
{"event":"tenh.request_usage","at":"2026-09-14T08:19:57.147Z","businessId":"f92ebb56-d907-499e-a84d-c09180b849b6","route":"/api/workspaces","databaseRequests":12,"databaseResponseBytes":6300,"storageResponseBytes":0,"uploadBytes":0}
 GET /api/team-chat/rooms 200 in 2.4s (next.js: 105ms, application-code: 2.3s)
{"event":"tenh.request_usage","at":"2026-09-14T08:19:57.567Z","businessId":"f92ebb56-d907-499e-a84d-c09180b849b6","route":"/api/team-chat/rooms","databaseRequests":17,"databaseResponseBytes":4502,"storageResponseBytes":0,"uploadBytes":0}
 POST /api/inbox/live-state 200 in 1993ms (next.js: 78ms, application-code: 1915ms)
{"event":"tenh.request_usage","at":"2026-09-14T08:21:11.924Z","businessId":"f92ebb56-d907-499e-a84d-c09180b849b6","route":"/api/inbox/live-state","databaseRequests":13,"databaseResponseBytes":289854,"storageResponseBytes":0,"uploadBytes":0}
 GET /api/contacts/ea534bb4-a2c1-4353-891a-0037bf77168d/facebook-avatar 404 in 2.2s (next.js: 157ms, application-code: 2.0s)
 GET /api/contacts/46865802-51ed-4d9d-9be0-192b2bf8a352/facebook-avatar 404 in 2.2s (next.js: 144ms, application-code: 2.1s)
 GET /api/contacts/2ef87be3-a6d3-4d77-97e8-b0b69b0341d5/facebook-avatar 404 in 2.2s (next.js: 130ms, application-code: 2.1s)
 GET /api/contacts/f374640e-4993-497e-b198-9c88e4549688/facebook-avatar 404 in 2.2s (next.js: 171ms, application-code: 2.0s)
 GET /api/contacts/45ddc152-73ec-4ed5-82ac-f53d35ea2272/facebook-avatar 404 in 2.2s (next.js: 183ms, application-code: 2.0s)
 GET /api/facebook/connection-attention 200 in 881ms (next.js: 26ms, application-code: 854ms)
 GET /api/workspaces 200 in 1507ms (next.js: 18ms, application-code: 1489ms)
 GET /api/team-chat/rooms 200 in 1497ms (next.js: 34ms, application-code: 1462ms)
 GET /api/team-notifications 200 in 609ms (next.js: 4ms, application-code: 605ms)
 GET /api/workspaces 200 in 1492ms (next.js: 37ms, application-code: 1455ms)
 GET /api/team-chat/rooms 200 in 1873ms (next.js: 5ms, application-code: 1868ms)
 GET /api/invitations/pending 200 in 761ms (next.js: 44ms, application-code: 717ms)
 GET /api/system-announcements/current 200 in 790ms (next.js: 28ms, application-code: 763ms)
 GET /api/workspaces 200 in 1353ms (next.js: 29ms, application-code: 1324ms)
{"event":"tenh.request_usage","at":"2026-09-14T08:21:15.381Z","businessId":"f92ebb56-d907-499e-a84d-c09180b849b6","route":"/api/workspaces","databaseRequests":12,"databaseResponseBytes":6300,"storageResponseBytes":0,"uploadBytes":0}
 POST /api/team/permissions 200 in 454ms (next.js: 57ms, application-code: 397ms)
 GET /api/team-notifications 200 in 1578ms (next.js: 12ms, application-code: 1565ms)
 GET /api/facebook/connection-attention 200 in 1165ms (next.js: 25ms, application-code: 1140ms)
 GET /dashboard/inbox?view=comment 200 in 3.8s (next.js: 11ms, proxy.ts: 196ms, application-code: 3.6s)
 GET /api/team-chat/rooms 200 in 2.6s (next.js: 10ms, application-code: 2.6s)
{"event":"tenh.request_usage","at":"2026-09-14T08:21:16.653Z","businessId":"f92ebb56-d907-499e-a84d-c09180b849b6","route":"/api/team-chat/rooms","databaseRequests":17,"databaseResponseBytes":4502,"storageResponseBytes":0,"uploadBytes":0}
 GET /api/inbox/channels 200 in 779ms (next.js: 39ms, application-code: 740ms)
 GET /api/contacts/f374640e-4993-497e-b198-9c88e4549688/facebook-avatar 404 in 1163ms (next.js: 92ms, application-code: 1071ms)
 GET /api/contacts/46865802-51ed-4d9d-9be0-192b2bf8a352/facebook-avatar 404 in 1188ms (next.js: 52ms, application-code: 1136ms)
 GET /api/contacts/ea534bb4-a2c1-4353-891a-0037bf77168d/facebook-avatar 404 in 1269ms (next.js: 71ms, application-code: 1198ms)
 GET /api/contacts/2ef87be3-a6d3-4d77-97e8-b0b69b0341d5/facebook-avatar 404 in 1324ms (next.js: 29ms, application-code: 1296ms)
 GET /api/contacts/45ddc152-73ec-4ed5-82ac-f53d35ea2272/facebook-avatar 404 in 1346ms (next.js: 113ms, application-code: 1233ms)
 GET /api/reminders?summary=1 200 in 568ms (next.js: 34ms, application-code: 533ms)
 GET /api/inbox/channels 200 in 669ms (next.js: 4ms, application-code: 665ms)
 GET /api/inbox/channels 200 in 685ms (next.js: 5ms, application-code: 680ms)
 GET /api/reminders?summary=1 200 in 671ms (next.js: 4ms, application-code: 666ms)
 POST /api/inbox/live-state 200 in 1305ms (next.js: 7ms, application-code: 1297ms)
{"event":"tenh.request_usage","at":"2026-09-14T08:21:18.966Z","businessId":"f92ebb56-d907-499e-a84d-c09180b849b6","route":"/api/inbox/live-state","databaseRequests":13,"databaseResponseBytes":289854,"storageResponseBytes":0,"uploadBytes":0}
 GET /api/inbox/views 200 in 1397ms (next.js: 36ms, application-code: 1361ms)
 GET /api/inbox/channels 200 in 853ms (next.js: 6ms, application-code: 847ms)
 GET /api/inbox/smart-view-options 200 in 1670ms (next.js: 30ms, application-code: 1640ms)
 GET /api/inbox/smart-view-options 200 in 1380ms (next.js: 8ms, application-code: 1372ms)
 GET /api/inbox/views 200 in 1431ms (next.js: 5ms, application-code: 1426ms)
 GET /api/contacts/1ecd7e41-e0fb-42f8-b0be-e7dac17e8a93/facebook-avatar 404 in 1290ms (next.js: 11ms, application-code: 1278ms)
 GET /api/contacts/fa0db57c-87eb-467c-9bba-dacbc41409d0/facebook-avatar 404 in 1289ms (next.js: 5ms, application-code: 1284ms)
 GET /api/contacts/f82b6724-a1e3-44d9-9b95-a422c4bfabc6/facebook-avatar 404 in 1176ms (next.js: 5ms, application-code: 1171ms)
 GET /api/contacts/63ccf245-01fb-4035-863c-f3b181780706/facebook-avatar 404 in 1375ms (next.js: 6ms, application-code: 1370ms)
 GET /dashboard/inbox 200 in 274ms (next.js: 19ms, proxy.ts: 229ms, application-code: 26ms)
 GET /api/facebook/connection-attention 200 in 939ms (next.js: 6ms, application-code: 933ms)
 GET /api/team-chat/rooms 200 in 1802ms (next.js: 6ms, application-code: 1796ms)
{"event":"tenh.request_usage","at":"2026-09-14T08:21:21.570Z","businessId":"f92ebb56-d907-499e-a84d-c09180b849b6","route":"/api/team-chat/rooms","databaseRequests":17,"databaseResponseBytes":4502,"storageResponseBytes":0,"uploadBytes":0}
 GET /api/workspaces 200 in 1455ms (next.js: 7ms, application-code: 1448ms)
{"event":"tenh.request_usage","at":"2026-09-14T08:21:21.723Z","businessId":"f92ebb56-d907-499e-a84d-c09180b849b6","route":"/api/workspaces","databaseRequests":12,"databaseResponseBytes":6300,"storageResponseBytes":0,"uploadBytes":0}
 POST /api/inbox/live-state 200 in 1952ms (next.js: 8ms, application-code: 1944ms)
{"event":"tenh.request_usage","at":"2026-09-14T08:21:22.079Z","businessId":"f92ebb56-d907-499e-a84d-c09180b849b6","route":"/api/inbox/live-state","databaseRequests":13,"databaseResponseBytes":289854,"storageResponseBytes":0,"uploadBytes":0}
 GET /api/contacts/fed0881b-f107-4f7f-bcd8-751e7c7cb64d/facebook-avatar 200 in 1808ms (next.js: 19ms, application-code: 1789ms)
 GET /api/conversations/be47cf54-1b1a-47b8-b6b4-90ef0de869ab/messages?limit=25 200 in 2.1s (next.js: 133ms, application-code: 1932ms)
 GET /api/contacts/ebf64ffd-d991-4d73-86c8-b0d4efcdae17/facebook-avatar 200 in 1546ms (next.js: 40ms, application-code: 1505ms)
 GET /api/contacts/4d9b5e87-25c5-4efd-aa12-f2d3e9f07a2d/facebook-avatar 200 in 1402ms (next.js: 7ms, application-code: 1394ms)
 GET /api/contacts/64048fc4-64ec-4307-a652-83a73b327dc8/facebook-avatar 200 in 1452ms (next.js: 7ms, application-code: 1445ms)
 GET /api/contacts/e11b1013-34f4-408a-a08b-f66368f5141c/facebook-avatar 200 in 1290ms (next.js: 13ms, application-code: 1277ms)
 GET /api/contacts/a54dca00-956f-4a10-8e61-27fa6986a231/facebook-avatar 200 in 1255ms (next.js: 8ms, application-code: 1247ms)
 GET /api/conversations/ee2b2403-17bc-40a1-aa45-3c5fac7e4476/messages?limit=25 200 in 1083ms (next.js: 14ms, application-code: 1069ms)
 GET /api/contacts/5d149179-94a8-42d9-9f82-6dc7ddaec6ee/facebook-avatar 200 in 1320ms (next.js: 11ms, application-code: 1309ms)
 GET /api/contacts/1d2fc9b3-5d90-42b3-bb3e-0be076156aeb/facebook-avatar 200 in 1384ms (next.js: 8ms, application-code: 1377ms)
 GET /api/conversations/e7aa7b1b-4aeb-40ba-b414-19acf5e19e86/messages?limit=25 200 in 1218ms (next.js: 7ms, application-code: 1211ms)
 GET /api/contacts/041e20e1-2fad-42a9-be2d-5dbe1708597a/facebook-avatar 404 in 1320ms (next.js: 22ms, application-code: 1298ms)
 GET /api/contacts/eaa173b8-903e-4be2-a787-80c307256552/facebook-avatar 404 in 1278ms (next.js: 14ms, application-code: 1264ms)
 GET /api/contacts/f6cccfc6-4c93-41a3-8ba7-9890d649b8fc/facebook-avatar 404 in 1338ms (next.js: 7ms, application-code: 1332ms)
 GET /api/contacts/e9cf3c5f-0039-4fe7-a93d-ffbe3500ffa4/facebook-avatar 404 in 1286ms (next.js: 12ms, application-code: 1273ms)
 GET /api/contacts/12adb6c1-c7a9-48dc-900b-887fd7fc7e78/facebook-avatar 404 in 1165ms (next.js: 9ms, application-code: 1156ms)
 GET /dashboard/inbox 200 in 2.5s (next.js: 14ms, proxy.ts: 139ms, application-code: 2.3s)
 GET /api/contacts/4a151a6f-17c4-4e1a-849a-acbe6d866d26/facebook-avatar 404 in 1250ms (next.js: 12ms, application-code: 1238ms)
 GET /api/contacts/664b13cd-5a25-4a7e-8cbc-027c1545c91b/facebook-avatar 404 in 1254ms (next.js: 9ms, application-code: 1246ms)
 GET /api/contacts/c3557414-c518-4572-95f7-e98e5815a2d5/facebook-avatar 404 in 1374ms (next.js: 13ms, application-code: 1361ms)
 GET /api/contacts/ca88b1b9-4a8a-4bd4-b924-620c9c802c3e/facebook-avatar 200 in 1334ms (next.js: 11ms, application-code: 1323ms)
 GET /api/contacts/a5a50545-36e0-453f-b53a-2320df3d67ed/facebook-avatar 404 in 1672ms (next.js: 16ms, application-code: 1656ms)
 GET /api/contacts/408794ad-fb22-4faf-a291-9e3ac9da6d81/facebook-avatar 200 in 1309ms (next.js: 7ms, application-code: 1301ms)
 GET /api/contacts/98b749f9-815d-42af-ba6e-56066967f933/facebook-avatar 200 in 1271ms (next.js: 8ms, application-code: 1263ms)
 GET /api/contacts/426e26e7-0fdd-4496-89b2-470871120b27/facebook-avatar 200 in 1325ms (next.js: 6ms, application-code: 1319ms)
 GET /api/contacts/fa930ae6-5214-4485-9cc5-154f9f3b0221/facebook-avatar 200 in 1376ms (next.js: 23ms, application-code: 1353ms)
 GET /api/contacts/2bceb000-9824-4f8d-9a24-a8578443768c/facebook-avatar 200 in 1391ms (next.js: 5ms, application-code: 1386ms)
 GET /api/contacts/c1b75ed7-5587-4ada-ad21-b3df2941429a/facebook-avatar 200 in 1541ms (next.js: 6ms, application-code: 1535ms)
 GET /api/contacts/84f48440-8cba-4eb3-875b-f2df7aae3f51/facebook-avatar 200 in 1328ms (next.js: 4ms, application-code: 1324ms)
 GET /api/contacts/4bbae68b-a4ac-4a0f-8197-83ce192d0e4e/facebook-avatar 200 in 1409ms (next.js: 6ms, application-code: 1403ms)
 GET /api/contacts/235a7281-256b-4760-9d56-6e62cb7acea7/facebook-avatar 200 in 1352ms (next.js: 5ms, application-code: 1347ms)
 GET /api/contacts/5c965874-aff1-4fab-b553-35e7aa4dab07/facebook-avatar 200 in 1464ms (next.js: 6ms, application-code: 1458ms)
 GET /api/contacts/2c20b105-128b-4c16-9c82-fb83ef9a4077/facebook-avatar 200 in 1471ms (next.js: 5ms, application-code: 1466ms)
 GET /api/contacts/f553af35-89d4-4c63-a294-20265b8dd4a7/facebook-avatar 200 in 2.0s (next.js: 6ms, application-code: 2.0s)
 GET /api/contacts/b74aeb79-627a-4a5b-a04d-12a6b9d354b4/facebook-avatar 200 in 1180ms (next.js: 4ms, application-code: 1175ms)
 GET /api/contacts/bb4e5fe8-1da5-49cb-83f0-83c60a7f49aa/facebook-avatar 404 in 1130ms (next.js: 5ms, application-code: 1125ms)
 GET /api/contacts/a1c4ca18-e1e9-405c-8417-ac4178bc4017/facebook-avatar 200 in 1453ms (next.js: 24ms, application-code: 1428ms)
 GET /api/conversations/be7e559e-3721-4e7a-914d-49c67cdcfecc/messages?limit=25 200 in 1049ms (next.js: 15ms, application-code: 1033ms)
 GET /api/contacts/f374640e-4993-497e-b198-9c88e4549688/facebook-avatar 404 in 1154ms (next.js: 25ms, application-code: 1129ms)
 GET /api/conversations/c4816277-1a52-4391-b32f-b2f3fbbaabde/messages?limit=25 200 in 1270ms (next.js: 12ms, application-code: 1259ms)
 GET /api/contacts/1ecd7e41-e0fb-42f8-b0be-e7dac17e8a93/facebook-avatar 404 in 1435ms (next.js: 71ms, application-code: 1364ms)
 GET /api/contacts/fa0db57c-87eb-467c-9bba-dacbc41409d0/facebook-avatar 404 in 1440ms (next.js: 91ms, application-code: 1349ms)
 GET /api/contacts/45ddc152-73ec-4ed5-82ac-f53d35ea2272/facebook-avatar 404 in 1630ms (next.js: 49ms, application-code: 1581ms)
 GET /dashboard/inbox?view=comment 200 in 2.5s (next.js: 11ms, proxy.ts: 179ms, application-code: 2.3s)
 GET /api/conversations/fd28061d-eeea-4f7f-8994-8ecd4c1a1492/messages?limit=25 200 in 1570ms (next.js: 14ms, application-code: 1557ms)
 GET /api/contacts/63ccf245-01fb-4035-863c-f3b181780706/facebook-avatar 404 in 1525ms (next.js: 15ms, application-code: 1511ms)
 GET /api/contacts/041e20e1-2fad-42a9-be2d-5dbe1708597a/facebook-avatar 404 in 1252ms (next.js: 6ms, application-code: 1246ms)
 GET /api/workspaces 200 in 1523ms (next.js: 5ms, application-code: 1518ms)
{"event":"tenh.request_usage","at":"2026-09-14T08:21:35.664Z","businessId":"f92ebb56-d907-499e-a84d-c09180b849b6","route":"/api/workspaces","databaseRequests":12,"databaseResponseBytes":6300,"storageResponseBytes":0,"uploadBytes":0}
 GET /api/contacts/eaa173b8-903e-4be2-a787-80c307256552/facebook-avatar 404 in 1095ms (next.js: 16ms, application-code: 1079ms)
 GET /api/conversations/2def6409-718f-439e-bb3b-1ff44a6f085c/messages?limit=25 200 in 127ms (next.js: 12ms, application-code: 115ms)
 GET /api/contacts/f6cccfc6-4c93-41a3-8ba7-9890d649b8fc/facebook-avatar 404 in 998ms (next.js: 5ms, application-code: 993ms)
 GET /api/contacts/e9cf3c5f-0039-4fe7-a93d-ffbe3500ffa4/facebook-avatar 404 in 1069ms (next.js: 5ms, application-code: 1064ms)
 GET /api/contacts/12adb6c1-c7a9-48dc-900b-887fd7fc7e78/facebook-avatar 404 in 1013ms (next.js: 6ms, application-code: 1007ms)
 GET /api/contacts/c3557414-c518-4572-95f7-e98e5815a2d5/facebook-avatar 404 in 1104ms (next.js: 4ms, application-code: 1101ms)
 GET /api/contacts/f82b6724-a1e3-44d9-9b95-a422c4bfabc6/facebook-avatar 404 in 2.9s (next.js: 6ms, application-code: 2.9s)
 GET /api/conversations/7b1ad7f9-566b-4449-bc3f-79d140c92cd4/messages?limit=25 200 in 1457ms (next.js: 6ms, application-code: 1451ms)
 GET /api/conversations/7b1ad7f9-566b-4449-bc3f-79d140c92cd4/message-pins 200 in 1325ms (next.js: 48ms, application-code: 1277ms)
 GET /api/conversations/7b1ad7f9-566b-4449-bc3f-79d140c92cd4/facebook-block 200 in 1503ms (next.js: 59ms, application-code: 1445ms)
 GET /api/conversations/7b1ad7f9-566b-4449-bc3f-79d140c92cd4/message-pins 200 in 1075ms (next.js: 7ms, application-code: 1067ms)
 GET /api/conversations/7b1ad7f9-566b-4449-bc3f-79d140c92cd4/messages?limit=25&live=1789374096363 200 in 1492ms (next.js: 8ms, application-code: 1484ms)
 GET /api/conversations/7b1ad7f9-566b-4449-bc3f-79d140c92cd4/facebook-block 200 in 1511ms (next.js: 8ms, application-code: 1504ms)
 GET /api/contacts/4a151a6f-17c4-4e1a-849a-acbe6d866d26/facebook-avatar 404 in 1120ms (next.js: 15ms, application-code: 1105ms)
 GET /api/contacts/664b13cd-5a25-4a7e-8cbc-027c1545c91b/facebook-avatar 404 in 1083ms (next.js: 6ms, application-code: 1077ms)
 GET /api/contacts/a5a50545-36e0-453f-b53a-2320df3d67ed/facebook-avatar 404 in 1026ms (next.js: 7ms, application-code: 1019ms)
 GET /api/conversations/2def6409-718f-439e-bb3b-1ff44a6f085c/messages?limit=25 200 in 1004ms (next.js: 13ms, application-code: 991ms)
 GET /api/conversations/67dcd266-e92e-4356-9b87-305e483a5baa/messages?limit=25 200 in 510ms (next.js: 10ms, application-code: 500ms)
 GET /api/conversations/54a2df4c-a9f0-4398-886a-ec2160afd3a1/messages?limit=25 200 in 513ms (next.js: 37ms, application-code: 477ms)
 GET /api/conversations/970f2aba-7aee-4814-8dea-c9a26e1c4d1f/messages?limit=25 200 in 1255ms (next.js: 22ms, application-code: 1233ms)
 GET /api/contacts/aa2311ae-df0c-48a7-b83b-891df0492fdc/facebook-avatar 404 in 1370ms (next.js: 6ms, application-code: 1364ms)
 GET /api/contacts/6a513261-9a80-46f9-ba91-3d2f15162f5e/facebook-avatar 404 in 1540ms (next.js: 6ms, application-code: 1534ms)
 GET /api/conversations/970f2aba-7aee-4814-8dea-c9a26e1c4d1f/message-pins 200 in 1215ms (next.js: 54ms, application-code: 1161ms)
 GET /api/contacts/5315c7f9-3842-4b45-8762-65fa5c886949/facebook-avatar 404 in 1547ms (next.js: 14ms, application-code: 1533ms)
 GET /api/conversations/970f2aba-7aee-4814-8dea-c9a26e1c4d1f/facebook-block 200 in 1336ms (next.js: 22ms, application-code: 1314ms)
 GET /api/conversations/970f2aba-7aee-4814-8dea-c9a26e1c4d1f/message-pins 200 in 1102ms (next.js: 9ms, application-code: 1093ms)
 GET /api/conversations/970f2aba-7aee-4814-8dea-c9a26e1c4d1f/messages?limit=25&live=1789374099505 200 in 1295ms (next.js: 31ms, application-code: 1265ms)
 GET /api/conversations/970f2aba-7aee-4814-8dea-c9a26e1c4d1f/facebook-block 200 in 1272ms (next.js: 9ms, application-code: 1263ms)
 GET /api/conversations/54a2df4c-a9f0-4398-886a-ec2160afd3a1/messages?limit=25 200 in 1183ms (next.js: 6ms, application-code: 1176ms)
 GET /api/contacts/7f5ece0a-4d24-482b-a85a-2bcd583d00b2/facebook-avatar 404 in 1443ms (next.js: 23ms, application-code: 1420ms)
 GET /api/contacts/97db28d4-b3b9-4534-b290-01395bb32260/facebook-avatar 404 in 1403ms (next.js: 10ms, application-code: 1392ms)
 GET /api/conversations/67dcd266-e92e-4356-9b87-305e483a5baa/messages?limit=25 200 in 992ms (next.js: 13ms, application-code: 979ms)
 GET /api/system-announcements/current 200 in 644ms (next.js: 37ms, application-code: 607ms)
 GET /api/team-notifications 200 in 1038ms (next.js: 9ms, application-code: 1030ms)
 GET /api/team-chat/rooms 200 in 1711ms (next.js: 7ms, application-code: 1704ms)
{"event":"tenh.request_usage","at":"2026-09-14T08:21:45.740Z","businessId":"f92ebb56-d907-499e-a84d-c09180b849b6","route":"/api/team-chat/rooms","databaseRequests":17,"databaseResponseBytes":4502,"storageResponseBytes":0,"uploadBytes":0}
 POST /api/inbox/live-state 200 in 1787ms (next.js: 6ms, application-code: 1782ms)
{"event":"tenh.request_usage","at":"2026-09-14T08:21:53.116Z","businessId":"f92ebb56-d907-499e-a84d-c09180b849b6","route":"/api/inbox/live-state","databaseRequests":13,"databaseResponseBytes":289854,"storageResponseBytes":0,"uploadBytes":0}
 GET /api/workspaces 200 in 1224ms (next.js: 4ms, application-code: 1219ms)
{"event":"tenh.request_usage","at":"2026-09-14T08:21:55.258Z","businessId":"f92ebb56-d907-499e-a84d-c09180b849b6","route":"/api/workspaces","databaseRequests":12,"databaseResponseBytes":6300,"storageResponseBytes":0,"uploadBytes":0}
 GET /api/contacts/c428baaf-a4fe-489b-bc5c-96b572d27760/facebook-avatar 404 in 2.3s (next.js: 9ms, application-code: 2.3s)
 GET /api/contacts/8607d9cd-98f6-477a-bdbf-bb78b3ff79e0/facebook-avatar 200 in 2.6s (next.js: 15ms, application-code: 2.6s)
 GET /api/conversations/ccffd124-b0b6-4e22-b84f-5fa4dab3a5c5/messages?limit=25 200 in 277ms (next.js: 15ms, application-code: 262ms)
 GET /api/contacts/5006c27f-68a2-4f77-8e55-b1904f85950e/facebook-avatar 200 in 2.1s (next.js: 7ms, application-code: 2.1s)
 GET /api/conversations/970f2aba-7aee-4814-8dea-c9a26e1c4d1f/messages?limit=25&live=1789374129508 200 in 321ms (next.js: 30ms, application-code: 291ms)
 GET /api/contacts/40ac2d1b-0ead-4f37-8d09-598196153c7d/facebook-avatar 404 in 2.3s (next.js: 5ms, application-code: 2.3s)
 GET /api/contacts/dfed1f5d-f61d-4b48-bcfa-f6a61bde508e/facebook-avatar 404 in 2.8s (next.js: 7ms, application-code: 2.8s)
 GET /api/contacts/737ce697-a91f-4a49-991f-814307dba180/facebook-avatar 404 in 2.6s (next.js: 5ms, application-code: 2.6s)
 GET /api/facebook/connection-attention 200 in 925ms (next.js: 13ms, application-code: 911ms)
 GET /api/conversations/32cb1bd0-84de-485b-b0cc-3f195820403f/messages?limit=25 200 in 2.1s (next.js: 7ms, application-code: 2.1s)
 GET /api/workspaces 200 in 1817ms (next.js: 31ms, application-code: 1786ms)
{"event":"tenh.request_usage","at":"2026-09-14T08:22:12.233Z","businessId":"f92ebb56-d907-499e-a84d-c09180b849b6","route":"/api/workspaces","databaseRequests":12,"databaseResponseBytes":6300,"storageResponseBytes":0,"uploadBytes":0}
 POST /api/inbox/live-state 200 in 2.4s (next.js: 10ms, application-code: 2.4s)
{"event":"tenh.request_usage","at":"2026-09-14T08:22:12.545Z","businessId":"f92ebb56-d907-499e-a84d-c09180b849b6","route":"/api/inbox/live-state","databaseRequests":13,"databaseResponseBytes":289854,"storageResponseBytes":0,"uploadBytes":0}
 GET /api/conversations/970f2aba-7aee-4814-8dea-c9a26e1c4d1f/facebook-block 200 in 1866ms (next.js: 15ms, application-code: 1851ms)
 GET /api/team-chat/rooms 200 in 2.7s (next.js: 14ms, application-code: 2.7s)
{"event":"tenh.request_usage","at":"2026-09-14T08:22:12.815Z","businessId":"f92ebb56-d907-499e-a84d-c09180b849b6","route":"/api/team-chat/rooms","databaseRequests":17,"databaseResponseBytes":4502,"storageResponseBytes":0,"uploadBytes":0}
 GET /api/conversations/970f2aba-7aee-4814-8dea-c9a26e1c4d1f/message-pins 200 in 1446ms (next.js: 15ms, application-code: 1431ms)
 GET /api/conversations/32cb1bd0-84de-485b-b0cc-3f195820403f/message-pins 200 in 1002ms (next.js: 4ms, application-code: 998ms)
 GET /api/conversations/32cb1bd0-84de-485b-b0cc-3f195820403f/facebook-block 200 in 1277ms (next.js: 7ms, application-code: 1269ms)
 GET /api/conversations/32cb1bd0-84de-485b-b0cc-3f195820403f/messages?limit=25&live=1789374130106 200 in 1074ms (next.js: 13ms, application-code: 1062ms)
 GET /api/conversations/32cb1bd0-84de-485b-b0cc-3f195820403f/message-pins 200 in 864ms (next.js: 14ms, application-code: 850ms)
 GET /api/conversations/32cb1bd0-84de-485b-b0cc-3f195820403f/facebook-block 200 in 1119ms (next.js: 11ms, application-code: 1108ms)
 GET /api/conversations/cece8e29-e808-40b7-8ce5-af6ac3d000a4/messages?limit=25 200 in 951ms (next.js: 4ms, application-code: 947ms)
 GET /api/conversations/57b5f797-fc46-4cf1-880c-c954726d6778/messages?limit=25 200 in 1038ms (next.js: 4ms, application-code: 1034ms)
 GET /api/conversations/8361ee30-d9d5-4a0b-bbe5-c2a88c63cf9b/messages?limit=25 200 in 1086ms (next.js: 5ms, application-code: 1081ms)
 GET /api/conversations/9c153480-14f5-43ac-b832-48feea99b09a/messages?limit=25 200 in 1003ms (next.js: 6ms, application-code: 997ms)
 GET /api/conversations/71b7e905-2497-46de-b732-ac7dfa78d658/messages?limit=25 200 in 945ms (next.js: 5ms, application-code: 940ms)
 GET /api/conversations/2d7ca3cb-58ad-422a-9824-b6bc4a9e5801/messages?limit=25 200 in 1024ms (next.js: 14ms, application-code: 1010ms)
 GET /api/conversations/55a19007-b236-4e52-8251-c3e2d74aff03/messages?limit=25 200 in 1221ms (next.js: 5ms, application-code: 1215ms)
 GET /api/conversations/087b1911-1a07-43fc-91b6-2f4413bcb99c/messages?limit=25 200 in 1242ms (next.js: 4ms, application-code: 1239ms)
 GET /api/conversations/e8aa0452-cfbe-4217-8f7b-d2c18171553e/messages?limit=25 200 in 1292ms (next.js: 5ms, application-code: 1287ms)
 GET /api/system-announcements/current 200 in 658ms (next.js: 4ms, application-code: 653ms)
 GET /api/workspaces 200 in 1083ms (next.js: 4ms, application-code: 1079ms)
{"event":"tenh.request_usage","at":"2026-09-14T08:22:15.801Z","businessId":"f92ebb56-d907-499e-a84d-c09180b849b6","route":"/api/workspaces","databaseRequests":12,"databaseResponseBytes":6300,"storageResponseBytes":0,"uploadBytes":0}
 GET /api/invitations/pending 200 in 340ms (next.js: 3ms, application-code: 337ms)
 GET /api/team-notifications 200 in 1318ms (next.js: 5ms, application-code: 1313ms)
 GET /api/facebook/connection-attention 200 in 537ms (next.js: 4ms, application-code: 532ms)
 GET /api/team-chat/rooms 200 in 1686ms (next.js: 4ms, application-code: 1682ms)
{"event":"tenh.request_usage","at":"2026-09-14T08:22:16.331Z","businessId":"f92ebb56-d907-499e-a84d-c09180b849b6","route":"/api/team-chat/rooms","databaseRequests":17,"databaseResponseBytes":4502,"storageResponseBytes":0,"uploadBytes":0}
 GET /api/contacts/3dfc7e82-9f70-4fa5-bc8b-015b710d1cd7/facebook-avatar 404 in 1228ms (next.js: 9ms, application-code: 1219ms)
 GET /api/contacts/50b0f071-df6f-4ee6-871b-6911d7de6138/facebook-avatar 404 in 1367ms (next.js: 12ms, application-code: 1356ms)
 POST /api/inbox/live-state 200 in 1435ms (next.js: 4ms, application-code: 1430ms)
{"event":"tenh.request_usage","at":"2026-09-14T08:22:24.573Z","businessId":"f92ebb56-d907-499e-a84d-c09180b849b6","route":"/api/inbox/live-state","databaseRequests":13,"databaseResponseBytes":289854,"storageResponseBytes":0,"uploadBytes":0}
 GET /api/workspaces 200 in 1111ms (next.js: 4ms, application-code: 1107ms)
{"event":"tenh.request_usage","at":"2026-09-14T08:22:35.146Z","businessId":"f92ebb56-d907-499e-a84d-c09180b849b6","route":"/api/workspaces","databaseRequests":12,"databaseResponseBytes":6300,"storageResponseBytes":0,"uploadBytes":0}
 GET /api/conversations/32cb1bd0-84de-485b-b0cc-3f195820403f/messages?limit=25&live=1789374160120 200 in 1148ms (next.js: 13ms, application-code: 1135ms)
 GET /api/system-announcements/current 200 in 628ms (next.js: 22ms, application-code: 606ms)
 GET /api/team-notifications 200 in 795ms (next.js: 7ms, application-code: 789ms)
 GET /api/team-chat/rooms 200 in 1482ms (next.js: 7ms, application-code: 1475ms)
{"event":"tenh.request_usage","at":"2026-09-14T08:22:45.520Z","businessId":"f92ebb56-d907-499e-a84d-c09180b849b6","route":"/api/team-chat/rooms","databaseRequests":17,"databaseResponseBytes":4502,"storageResponseBytes":0,"uploadBytes":0}
 GET /api/workspaces 200 in 1327ms (next.js: 4ms, application-code: 1323ms)
{"event":"tenh.request_usage","at":"2026-09-14T08:22:55.367Z","businessId":"f92ebb56-d907-499e-a84d-c09180b849b6","route":"/api/workspaces","databaseRequests":12,"databaseResponseBytes":6300,"storageResponseBytes":0,"uploadBytes":0}
 POST /api/inbox/live-state 200 in 1508ms (next.js: 4ms, application-code: 1504ms)
{"event":"tenh.request_usage","at":"2026-09-14T08:22:56.093Z","businessId":"f92ebb56-d907-499e-a84d-c09180b849b6","route":"/api/inbox/live-state","databaseRequests":13,"databaseResponseBytes":289854,"storageResponseBytes":0,"uploadBytes":0}
 GET /api/conversations/32cb1bd0-84de-485b-b0cc-3f195820403f/messages?limit=25&live=1789374191280 200 in 1229ms (next.js: 12ms, application-code: 1217ms)
 GET /api/invitations/pending 200 in 456ms (next.js: 23ms, application-code: 433ms)
 GET /api/facebook/connection-attention 200 in 727ms (next.js: 32ms, application-code: 696ms)
 GET /api/system-announcements/current 200 in 733ms (next.js: 14ms, application-code: 719ms)
 GET /api/team-notifications 200 in 1209ms (next.js: 6ms, application-code: 1203ms)
 GET /api/workspaces 200 in 1353ms (next.js: 8ms, application-code: 1345ms)
{"event":"tenh.request_usage","at":"2026-09-14T08:23:15.412Z","businessId":"f92ebb56-d907-499e-a84d-c09180b849b6","route":"/api/workspaces","databaseRequests":12,"databaseResponseBytes":6300,"storageResponseBytes":0,"uploadBytes":0}
 GET /api/team-chat/rooms 200 in 1758ms (next.js: 9ms, application-code: 1749ms)
{"event":"tenh.request_usage","at":"2026-09-14T08:23:15.796Z","businessId":"f92ebb56-d907-499e-a84d-c09180b849b6","route":"/api/team-chat/rooms","databaseRequests":17,"databaseResponseBytes":4502,"storageResponseBytes":0,"uploadBytes":0}
 POST /api/inbox/live-state 200 in 1462ms (next.js: 7ms, application-code: 1455ms)
{"event":"tenh.request_usage","at":"2026-09-14T08:23:27.571Z","businessId":"f92ebb56-d907-499e-a84d-c09180b849b6","route":"/api/inbox/live-state","databaseRequests":13,"databaseResponseBytes":289854,"storageResponseBytes":0,"uploadBytes":0}
 GET /api/workspaces 200 in 1182ms (next.js: 4ms, application-code: 1177ms)
{"event":"tenh.request_usage","at":"2026-09-14T08:23:35.222Z","businessId":"f92ebb56-d907-499e-a84d-c09180b849b6","route":"/api/workspaces","databaseRequests":12,"databaseResponseBytes":6300,"storageResponseBytes":0,"uploadBytes":0}
 GET /api/conversations/32cb1bd0-84de-485b-b0cc-3f195820403f/messages?limit=25&live=1789374222518 200 in 1487ms (next.js: 12ms, application-code: 1475ms)
 GET /api/system-announcements/current 200 in 633ms (next.js: 16ms, application-code: 617ms)
 GET /api/team-notifications 200 in 988ms (next.js: 7ms, application-code: 981ms)
 GET /api/team-chat/rooms 200 in 1804ms (next.js: 6ms, application-code: 1797ms)
{"event":"tenh.request_usage","at":"2026-09-14T08:23:45.835Z","businessId":"f92ebb56-d907-499e-a84d-c09180b849b6","route":"/api/team-chat/rooms","databaseRequests":17,"databaseResponseBytes":4502,"storageResponseBytes":0,"uploadBytes":0}
 GET /api/workspaces 200 in 1163ms (next.js: 4ms, application-code: 1159ms)
{"event":"tenh.request_usage","at":"2026-09-14T08:23:55.195Z","businessId":"f92ebb56-d907-499e-a84d-c09180b849b6","route":"/api/workspaces","databaseRequests":12,"databaseResponseBytes":6300,"storageResponseBytes":0,"uploadBytes":0}
 POST /api/inbox/live-state 200 in 1376ms (next.js: 4ms, application-code: 1372ms)
{"event":"tenh.request_usage","at":"2026-09-14T08:23:58.961Z","businessId":"f92ebb56-d907-499e-a84d-c09180b849b6","route":"/api/inbox/live-state","databaseRequests":13,"databaseResponseBytes":289854,"storageResponseBytes":0,"uploadBytes":0}
 GET /api/invitations/pending 200 in 497ms (next.js: 45ms, application-code: 453ms)
 GET /api/system-announcements/current 200 in 631ms (next.js: 34ms, application-code: 596ms)
 GET /api/facebook/connection-attention 200 in 524ms (next.js: 7ms, application-code: 518ms)
 GET /api/team-notifications 200 in 1064ms (next.js: 25ms, application-code: 1040ms)
 GET /api/conversations/32cb1bd0-84de-485b-b0cc-3f195820403f/messages?limit=25&live=1789374254013 200 in 1171ms (next.js: 10ms, application-code: 1161ms)
 GET /api/workspaces 200 in 1355ms (next.js: 14ms, application-code: 1341ms)
{"event":"tenh.request_usage","at":"2026-09-14T08:24:15.398Z","businessId":"f92ebb56-d907-499e-a84d-c09180b849b6","route":"/api/workspaces","databaseRequests":12,"databaseResponseBytes":6300,"storageResponseBytes":0,"uploadBytes":0}
 GET /api/team-chat/rooms 200 in 1755ms (next.js: 5ms, application-code: 1750ms)
{"event":"tenh.request_usage","at":"2026-09-14T08:24:15.798Z","businessId":"f92ebb56-d907-499e-a84d-c09180b849b6","route":"/api/team-chat/rooms","databaseRequests":17,"databaseResponseBytes":4502,"storageResponseBytes":0,"uploadBytes":0}
 POST /api/inbox/live-state 200 in 1785ms (next.js: 4ms, application-code: 1781ms)
{"event":"tenh.request_usage","at":"2026-09-14T08:24:30.758Z","businessId":"f92ebb56-d907-499e-a84d-c09180b849b6","route":"/api/inbox/live-state","databaseRequests":13,"databaseResponseBytes":289854,"storageResponseBytes":0,"uploadBytes":0}
 GET /api/workspaces 200 in 997ms (next.js: 3ms, application-code: 993ms)
{"event":"tenh.request_usage","at":"2026-09-14T08:24:35.037Z","businessId":"f92ebb56-d907-499e-a84d-c09180b849b6","route":"/api/workspaces","databaseRequests":12,"databaseResponseBytes":6300,"storageResponseBytes":0,"uploadBytes":0}
 GET /api/system-announcements/current 200 in 934ms (next.js: 14ms, application-code: 920ms)
 GET /api/team-notifications 200 in 1265ms (next.js: 4ms, application-code: 1262ms)
 GET /api/team-chat/rooms 200 in 1902ms (next.js: 5ms, application-code: 1897ms)
{"event":"tenh.request_usage","at":"2026-09-14T08:24:45.927Z","businessId":"f92ebb56-d907-499e-a84d-c09180b849b6","route":"/api/team-chat/rooms","databaseRequests":17,"databaseResponseBytes":4502,"storageResponseBytes":0,"uploadBytes":0}
 GET /api/conversations/32cb1bd0-84de-485b-b0cc-3f195820403f/messages?limit=25&live=1789374285199 200 in 1039ms (next.js: 12ms, application-code: 1027ms)
 GET /api/workspaces 200 in 1131ms (next.js: 4ms, application-code: 1127ms)
{"event":"tenh.request_usage","at":"2026-09-14T08:24:55.167Z","businessId":"f92ebb56-d907-499e-a84d-c09180b849b6","route":"/api/workspaces","databaseRequests":12,"databaseResponseBytes":6300,"storageResponseBytes":0,"uploadBytes":0}
 POST /api/inbox/live-state 200 in 1571ms (next.js: 4ms, application-code: 1567ms)
{"event":"tenh.request_usage","at":"2026-09-14T08:25:02.335Z","businessId":"f92ebb56-d907-499e-a84d-c09180b849b6","route":"/api/inbox/live-state","databaseRequests":13,"databaseResponseBytes":289854,"storageResponseBytes":0,"uploadBytes":0}
 GET /api/invitations/pending 200 in 464ms (next.js: 29ms, application-code: 435ms)
 GET /api/system-announcements/current 200 in 573ms (next.js: 22ms, application-code: 551ms)
 GET /api/facebook/connection-attention 200 in 633ms (next.js: 26ms, application-code: 606ms)
 GET /api/team-notifications 200 in 1033ms (next.js: 12ms, application-code: 1021ms)
 GET /api/workspaces 200 in 1302ms (next.js: 5ms, application-code: 1297ms)
{"event":"tenh.request_usage","at":"2026-09-14T08:25:15.349Z","businessId":"f92ebb56-d907-499e-a84d-c09180b849b6","route":"/api/workspaces","databaseRequests":12,"databaseResponseBytes":6300,"storageResponseBytes":0,"uploadBytes":0}
 GET /api/team-chat/rooms 200 in 1475ms (next.js: 5ms, application-code: 1470ms)
{"event":"tenh.request_usage","at":"2026-09-14T08:25:15.508Z","businessId":"f92ebb56-d907-499e-a84d-c09180b849b6","route":"/api/team-chat/rooms","databaseRequests":17,"databaseResponseBytes":4502,"storageResponseBytes":0,"uploadBytes":0}
 GET /api/conversations/32cb1bd0-84de-485b-b0cc-3f195820403f/messages?limit=25&live=1789374316252 200 in 1103ms (next.js: 10ms, application-code: 1093ms)
 POST /api/inbox/live-state 200 in 1366ms (next.js: 4ms, application-code: 1362ms)
{"event":"tenh.request_usage","at":"2026-09-14T08:25:33.716Z","businessId":"f92ebb56-d907-499e-a84d-c09180b849b6","route":"/api/inbox/live-state","databaseRequests":13,"databaseResponseBytes":289854,"storageResponseBytes":0,"uploadBytes":0}
 GET /api/workspaces 200 in 959ms (next.js: 5ms, application-code: 954ms)
{"event":"tenh.request_usage","at":"2026-09-14T08:25:34.997Z","businessId":"f92ebb56-d907-499e-a84d-c09180b849b6","route":"/api/workspaces","databaseRequests":12,"databaseResponseBytes":6300,"storageResponseBytes":0,"uploadBytes":0}
 GET /api/system-announcements/current 200 in 729ms (next.js: 70ms, application-code: 659ms)
 GET /api/team-notifications 200 in 1055ms (next.js: 37ms, application-code: 1018ms)
 GET /api/team-chat/rooms 200 in 1794ms (next.js: 11ms, application-code: 1783ms)
{"event":"tenh.request_usage","at":"2026-09-14T08:25:45.829Z","businessId":"f92ebb56-d907-499e-a84d-c09180b849b6","route":"/api/team-chat/rooms","databaseRequests":17,"databaseResponseBytes":4502,"storageResponseBytes":0,"uploadBytes":0}
 GET /api/conversations/32cb1bd0-84de-485b-b0cc-3f195820403f/messages?limit=25&live=1789374347374 200 in 1253ms (next.js: 30ms, application-code: 1223ms)
 GET /api/workspaces 200 in 1210ms (next.js: 10ms, application-code: 1201ms)
{"event":"tenh.request_usage","at":"2026-09-14T08:25:55.259Z","businessId":"f92ebb56-d907-499e-a84d-c09180b849b6","route":"/api/workspaces","databaseRequests":12,"databaseResponseBytes":6300,"storageResponseBytes":0,"uploadBytes":0}
 POST /api/inbox/live-state 200 in 1640ms (next.js: 4ms, application-code: 1637ms)
{"event":"tenh.request_usage","at":"2026-09-14T08:26:05.363Z","businessId":"f92ebb56-d907-499e-a84d-c09180b849b6","route":"/api/inbox/live-state","databaseRequests":13,"databaseResponseBytes":289854,"storageResponseBytes":0,"uploadBytes":0}
 GET /api/facebook/connection-attention 200 in 723ms (next.js: 34ms, application-code: 689ms)
 GET /api/conversations/32cb1bd0-84de-485b-b0cc-3f195820403f/messages?limit=25&live=1789374369533 200 in 1399ms (next.js: 16ms, application-code: 1383ms)
 GET /api/workspaces 200 in 1628ms (next.js: 21ms, application-code: 1607ms)
{"event":"tenh.request_usage","at":"2026-09-14T08:26:11.201Z","businessId":"f92ebb56-d907-499e-a84d-c09180b849b6","route":"/api/workspaces","databaseRequests":12,"databaseResponseBytes":6300,"storageResponseBytes":0,"uploadBytes":0}
 GET /api/conversations/32cb1bd0-84de-485b-b0cc-3f195820403f/facebook-block 200 in 1930ms (next.js: 63ms, application-code: 1867ms)
 POST /api/inbox/live-state 200 in 2.2s (next.js: 10ms, application-code: 2.1s)
{"event":"tenh.request_usage","at":"2026-09-14T08:26:11.731Z","businessId":"f92ebb56-d907-499e-a84d-c09180b849b6","route":"/api/inbox/live-state","databaseRequests":13,"databaseResponseBytes":289854,"storageResponseBytes":0,"uploadBytes":0}
 GET /api/conversations/32cb1bd0-84de-485b-b0cc-3f195820403f/message-pins 200 in 1654ms (next.js: 19ms, application-code: 1635ms)
 GET /api/conversations/fd28061d-eeea-4f7f-8994-8ecd4c1a1492/facebook-block 200 in 1123ms (next.js: 18ms, application-code: 1105ms)
 GET /api/conversations/fd28061d-eeea-4f7f-8994-8ecd4c1a1492/messages?limit=25 200 in 1497ms (next.js: 17ms, application-code: 1479ms)
 GET /api/team-chat/rooms 200 in 3.2s (next.js: 7ms, application-code: 3.2s)
 GET /api/conversations/fd28061d-eeea-4f7f-8994-8ecd4c1a1492/message-pins 200 in 954ms (next.js: 18ms, application-code: 936ms)
 GET /api/invitations/pending 200 in 852ms (next.js: 40ms, application-code: 811ms)
 GET /api/system-announcements/current 200 in 1030ms (next.js: 25ms, application-code: 1005ms)
 GET /dashboard/inbox?view=comment 200 in 4.1s (next.js: 28ms, proxy.ts: 193ms, application-code: 3.8s)
 POST /api/team/permissions 200 in 753ms (next.js: 20ms, application-code: 733ms)
 GET /api/facebook/connection-attention 200 in 1129ms (next.js: 6ms, application-code: 1124ms)
 GET /api/workspaces 200 in 2.7s (next.js: 42ms, application-code: 2.6s)
{"event":"tenh.request_usage","at":"2026-09-14T08:26:15.736Z","businessId":"f92ebb56-d907-499e-a84d-c09180b849b6","route":"/api/workspaces","databaseRequests":12,"databaseResponseBytes":6300,"storageResponseBytes":0,"uploadBytes":0}
 GET /api/team-notifications 200 in 2.6s (next.js: 9ms, application-code: 2.6s)
 GET /api/team-chat/rooms 200 in 2.7s (next.js: 10ms, application-code: 2.7s)
{"event":"tenh.request_usage","at":"2026-09-14T08:26:15.826Z","businessId":"f92ebb56-d907-499e-a84d-c09180b849b6","route":"/api/team-chat/rooms","databaseRequests":17,"databaseResponseBytes":4502,"storageResponseBytes":0,"uploadBytes":0}
 GET /api/contacts/46865802-51ed-4d9d-9be0-192b2bf8a352/facebook-avatar 404 in 2.1s (next.js: 17ms, application-code: 2.1s)
 GET /api/contacts/45ddc152-73ec-4ed5-82ac-f53d35ea2272/facebook-avatar 404 in 1631ms (next.js: 6ms, application-code: 1625ms)
 GET /api/contacts/2ef87be3-a6d3-4d77-97e8-b0b69b0341d5/facebook-avatar 404 in 1697ms (next.js: 5ms, application-code: 1692ms)
 GET /api/contacts/f374640e-4993-497e-b198-9c88e4549688/facebook-avatar 404 in 1273ms (next.js: 11ms, application-code: 1262ms)
 GET /api/contacts/ea534bb4-a2c1-4353-891a-0037bf77168d/facebook-avatar 404 in 1279ms (next.js: 6ms, application-code: 1273ms)
 GET /api/contacts/1ecd7e41-e0fb-42f8-b0be-e7dac17e8a93/facebook-avatar 404 in 1245ms (next.js: 7ms, application-code: 1238ms)
 GET /api/reminders?summary=1 200 in 471ms (next.js: 5ms, application-code: 467ms)
 GET /api/inbox/channels 200 in 685ms (next.js: 6ms, application-code: 679ms)
 GET /api/inbox/channels 200 in 635ms (next.js: 8ms, application-code: 627ms)
 GET /api/contacts/fa0db57c-87eb-467c-9bba-dacbc41409d0/facebook-avatar 404 in 1255ms (next.js: 7ms, application-code: 1248ms)
 GET /api/contacts/63ccf245-01fb-4035-863c-f3b181780706/facebook-avatar 404 in 1347ms (next.js: 7ms, application-code: 1341ms)
 GET /api/inbox/smart-view-options 200 in 1324ms (next.js: 21ms, application-code: 1303ms)
 POST /api/inbox/live-state 200 in 1165ms (next.js: 5ms, application-code: 1160ms)
{"event":"tenh.request_usage","at":"2026-09-14T08:26:18.697Z","businessId":"f92ebb56-d907-499e-a84d-c09180b849b6","route":"/api/inbox/live-state","databaseRequests":13,"databaseResponseBytes":289854,"storageResponseBytes":0,"uploadBytes":0}
 GET /api/inbox/views 200 in 1431ms (next.js: 5ms, application-code: 1426ms)
 GET /api/contacts/041e20e1-2fad-42a9-be2d-5dbe1708597a/facebook-avatar 404 in 1275ms (next.js: 6ms, application-code: 1269ms)
 GET /api/contacts/f82b6724-a1e3-44d9-9b95-a422c4bfabc6/facebook-avatar 404 in 1386ms (next.js: 20ms, application-code: 1367ms)
 GET /api/contacts/f6cccfc6-4c93-41a3-8ba7-9890d649b8fc/facebook-avatar 404 in 1342ms (next.js: 18ms, application-code: 1324ms)
 GET /api/contacts/e9cf3c5f-0039-4fe7-a93d-ffbe3500ffa4/facebook-avatar 404 in 1365ms (next.js: 26ms, application-code: 1339ms)
 GET /api/contacts/eaa173b8-903e-4be2-a787-80c307256552/facebook-avatar 404 in 1392ms (next.js: 8ms, application-code: 1385ms)
 GET /api/contacts/12adb6c1-c7a9-48dc-900b-887fd7fc7e78/facebook-avatar 404 in 1304ms (next.js: 5ms, application-code: 1299ms)
 POST /api/inbox/live-state 200 in 1288ms (next.js: 5ms, application-code: 1283ms)
{"event":"tenh.request_usage","at":"2026-09-14T08:26:21.033Z","businessId":"f92ebb56-d907-499e-a84d-c09180b849b6","route":"/api/inbox/live-state","databaseRequests":13,"databaseResponseBytes":289854,"storageResponseBytes":0,"uploadBytes":0}
 GET /api/contacts/664b13cd-5a25-4a7e-8cbc-027c1545c91b/facebook-avatar 404 in 1193ms (next.js: 6ms, application-code: 1187ms)
 GET /api/contacts/c3557414-c518-4572-95f7-e98e5815a2d5/facebook-avatar 404 in 1570ms (next.js: 12ms, application-code: 1559ms)
 GET /api/contacts/6a513261-9a80-46f9-ba91-3d2f15162f5e/facebook-avatar 404 in 1178ms (next.js: 7ms, application-code: 1172ms)
 GET /api/contacts/a5a50545-36e0-453f-b53a-2320df3d67ed/facebook-avatar 404 in 1345ms (next.js: 6ms, application-code: 1338ms)
 GET /api/contacts/4a151a6f-17c4-4e1a-849a-acbe6d866d26/facebook-avatar 404 in 1430ms (next.js: 5ms, application-code: 1426ms)
 GET /api/contacts/aa2311ae-df0c-48a7-b83b-891df0492fdc/facebook-avatar 404 in 1130ms (next.js: 19ms, application-code: 1112ms)
 GET /api/contacts/5315c7f9-3842-4b45-8762-65fa5c886949/facebook-avatar 404 in 1179ms (next.js: 7ms, application-code: 1172ms)
 GET /api/contacts/7f5ece0a-4d24-482b-a85a-2bcd583d00b2/facebook-avatar 404 in 1106ms (next.js: 7ms, application-code: 1099ms)
 GET /api/workspaces 200 in 1251ms (next.js: 13ms, application-code: 1238ms)
{"event":"tenh.request_usage","at":"2026-09-14T08:26:34.349Z","businessId":"f92ebb56-d907-499e-a84d-c09180b849b6","route":"/api/workspaces","databaseRequests":12,"databaseResponseBytes":6300,"storageResponseBytes":0,"uploadBytes":0}
 GET /api/system-announcements/current 200 in 655ms (next.js: 21ms, application-code: 634ms)
 GET /api/team-notifications 200 in 1059ms (next.js: 8ms, application-code: 1051ms)
 GET /api/team-chat/rooms 200 in 1962ms (next.js: 6ms, application-code: 1956ms)
{"event":"tenh.request_usage","at":"2026-09-14T08:26:45.047Z","businessId":"f92ebb56-d907-499e-a84d-c09180b849b6","route":"/api/team-chat/rooms","databaseRequests":17,"databaseResponseBytes":4502,"storageResponseBytes":0,"uploadBytes":0}
 POST /api/inbox/live-state 200 in 1399ms (next.js: 11ms, application-code: 1389ms)
{"event":"tenh.request_usage","at":"2026-09-14T08:26:52.454Z","businessId":"f92ebb56-d907-499e-a84d-c09180b849b6","route":"/api/inbox/live-state","databaseRequests":13,"databaseResponseBytes":289854,"storageResponseBytes":0,"uploadBytes":0}
 GET /api/workspaces 200 in 1845ms (next.js: 5ms, application-code: 1840ms)
{"event":"tenh.request_usage","at":"2026-09-14T08:26:54.941Z","businessId":"f92ebb56-d907-499e-a84d-c09180b849b6","route":"/api/workspaces","databaseRequests":12,"databaseResponseBytes":6300,"storageResponseBytes":0,"uploadBytes":0}
 GET /api/conversations/7b1ad7f9-566b-4449-bc3f-79d140c92cd4/messages?limit=25 200 in 1073ms (next.js: 13ms, application-code: 1060ms)
 GET /api/conversations/c4816277-1a52-4391-b32f-b2f3fbbaabde/messages?limit=25 200 in 1216ms (next.js: 6ms, application-code: 1209ms)
 GET /api/conversations/970f2aba-7aee-4814-8dea-c9a26e1c4d1f/messages?limit=25 200 in 1086ms (next.js: 5ms, application-code: 1081ms)
 GET /api/conversations/67dcd266-e92e-4356-9b87-305e483a5baa/messages?limit=25 200 in 1256ms (next.js: 5ms, application-code: 1251ms)
 GET /api/conversations/54a2df4c-a9f0-4398-886a-ec2160afd3a1/messages?limit=25 200 in 1177ms (next.js: 5ms, application-code: 1172ms)
 GET /api/conversations/10dc5c08-db1c-4485-b426-a27efadaf06d/messages?limit=25 200 in 1013ms (next.js: 7ms, application-code: 1006ms)
 GET /api/contacts/97db28d4-b3b9-4534-b290-01395bb32260/facebook-avatar 404 in 1184ms (next.js: 14ms, application-code: 1169ms)
 GET /api/conversations/3e1d446b-80ea-44c2-bce6-bcc925cf7774/messages?limit=25 200 in 909ms (next.js: 4ms, application-code: 905ms)
 GET /api/conversations/118e9ff1-3f44-455d-ac54-224b8172f673/messages?limit=25 200 in 1131ms (next.js: 9ms, application-code: 1122ms)
 GET /api/conversations/9c153480-14f5-43ac-b832-48feea99b09a/messages?limit=25 200 in 1187ms (next.js: 5ms, application-code: 1182ms)
 GET /api/conversations/e88bfbe9-4a4d-46b0-b9be-734cccf8e05d/messages?limit=25 200 in 1220ms (next.js: 3ms, application-code: 1217ms)
 GET /api/conversations/57b5f797-fc46-4cf1-880c-c954726d6778/messages?limit=25 200 in 1104ms (next.js: 3ms, application-code: 1101ms)
 GET /api/conversations/8361ee30-d9d5-4a0b-bbe5-c2a88c63cf9b/messages?limit=25 200 in 1085ms (next.js: 14ms, application-code: 1071ms)
 GET /api/conversations/ccffd124-b0b6-4e22-b84f-5fa4dab3a5c5/messages?limit=25 200 in 1022ms (next.js: 5ms, application-code: 1017ms)
 GET /api/conversations/cf2ea9c3-5143-4842-ae76-6a72df5d0502/messages?limit=25 200 in 1151ms (next.js: 5ms, application-code: 1146ms)
 GET /api/conversations/4515767e-6b6d-4fa8-a681-b06febbf53f4/messages?limit=25 200 in 993ms (next.js: 6ms, application-code: 986ms)
 GET /api/conversations/c11f3d3c-ad18-45ac-95fe-467f3d962b48/messages?limit=25 200 in 1021ms (next.js: 7ms, application-code: 1014ms)
 GET /api/conversations/4bce34da-cdd7-47d9-bf1d-0d954962b20c/messages?limit=25 200 in 961ms (next.js: 13ms, application-code: 949ms)
 GET /api/contacts/dfed1f5d-f61d-4b48-bcfa-f6a61bde508e/facebook-avatar 404 in 1112ms (next.js: 12ms, application-code: 1099ms)
 GET /api/contacts/c428baaf-a4fe-489b-bc5c-96b572d27760/facebook-avatar 404 in 1193ms (next.js: 6ms, application-code: 1187ms)
 GET /api/contacts/40ac2d1b-0ead-4f37-8d09-598196153c7d/facebook-avatar 404 in 1148ms (next.js: 5ms, application-code: 1143ms)
 GET /api/conversations/cbde9660-081d-4c17-96e5-c427e1f409b5/messages?limit=25 200 in 164ms (next.js: 10ms, application-code: 155ms)
 GET /api/contacts/737ce697-a91f-4a49-991f-814307dba180/facebook-avatar 404 in 1292ms (next.js: 5ms, application-code: 1288ms)
 GET /api/contacts/50b0f071-df6f-4ee6-871b-6911d7de6138/facebook-avatar 404 in 1200ms (next.js: 4ms, application-code: 1196ms)
 GET /api/contacts/3dfc7e82-9f70-4fa5-bc8b-015b710d1cd7/facebook-avatar 404 in 1170ms (next.js: 5ms, application-code: 1165ms)
 GET /api/contacts/440077c1-8e13-418c-9166-f54830cdf4d8/facebook-avatar 404 in 1129ms (next.js: 16ms, application-code: 1114ms)
 GET /api/contacts/1b6dab51-d152-4b0f-807b-ce3b1230162f/facebook-avatar 200 in 1295ms (next.js: 6ms, application-code: 1289ms)
 GET /api/contacts/a5b21f51-2e15-41f1-b1b6-cb5924b390bd/facebook-avatar 404 in 1237ms (next.js: 5ms, application-code: 1231ms)
 GET /api/contacts/823ca5f3-0c86-4798-a3f7-771b795d3258/facebook-avatar 404 in 1487ms (next.js: 4ms, application-code: 1483ms)
 GET /api/contacts/d906ee78-be00-46e9-bf02-bfb85e790431/facebook-avatar 404 in 1310ms (next.js: 5ms, application-code: 1305ms)
 GET /api/contacts/629717b0-0117-4b78-8e23-51a9f195aff4/facebook-avatar 200 in 1777ms (next.js: 6ms, application-code: 1771ms)
 GET /api/contacts/8f1ba666-a02b-4c28-9b22-2edcafb92477/facebook-avatar 404 in 1255ms (next.js: 6ms, application-code: 1249ms)
 GET /api/contacts/77f5bfc3-9b94-4212-8767-f0b979ef5223/facebook-avatar 200 in 1485ms (next.js: 11ms, application-code: 1474ms)
 GET /api/contacts/8a3c2b03-fc98-4611-b2ea-4551d5ff1473/facebook-avatar 200 in 1569ms (next.js: 4ms, application-code: 1565ms)
 GET /api/contacts/1b2cf5c6-fc20-47bf-8ef9-b4805b7f7de7/facebook-avatar 404 in 1428ms (next.js: 5ms, application-code: 1422ms)
 GET /api/contacts/20506c91-80ff-49ea-a260-b9a701e53cee/facebook-avatar 200 in 1227ms (next.js: 16ms, application-code: 1211ms)
 GET /api/contacts/223c8f29-6c62-4d4c-8d19-33a32cb05999/facebook-avatar 404 in 1260ms (next.js: 7ms, application-code: 1253ms)
 GET /api/contacts/9a03010e-f1cc-46a8-b21f-4f8d1f2826ae/facebook-avatar 200 in 1239ms (next.js: 6ms, application-code: 1233ms)
 GET /api/contacts/480e461a-b3eb-47c8-aab3-cfad2ef7acd1/facebook-avatar 404 in 1154ms (next.js: 4ms, application-code: 1150ms)
 GET /api/contacts/19976aea-d652-4c5f-b363-d4beb5da8239/facebook-avatar 404 in 1209ms (next.js: 4ms, application-code: 1205ms)
 GET /api/contacts/731f4277-c226-4619-82f6-2e4f81089f41/facebook-avatar 404 in 1213ms (next.js: 5ms, application-code: 1207ms)
 GET /api/contacts/0f3a49c7-650c-44f2-b5a3-f00df8eae805/facebook-avatar 200 in 1365ms (next.js: 6ms, application-code: 1359ms)
 GET /api/contacts/c2a846ba-8876-4a5f-9067-16eafb642984/facebook-avatar 200 in 1134ms (next.js: 6ms, application-code: 1129ms)
 GET /api/contacts/3c77fe8e-b1c0-4f8c-b879-6407d989c6bc/facebook-avatar 200 in 1192ms (next.js: 4ms, application-code: 1188ms)
 GET /api/contacts/a21ad619-f534-4114-a607-5db986372a65/facebook-avatar 200 in 1163ms (next.js: 4ms, application-code: 1159ms)
 GET /api/contacts/1f231521-4e53-490b-bcdb-e831cb265714/facebook-avatar 200 in 1389ms (next.js: 6ms, application-code: 1384ms)
 GET /api/contacts/742a1ca5-e308-4807-937e-b93d089bf929/facebook-avatar 404 in 1211ms (next.js: 4ms, application-code: 1208ms)
 GET /api/contacts/fcc20cf8-c247-49a0-9afb-d7e0862d3c28/facebook-avatar 404 in 2.1s (next.js: 11ms, application-code: 2.1s)
 GET /api/contacts/c83a3c64-6fd4-4729-830c-e350ec0372c4/facebook-avatar 404 in 1276ms (next.js: 5ms, application-code: 1271ms)
 GET /api/contacts/97eb8a30-3e03-449d-9e3f-542ac5d27734/facebook-avatar 404 in 1313ms (next.js: 10ms, application-code: 1304ms)
 GET /api/contacts/67c9e234-7cbb-43de-85c1-346110602c62/facebook-avatar 404 in 1400ms (next.js: 4ms, application-code: 1396ms)
 GET /api/contacts/90af4931-64ba-42ee-99fa-eb025d71a7fb/facebook-avatar 404 in 2.0s (next.js: 4ms, application-code: 2.0s)
 GET /api/contacts/dee4612a-69fc-4c96-9312-e57494882d82/facebook-avatar 404 in 1995ms (next.js: 5ms, application-code: 1990ms)
 GET /api/contacts/6eeddb71-c06e-45c8-aa63-1fd2b9666bdb/facebook-avatar 200 in 3.7s (next.js: 12ms, application-code: 3.7s)
 GET /api/contacts/5e6226c9-51f3-4d2f-8e6f-0f2a6349978f/facebook-avatar 200 in 3.5s (next.js: 4ms, application-code: 3.5s)
 GET /api/contacts/2fa2d662-df2e-42bd-bb86-b80310dde1e8/facebook-avatar 200 in 3.9s (next.js: 6ms, application-code: 3.9s)
 GET /api/contacts/77a76035-fa2b-4bda-a5a6-87af173c2e38/facebook-avatar 404 in 2.0s (next.js: 5ms, application-code: 2.0s)
 GET /api/contacts/85853cbb-96aa-4c3d-a01e-19d4ae3068bf/facebook-avatar 200 in 3.5s (next.js: 6ms, application-code: 3.5s)
 GET /api/contacts/2e5aa388-2334-4830-ac12-ec9c6ec934df/facebook-avatar 200 in 3.5s (next.js: 10ms, application-code: 3.5s)
 GET /api/contacts/8a6a2cb1-2a87-4e01-b069-33d6025a0124/facebook-avatar 200 in 1200ms (next.js: 3ms, application-code: 1197ms)
 GET /api/contacts/756d1be7-f0e5-42d9-9f7e-c09e6867a802/facebook-avatar 404 in 1754ms (next.js: 11ms, application-code: 1743ms)
 GET /api/contacts/d0ccca01-7b69-4edc-9a18-6b8287f5d3c0/facebook-avatar 404 in 1850ms (next.js: 4ms, application-code: 1846ms)
 GET /api/contacts/0de84e99-f7b2-4b33-a458-0e2fadddeb82/facebook-avatar 404 in 1931ms (next.js: 4ms, application-code: 1927ms)
 GET /api/contacts/4f90ce2e-fe0d-4199-a0b0-982c38926fe9/facebook-avatar 200 in 1277ms (next.js: 7ms, application-code: 1270ms)
 GET /api/contacts/1be53f10-d1fc-4a82-9388-23dfc177c21d/facebook-avatar 404 in 2.1s (next.js: 10ms, application-code: 2.1s)
 GET /api/contacts/09dff711-c0c7-4b4a-bcbd-544a369c7af8/facebook-avatar 404 in 1828ms (next.js: 5ms, application-code: 1823ms)
 GET /api/contacts/026064d2-32b6-44f4-98ca-508dd5299707/facebook-avatar 200 in 3.4s (next.js: 4ms, application-code: 3.4s)
 GET /api/contacts/07d75184-c6ba-4c58-8421-4717d0d7b098/facebook-avatar 404 in 1924ms (next.js: 7ms, application-code: 1918ms)
 GET /api/contacts/68355fec-e43d-4609-b531-c9eacce9f99a/facebook-avatar 200 in 1195ms (next.js: 4ms, application-code: 1191ms)
 GET /api/contacts/5c79b2ab-6998-4b91-97cd-2851fb99e8bf/facebook-avatar 200 in 3.3s (next.js: 5ms, application-code: 3.3s)
 GET /api/contacts/5cbe6bd2-2d53-40ed-bfb8-ee6e4e71af44/facebook-avatar 200 in 958ms (next.js: 6ms, application-code: 953ms)
 GET /api/contacts/7ff87816-ecad-4ab4-bd85-450fc9e8804d/facebook-avatar 200 in 2.8s (next.js: 4ms, application-code: 2.8s)
 GET /api/contacts/6230562d-fffc-4844-9323-db44adffb14b/facebook-avatar 200 in 1325ms (next.js: 12ms, application-code: 1313ms)
 POST /api/team/permissions 200 in 478ms (next.js: 28ms, application-code: 450ms)
 GET /api/system-announcements/current 200 in 827ms (next.js: 17ms, application-code: 810ms)
 GET /api/invitations/pending 200 in 510ms (next.js: 6ms, application-code: 504ms)
 GET /api/team-notifications 200 in 1054ms (next.js: 6ms, application-code: 1048ms)
 GET /dashboard/inbox?view=comment 200 in 2.5s (next.js: 19ms, proxy.ts: 146ms, application-code: 2.4s)
 GET /api/workspaces 200 in 1187ms (next.js: 22ms, application-code: 1164ms)
{"event":"tenh.request_usage","at":"2026-09-14T08:27:19.610Z","businessId":"f92ebb56-d907-499e-a84d-c09180b849b6","route":"/api/workspaces","databaseRequests":12,"databaseResponseBytes":6300,"storageResponseBytes":0,"uploadBytes":0}
 GET /api/facebook/connection-attention 200 in 705ms (next.js: 7ms, application-code: 698ms)
 GET /api/team-chat/rooms 200 in 1869ms (next.js: 5ms, application-code: 1864ms)
{"event":"tenh.request_usage","at":"2026-09-14T08:27:20.293Z","businessId":"f92ebb56-d907-499e-a84d-c09180b849b6","route":"/api/team-chat/rooms","databaseRequests":17,"databaseResponseBytes":4502,"storageResponseBytes":0,"uploadBytes":0}
 GET /api/inbox/channels 200 in 690ms (next.js: 4ms, application-code: 686ms)
 GET /api/reminders?summary=1 200 in 451ms (next.js: 3ms, application-code: 448ms)
 GET /api/contacts/46865802-51ed-4d9d-9be0-192b2bf8a352/facebook-avatar 404 in 1239ms (next.js: 28ms, application-code: 1211ms)
 GET /api/contacts/2ef87be3-a6d3-4d77-97e8-b0b69b0341d5/facebook-avatar 404 in 1338ms (next.js: 15ms, application-code: 1324ms)
 GET /api/contacts/ea534bb4-a2c1-4353-891a-0037bf77168d/facebook-avatar 404 in 1362ms (next.js: 45ms, application-code: 1317ms)
 GET /api/contacts/f374640e-4993-497e-b198-9c88e4549688/facebook-avatar 404 in 1382ms (next.js: 21ms, application-code: 1361ms)
 GET /api/inbox/channels 200 in 642ms (next.js: 4ms, application-code: 638ms)
 GET /api/reminders?summary=1 200 in 474ms (next.js: 4ms, application-code: 470ms)
 GET /api/inbox/channels 200 in 595ms (next.js: 5ms, application-code: 590ms)
 GET /api/inbox/channels 200 in 660ms (next.js: 3ms, application-code: 656ms)
 GET /api/inbox/views 200 in 1490ms (next.js: 4ms, application-code: 1487ms)
 POST /api/inbox/live-state 200 in 1402ms (next.js: 7ms, application-code: 1395ms)
{"event":"tenh.request_usage","at":"2026-09-14T08:27:22.390Z","businessId":"f92ebb56-d907-499e-a84d-c09180b849b6","route":"/api/inbox/live-state","databaseRequests":13,"databaseResponseBytes":289854,"storageResponseBytes":0,"uploadBytes":0}
 GET /api/inbox/smart-view-options 200 in 1674ms (next.js: 4ms, application-code: 1670ms)
 GET /api/inbox/views 200 in 1521ms (next.js: 4ms, application-code: 1517ms)
 GET /api/inbox/smart-view-options 200 in 1607ms (next.js: 4ms, application-code: 1603ms)
 GET /api/contacts/f82b6724-a1e3-44d9-9b95-a422c4bfabc6/facebook-avatar 404 in 1418ms (next.js: 11ms, application-code: 1407ms)
 GET /api/contacts/1ecd7e41-e0fb-42f8-b0be-e7dac17e8a93/facebook-avatar 404 in 1251ms (next.js: 4ms, application-code: 1247ms)
 GET /api/contacts/45ddc152-73ec-4ed5-82ac-f53d35ea2272/facebook-avatar 404 in 1289ms (next.js: 9ms, application-code: 1280ms)
 GET /api/contacts/63ccf245-01fb-4035-863c-f3b181780706/facebook-avatar 404 in 1277ms (next.js: 3ms, application-code: 1274ms)
 GET /api/contacts/fa0db57c-87eb-467c-9bba-dacbc41409d0/facebook-avatar 404 in 1151ms (next.js: 10ms, application-code: 1141ms)
 GET /api/contacts/041e20e1-2fad-42a9-be2d-5dbe1708597a/facebook-avatar 404 in 1228ms (next.js: 3ms, application-code: 1224ms)
 GET /api/contacts/eaa173b8-903e-4be2-a787-80c307256552/facebook-avatar 404 in 1143ms (next.js: 5ms, application-code: 1139ms)
 GET /api/contacts/12adb6c1-c7a9-48dc-900b-887fd7fc7e78/facebook-avatar 404 in 1154ms (next.js: 4ms, application-code: 1150ms)
 GET /api/contacts/f6cccfc6-4c93-41a3-8ba7-9890d649b8fc/facebook-avatar 404 in 1219ms (next.js: 4ms, application-code: 1215ms)
 GET /api/contacts/e9cf3c5f-0039-4fe7-a93d-ffbe3500ffa4/facebook-avatar 404 in 1232ms (next.js: 3ms, application-code: 1229ms)
 GET /api/contacts/c3557414-c518-4572-95f7-e98e5815a2d5/facebook-avatar 404 in 1212ms (next.js: 11ms, application-code: 1201ms)
 GET /api/contacts/4a151a6f-17c4-4e1a-849a-acbe6d866d26/facebook-avatar 404 in 1252ms (next.js: 4ms, application-code: 1247ms)
 GET /api/contacts/664b13cd-5a25-4a7e-8cbc-027c1545c91b/facebook-avatar 404 in 1266ms (next.js: 4ms, application-code: 1262ms)
 POST /api/inbox/live-state 200 in 1319ms (next.js: 4ms, application-code: 1314ms)
{"event":"tenh.request_usage","at":"2026-09-14T08:27:26.188Z","businessId":"f92ebb56-d907-499e-a84d-c09180b849b6","route":"/api/inbox/live-state","databaseRequests":13,"databaseResponseBytes":289854,"storageResponseBytes":0,"uploadBytes":0}
 GET /api/contacts/6a513261-9a80-46f9-ba91-3d2f15162f5e/facebook-avatar 404 in 1369ms (next.js: 5ms, application-code: 1364ms)
 GET /api/contacts/a5a50545-36e0-453f-b53a-2320df3d67ed/facebook-avatar 404 in 1614ms (next.js: 3ms, application-code: 1610ms)
 GET /api/contacts/aa2311ae-df0c-48a7-b83b-891df0492fdc/facebook-avatar 404 in 1328ms (next.js: 14ms, application-code: 1314ms)
 GET /api/contacts/5315c7f9-3842-4b45-8762-65fa5c886949/facebook-avatar 404 in 1278ms (next.js: 5ms, application-code: 1272ms)
 GET /api/contacts/97db28d4-b3b9-4534-b290-01395bb32260/facebook-avatar 404 in 914ms (next.js: 4ms, application-code: 910ms)
 GET /api/contacts/7f5ece0a-4d24-482b-a85a-2bcd583d00b2/facebook-avatar 404 in 1246ms (next.js: 3ms, application-code: 1243ms)
 GET /api/workspaces 200 in 1141ms (next.js: 4ms, application-code: 1137ms)
{"event":"tenh.request_usage","at":"2026-09-14T08:27:39.583Z","businessId":"f92ebb56-d907-499e-a84d-c09180b849b6","route":"/api/workspaces","databaseRequests":12,"databaseResponseBytes":6300,"storageResponseBytes":0,"uploadBytes":0}
 GET /api/system-announcements/current 200 in 664ms (next.js: 14ms, application-code: 650ms)
 GET /api/team-notifications 200 in 929ms (next.js: 10ms, application-code: 920ms)
 GET /api/team-chat/rooms 200 in 1703ms (next.js: 5ms, application-code: 1699ms)
{"event":"tenh.request_usage","at":"2026-09-14T08:27:50.138Z","businessId":"f92ebb56-d907-499e-a84d-c09180b849b6","route":"/api/team-chat/rooms","databaseRequests":17,"databaseResponseBytes":4502,"storageResponseBytes":0,"uploadBytes":0}
 POST /api/inbox/live-state 200 in 1251ms (next.js: 4ms, application-code: 1247ms)
{"event":"tenh.request_usage","at":"2026-09-14T08:27:57.463Z","businessId":"f92ebb56-d907-499e-a84d-c09180b849b6","route":"/api/inbox/live-state","databaseRequests":13,"databaseResponseBytes":289854,"storageResponseBytes":0,"uploadBytes":0}
 GET /api/conversations/7b1ad7f9-566b-4449-bc3f-79d140c92cd4/messages?limit=25 200 in 1836ms (next.js: 12ms, application-code: 1825ms)
 GET /api/conversations/c4816277-1a52-4391-b32f-b2f3fbbaabde/messages?limit=25 200 in 1693ms (next.js: 6ms, application-code: 1687ms)
 GET /api/conversations/67dcd266-e92e-4356-9b87-305e483a5baa/messages?limit=25 200 in 1760ms (next.js: 5ms, application-code: 1755ms)
 GET /api/workspaces 200 in 2.3s (next.js: 4ms, application-code: 2.3s)
{"event":"tenh.request_usage","at":"2026-09-14T08:28:00.741Z","businessId":"f92ebb56-d907-499e-a84d-c09180b849b6","route":"/api/workspaces","databaseRequests":12,"databaseResponseBytes":6300,"storageResponseBytes":0,"uploadBytes":0}
 GET /api/conversations/087b1911-1a07-43fc-91b6-2f4413bcb99c/messages?limit=25 200 in 1116ms (next.js: 7ms, application-code: 1110ms)
 GET /api/conversations/54a2df4c-a9f0-4398-886a-ec2160afd3a1/messages?limit=25 200 in 1201ms (next.js: 31ms, application-code: 1171ms)
 GET /api/contacts/dfed1f5d-f61d-4b48-bcfa-f6a61bde508e/facebook-avatar 404 in 1350ms (next.js: 7ms, application-code: 1343ms)
 GET /api/contacts/c428baaf-a4fe-489b-bc5c-96b572d27760/facebook-avatar 404 in 1423ms (next.js: 12ms, application-code: 1411ms)
 GET /api/contacts/737ce697-a91f-4a49-991f-814307dba180/facebook-avatar 404 in 1395ms (next.js: 31ms, application-code: 1364ms)
 GET /api/contacts/40ac2d1b-0ead-4f37-8d09-598196153c7d/facebook-avatar 404 in 1400ms (next.js: 10ms, application-code: 1390ms)
 GET /api/conversations/3e1d446b-80ea-44c2-bce6-bcc925cf7774/messages?limit=25 200 in 802ms (next.js: 11ms, application-code: 791ms)
 GET /api/conversations/ab8b7c04-2532-4cb0-ba1b-8b1921a1579e/messages?limit=25 200 in 769ms (next.js: 4ms, application-code: 764ms)
 GET /api/conversations/57b5f797-fc46-4cf1-880c-c954726d6778/messages?limit=25 200 in 494ms (next.js: 6ms, application-code: 488ms)
 GET /api/conversations/9c153480-14f5-43ac-b832-48feea99b09a/messages?limit=25 200 in 584ms (next.js: 8ms, application-code: 576ms)
 GET /api/conversations/fff7accd-d975-40b6-b178-f66922a5f69e/messages?limit=25 200 in 627ms (next.js: 5ms, application-code: 622ms)
 GET /api/conversations/878cebc7-8b27-4795-b195-107a5749f39c/messages?limit=25 200 in 510ms (next.js: 20ms, application-code: 490ms)
 GET /api/conversations/18dffb9a-a9d3-4c0d-80b5-2d14583aeed6/message-pins 200 in 1141ms (next.js: 127ms, application-code: 1015ms)
 GET /api/conversations/18dffb9a-a9d3-4c0d-80b5-2d14583aeed6/facebook-block 200 in 1171ms (next.js: 78ms, application-code: 1093ms)
 GET /api/conversations/18dffb9a-a9d3-4c0d-80b5-2d14583aeed6/facebook-block 200 in 998ms (next.js: 6ms, application-code: 992ms)
 GET /api/conversations/18dffb9a-a9d3-4c0d-80b5-2d14583aeed6/messages?limit=25 200 in 1265ms (next.js: 100ms, application-code: 1165ms)
 GET /api/contacts/50b0f071-df6f-4ee6-871b-6911d7de6138/facebook-avatar 404 in 1355ms (next.js: 35ms, application-code: 1320ms)
 GET /api/conversations/18dffb9a-a9d3-4c0d-80b5-2d14583aeed6/messages?limit=25&live=1789374487675 200 in 1281ms (next.js: 14ms, application-code: 1267ms)
 GET /api/conversations/18dffb9a-a9d3-4c0d-80b5-2d14583aeed6/message-pins 200 in 794ms (next.js: 6ms, application-code: 789ms)
 GET /api/conversations/77d280fc-2b99-4d6f-bf39-41ec8172ca1a/messages?limit=25 200 in 1078ms (next.js: 6ms, application-code: 1071ms)
 GET /api/conversations/6344cf0d-b969-48f2-85b7-bd44c08e0ab3/messages?limit=25 200 in 1163ms (next.js: 16ms, application-code: 1147ms)
 GET /api/conversations/043c5164-4ef9-4914-8f62-5380e75f61af/messages?limit=25 200 in 1067ms (next.js: 6ms, application-code: 1061ms)
 GET /api/contacts/3dfc7e82-9f70-4fa5-bc8b-015b710d1cd7/facebook-avatar 404 in 1281ms (next.js: 14ms, application-code: 1267ms)
 GET /api/contacts/440077c1-8e13-418c-9166-f54830cdf4d8/facebook-avatar 404 in 1400ms (next.js: 8ms, application-code: 1392ms)
 GET /api/contacts/a5b21f51-2e15-41f1-b1b6-cb5924b390bd/facebook-avatar 404 in 1172ms (next.js: 8ms, application-code: 1164ms)
 GET /api/contacts/823ca5f3-0c86-4798-a3f7-771b795d3258/facebook-avatar 404 in 1134ms (next.js: 6ms, application-code: 1128ms)
 GET /api/contacts/d906ee78-be00-46e9-bf02-bfb85e790431/facebook-avatar 404 in 1143ms (next.js: 6ms, application-code: 1138ms)
 GET /api/conversations/1a19379f-8399-4c9d-a7a9-a50f1331c675/messages?limit=25 200 in 855ms (next.js: 13ms, application-code: 842ms)
 GET /api/invitations/pending 200 in 421ms (next.js: 32ms, application-code: 389ms)
 GET /api/facebook/connection-attention 200 in 705ms (next.js: 37ms, application-code: 668ms)
 GET /api/system-announcements/current 200 in 769ms (next.js: 23ms, application-code: 746ms)
 GET /api/team-notifications 200 in 1305ms (next.js: 14ms, application-code: 1291ms)
 GET /api/workspaces 200 in 1390ms (next.js: 5ms, application-code: 1384ms)
{"event":"tenh.request_usage","at":"2026-09-14T08:28:19.841Z","businessId":"f92ebb56-d907-499e-a84d-c09180b849b6","route":"/api/workspaces","databaseRequests":12,"databaseResponseBytes":6300,"storageResponseBytes":0,"uploadBytes":0}
 GET /api/team-chat/rooms 200 in 1611ms (next.js: 5ms, application-code: 1605ms)
{"event":"tenh.request_usage","at":"2026-09-14T08:28:20.041Z","businessId":"f92ebb56-d907-499e-a84d-c09180b849b6","route":"/api/team-chat/rooms","databaseRequests":17,"databaseResponseBytes":4502,"storageResponseBytes":0,"uploadBytes":0}
 POST /api/inbox/live-state 200 in 1402ms (next.js: 3ms, application-code: 1398ms)
{"event":"tenh.request_usage","at":"2026-09-14T08:28:28.881Z","businessId":"f92ebb56-d907-499e-a84d-c09180b849b6","route":"/api/inbox/live-state","databaseRequests":13,"databaseResponseBytes":289854,"storageResponseBytes":0,"uploadBytes":0}
 GET /api/conversations/18dffb9a-a9d3-4c0d-80b5-2d14583aeed6/messages?limit=25&live=1789374517681 200 in 1286ms (next.js: 12ms, application-code: 1275ms)
 GET /api/workspaces 200 in 1060ms (next.js: 6ms, application-code: 1054ms)
{"event":"tenh.request_usage","at":"2026-09-14T08:28:39.492Z","businessId":"f92ebb56-d907-499e-a84d-c09180b849b6","route":"/api/workspaces","databaseRequests":12,"databaseResponseBytes":6300,"storageResponseBytes":0,"uploadBytes":0}
 GET /api/conversations/cece8e29-e808-40b7-8ce5-af6ac3d000a4/messages?limit=25 200 in 1454ms (next.js: 11ms, application-code: 1443ms)
 GET /api/conversations/b83aa59f-e7ca-48cb-a580-d1c5f2641be2/messages?limit=25 200 in 1560ms (next.js: 14ms, application-code: 1546ms)
 GET /api/conversations/32cb1bd0-84de-485b-b0cc-3f195820403f/messages?limit=25 200 in 1691ms (next.js: 19ms, application-code: 1672ms)
 GET /api/conversations/878cebc7-8b27-4795-b195-107a5749f39c/messages?limit=25 200 in 1557ms (next.js: 9ms, application-code: 1548ms)
 GET /api/conversations/8361ee30-d9d5-4a0b-bbe5-c2a88c63cf9b/messages?limit=25 200 in 1656ms (next.js: 11ms, application-code: 1644ms)
 GET /api/facebook/connection-attention 200 in 1030ms (next.js: 27ms, application-code: 1003ms)
 GET /api/team-chat/rooms 200 in 2.1s (next.js: 16ms, application-code: 2.1s)
{"event":"tenh.request_usage","at":"2026-09-14T08:28:43.092Z","businessId":"f92ebb56-d907-499e-a84d-c09180b849b6","route":"/api/team-chat/rooms","databaseRequests":17,"databaseResponseBytes":4502,"storageResponseBytes":0,"uploadBytes":0}
 GET /api/workspaces 200 in 1736ms (next.js: 10ms, application-code: 1726ms)
{"event":"tenh.request_usage","at":"2026-09-14T08:28:43.472Z","businessId":"f92ebb56-d907-499e-a84d-c09180b849b6","route":"/api/workspaces","databaseRequests":12,"databaseResponseBytes":6300,"storageResponseBytes":0,"uploadBytes":0}
 GET /dashboard/inbox 200 in 389ms (next.js: 51ms, proxy.ts: 177ms, application-code: 161ms)
 POST /api/inbox/live-state 200 in 1923ms (next.js: 10ms, application-code: 1913ms)
{"event":"tenh.request_usage","at":"2026-09-14T08:28:43.604Z","businessId":"f92ebb56-d907-499e-a84d-c09180b849b6","route":"/api/inbox/live-state","databaseRequests":13,"databaseResponseBytes":289854,"storageResponseBytes":0,"uploadBytes":0}
 GET /api/conversations/18dffb9a-a9d3-4c0d-80b5-2d14583aeed6/messages?limit=25&live=1789374520972 200 in 1837ms (next.js: 19ms, application-code: 1818ms)
 GET /api/conversations/18dffb9a-a9d3-4c0d-80b5-2d14583aeed6/facebook-block 200 in 1790ms (next.js: 30ms, application-code: 1760ms)
 GET /api/conversations/18dffb9a-a9d3-4c0d-80b5-2d14583aeed6/message-pins 200 in 1479ms (next.js: 29ms, application-code: 1450ms)
 GET /api/conversations/0f7ab057-1674-488a-98b5-c02f71b5cf5d/messages?limit=25 200 in 1093ms (next.js: 33ms, application-code: 1059ms)
 GET /api/conversations/6ebc2820-1fce-42e1-9220-503ee15da8b9/messages?limit=25 200 in 1229ms (next.js: 62ms, application-code: 1167ms)
 GET /api/conversations/1e2084c9-8608-4fb4-a0a1-a4962d5e5485/messages?limit=25 200 in 1165ms (next.js: 16ms, application-code: 1149ms)
 GET /api/conversations/6acc7ff6-f2c8-440e-b447-f2767b151c23/messages?limit=25 200 in 1202ms (next.js: 74ms, application-code: 1127ms)
 GET /api/contacts/55f3bc46-85e1-44de-b6de-2240f2c8fc16/facebook-avatar 200 in 1340ms (next.js: 39ms, application-code: 1301ms)
 GET /api/conversations/fb815671-0451-44bf-b3da-2e22ffb9a6ab/messages?limit=25 200 in 1079ms (next.js: 9ms, application-code: 1069ms)
 GET /api/conversations/fd28061d-eeea-4f7f-8994-8ecd4c1a1492/messages?limit=25 200 in 1187ms (next.js: 17ms, application-code: 1170ms)
 GET /api/conversations/2def6409-718f-439e-bb3b-1ff44a6f085c/messages?limit=25 200 in 1090ms (next.js: 18ms, application-code: 1072ms)
 GET /api/contacts/0ed259fb-05aa-40f3-85f1-ac9c6689c718/facebook-avatar 200 in 1589ms (next.js: 18ms, application-code: 1571ms)
 GET /api/conversations/22da8e78-c6ce-460c-a77b-912792945710/messages?limit=25 200 in 1041ms (next.js: 17ms, application-code: 1024ms)
 GET /api/conversations/1f7fc292-43a0-4cd1-a46b-ebe1d7d813b6/messages?limit=25 200 in 1029ms (next.js: 16ms, application-code: 1013ms)
 GET /api/conversations/cd6eec1d-2b6e-4c14-adf1-9b2452aa273c/messages?limit=25 200 in 1105ms (next.js: 16ms, application-code: 1089ms)
 GET /api/conversations/be7e559e-3721-4e7a-914d-49c67cdcfecc/messages?limit=25 200 in 1175ms (next.js: 19ms, application-code: 1157ms)
 GET /api/conversations/e7aa7b1b-4aeb-40ba-b414-19acf5e19e86/messages?limit=25 200 in 1099ms (next.js: 17ms, application-code: 1082ms)
 GET /api/conversations/ee2b2403-17bc-40a1-aa45-3c5fac7e4476/messages?limit=25 200 in 1179ms (next.js: 13ms, application-code: 1166ms)
 GET /api/contacts/bb4e5fe8-1da5-49cb-83f0-83c60a7f49aa/facebook-avatar 404 in 1491ms (next.js: 16ms, application-code: 1475ms)
 GET /api/contacts/cb46ad29-9d1b-48f3-8929-b4ce716ec7ab/facebook-avatar 200 in 1668ms (next.js: 7ms, application-code: 1661ms)
 GET /dashboard/inbox 200 in 3.3s (next.js: 21ms, proxy.ts: 187ms, application-code: 3.0s)
 GET /api/contacts/bb63552c-eaeb-4bbf-b67f-57d289107b00/facebook-avatar 200 in 2.1s (next.js: 9ms, application-code: 2.1s)
 GET /api/contacts/38b0ccbe-7f83-41b8-89c7-970f0865054b/facebook-avatar 200 in 2.3s (next.js: 7ms, application-code: 2.2s)
 GET /api/contacts/7fac48d8-47a5-4652-86ab-8aa1bb25b0bf/facebook-avatar 200 in 2.5s (next.js: 9ms, application-code: 2.5s)
 GET /api/contacts/2b5e79a3-0428-4a9c-8ca2-771ee4ed2342/facebook-avatar 200 in 2.2s (next.js: 10ms, application-code: 2.1s)
 GET /api/contacts/4c4c1b79-f75d-4be6-b629-31e56bfb3ec7/facebook-avatar 200 in 2.0s (next.js: 7ms, application-code: 2.0s)
 GET /api/team-notifications 200 in 1015ms (next.js: 6ms, application-code: 1009ms)
 GET /api/system-announcements/current 200 in 853ms (next.js: 75ms, application-code: 778ms)
 GET /api/team-chat/rooms 200 in 1717ms (next.js: 7ms, application-code: 1710ms)
{"event":"tenh.request_usage","at":"2026-09-14T08:28:50.482Z","businessId":"f92ebb56-d907-499e-a84d-c09180b849b6","route":"/api/team-chat/rooms","databaseRequests":17,"databaseResponseBytes":4502,"storageResponseBytes":0,"uploadBytes":0}
 GET /api/contacts/8878114a-d587-429f-a1dd-05b612bdc724/facebook-avatar 200 in 1608ms (next.js: 24ms, application-code: 1584ms)
 GET /api/contacts/430b3b79-ee59-43b5-a655-e765e2ba07c6/facebook-avatar 200 in 1730ms (next.js: 36ms, application-code: 1693ms)
 GET /api/contacts/12011779-0648-4d33-a143-5af56438a60e/facebook-avatar 200 in 1549ms (next.js: 7ms, application-code: 1542ms)
 GET /api/contacts/b404f9c5-b041-4502-b917-c4f874293486/facebook-avatar 200 in 2.5s (next.js: 19ms, application-code: 2.5s)
 GET /api/facebook/connection-attention 200 in 855ms (next.js: 64ms, application-code: 792ms)
 GET /api/conversations/18dffb9a-a9d3-4c0d-80b5-2d14583aeed6/messages?limit=25&live=1789374536779 200 in 1526ms (next.js: 21ms, application-code: 1505ms)
 GET /api/conversations/18dffb9a-a9d3-4c0d-80b5-2d14583aeed6/facebook-block 200 in 1548ms (next.js: 52ms, application-code: 1496ms)
 GET /api/workspaces 200 in 1776ms (next.js: 50ms, application-code: 1726ms)
{"event":"tenh.request_usage","at":"2026-09-14T08:28:58.583Z","businessId":"f92ebb56-d907-499e-a84d-c09180b849b6","route":"/api/workspaces","databaseRequests":12,"databaseResponseBytes":6300,"storageResponseBytes":0,"uploadBytes":0}
 POST /api/inbox/live-state 200 in 2.0s (next.js: 32ms, application-code: 1995ms)
{"event":"tenh.request_usage","at":"2026-09-14T08:28:58.832Z","businessId":"f92ebb56-d907-499e-a84d-c09180b849b6","route":"/api/inbox/live-state","databaseRequests":13,"databaseResponseBytes":289854,"storageResponseBytes":0,"uploadBytes":0}
 GET /api/conversations/18dffb9a-a9d3-4c0d-80b5-2d14583aeed6/message-pins 200 in 1176ms (next.js: 16ms, application-code: 1160ms)
 GET /api/team-chat/rooms 200 in 2.1s (next.js: 15ms, application-code: 2.1s)
{"event":"tenh.request_usage","at":"2026-09-14T08:28:58.913Z","businessId":"f92ebb56-d907-499e-a84d-c09180b849b6","route":"/api/team-chat/rooms","databaseRequests":17,"databaseResponseBytes":4502,"storageResponseBytes":0,"uploadBytes":0}
 GET /api/workspaces 200 in 1068ms (next.js: 7ms, application-code: 1061ms)
{"event":"tenh.request_usage","at":"2026-09-14T08:29:00.209Z","businessId":"f92ebb56-d907-499e-a84d-c09180b849b6","route":"/api/workspaces","databaseRequests":12,"databaseResponseBytes":6300,"storageResponseBytes":0,"uploadBytes":0}
 GET /api/conversations/18dffb9a-a9d3-4c0d-80b5-2d14583aeed6/messages?limit=25&live=1789374549120 200 in 1161ms (next.js: 12ms, application-code: 1149ms)
✓ Compiled in 489ms
 GET /dashboard/inbox 200 in 752ms (next.js: 241ms, proxy.ts: 241ms, application-code: 270ms)
 GET /api/invitations/pending 200 in 695ms (next.js: 197ms, application-code: 498ms)
 GET /api/system-announcements/current 200 in 861ms (next.js: 153ms, application-code: 708ms)
 GET /api/facebook/connection-attention 200 in 798ms (next.js: 181ms, application-code: 617ms)
 GET /api/team-notifications 200 in 1177ms (next.js: 109ms, application-code: 1068ms)
 GET /api/workspaces 200 in 1535ms (next.js: 136ms, application-code: 1399ms)
{"event":"tenh.request_usage","at":"2026-09-14T08:29:20.665Z","businessId":"f92ebb56-d907-499e-a84d-c09180b849b6","route":"/api/workspaces","databaseRequests":12,"databaseResponseBytes":6300,"storageResponseBytes":0,"uploadBytes":0}
 GET /api/team-chat/rooms 200 in 1881ms (next.js: 84ms, application-code: 1798ms)
{"event":"tenh.request_usage","at":"2026-09-14T08:29:21.006Z","businessId":"f92ebb56-d907-499e-a84d-c09180b849b6","route":"/api/team-chat/rooms","databaseRequests":17,"databaseResponseBytes":4502,"storageResponseBytes":0,"uploadBytes":0}
 GET /api/workspaces 200 in 1133ms (next.js: 4ms, application-code: 1129ms)
{"event":"tenh.request_usage","at":"2026-09-14T08:29:40.261Z","businessId":"f92ebb56-d907-499e-a84d-c09180b849b6","route":"/api/workspaces","databaseRequests":12,"databaseResponseBytes":6300,"storageResponseBytes":0,"uploadBytes":0}
 GET /api/conversations/18dffb9a-a9d3-4c0d-80b5-2d14583aeed6/messages?limit=25&live=1789374581114 200 in 910ms (next.js: 38ms, application-code: 871ms)
 GET /api/system-announcements/current 200 in 582ms (next.js: 16ms, application-code: 566ms)
 GET /api/team-notifications 200 in 864ms (next.js: 7ms, application-code: 857ms)
 GET /api/team-chat/rooms 200 in 1461ms (next.js: 6ms, application-code: 1455ms)
{"event":"tenh.request_usage","at":"2026-09-14T08:29:50.591Z","businessId":"f92ebb56-d907-499e-a84d-c09180b849b6","route":"/api/team-chat/rooms","databaseRequests":17,"databaseResponseBytes":4502,"storageResponseBytes":0,"uploadBytes":0}
 GET /api/facebook/connection-attention 200 in 837ms (next.js: 37ms, application-code: 800ms)
 GET /api/conversations/18dffb9a-a9d3-4c0d-80b5-2d14583aeed6/messages?limit=25&live=1789374600447 200 in 1863ms (next.js: 14ms, application-code: 1849ms)
 GET /api/conversations/18dffb9a-a9d3-4c0d-80b5-2d14583aeed6/message-pins 200 in 1891ms (next.js: 61ms, application-code: 1830ms)
 GET /api/team-chat/rooms 200 in 2.4s (next.js: 59ms, application-code: 2.3s)
{"event":"tenh.request_usage","at":"2026-09-14T08:30:02.880Z","businessId":"f92ebb56-d907-499e-a84d-c09180b849b6","route":"/api/team-chat/rooms","databaseRequests":17,"databaseResponseBytes":4502,"storageResponseBytes":0,"uploadBytes":0}
 GET /api/workspaces 200 in 2.3s (next.js: 26ms, application-code: 2.3s)
{"event":"tenh.request_usage","at":"2026-09-14T08:30:02.888Z","businessId":"f92ebb56-d907-499e-a84d-c09180b849b6","route":"/api/workspaces","databaseRequests":12,"databaseResponseBytes":6300,"storageResponseBytes":0,"uploadBytes":0}
 POST /api/inbox/live-state 200 in 2.4s (next.js: 47ms, application-code: 2.4s)
{"event":"tenh.request_usage","at":"2026-09-14T08:30:02.898Z","businessId":"f92ebb56-d907-499e-a84d-c09180b849b6","route":"/api/inbox/live-state","databaseRequests":13,"databaseResponseBytes":289854,"storageResponseBytes":0,"uploadBytes":0}
 GET /api/conversations/18dffb9a-a9d3-4c0d-80b5-2d14583aeed6/facebook-block 200 in 1964ms (next.js: 49ms, application-code: 1915ms)
 GET /api/conversations/18dffb9a-a9d3-4c0d-80b5-2d14583aeed6/message-pins 200 in 1118ms (next.js: 16ms, application-code: 1101ms)
 GET /api/workspaces 200 in 725ms (next.js: 6ms, application-code: 720ms)
 GET /api/invitations/pending 200 in 442ms (next.js: 42ms, application-code: 401ms)
 GET /api/system-announcements/current 200 in 1016ms (next.js: 31ms, application-code: 985ms)
 GET /api/team-notifications 200 in 1265ms (next.js: 19ms, application-code: 1246ms)
 GET /dashboard/inbox 200 in 2.8s (next.js: 9ms, proxy.ts: 167ms, application-code: 2.6s)
 GET /api/workspaces 200 in 1577ms (next.js: 8ms, application-code: 1569ms)
{"event":"tenh.request_usage","at":"2026-09-14T08:30:05.455Z","businessId":"f92ebb56-d907-499e-a84d-c09180b849b6","route":"/api/workspaces","databaseRequests":12,"databaseResponseBytes":6300,"storageResponseBytes":0,"uploadBytes":0}
 GET /api/facebook/connection-attention 200 in 1129ms (next.js: 8ms, application-code: 1122ms)
 POST /api/team/permissions 200 in 503ms (next.js: 63ms, application-code: 441ms)
 GET /api/team-chat/rooms 200 in 2.0s (next.js: 7ms, application-code: 1993ms)
{"event":"tenh.request_usage","at":"2026-09-14T08:30:05.847Z","businessId":"f92ebb56-d907-499e-a84d-c09180b849b6","route":"/api/team-chat/rooms","databaseRequests":17,"databaseResponseBytes":4502,"storageResponseBytes":0,"uploadBytes":0}
 GET /api/reminders?summary=1 200 in 497ms (next.js: 48ms, application-code: 450ms)
 GET /api/inbox/channels 200 in 643ms (next.js: 4ms, application-code: 639ms)
 GET /api/inbox/channels 200 in 925ms (next.js: 64ms, application-code: 861ms)
 GET /api/contacts/bb4e5fe8-1da5-49cb-83f0-83c60a7f49aa/facebook-avatar 404 in 1612ms (next.js: 84ms, application-code: 1528ms)
 GET /api/contacts/2ef87be3-a6d3-4d77-97e8-b0b69b0341d5/facebook-avatar 404 in 1802ms (next.js: 90ms, application-code: 1712ms)
 GET /api/inbox/smart-view-options 200 in 1509ms (next.js: 36ms, application-code: 1473ms)
 GET /api/inbox/views 200 in 1454ms (next.js: 35ms, application-code: 1419ms)
 GET /api/conversations/be47cf54-1b1a-47b8-b6b4-90ef0de869ab/messages?limit=25 200 in 1259ms (next.js: 15ms, application-code: 1244ms)
 POST /api/inbox/live-state 200 in 1550ms (next.js: 4ms, application-code: 1546ms)
{"event":"tenh.request_usage","at":"2026-09-14T08:30:07.846Z","businessId":"f92ebb56-d907-499e-a84d-c09180b849b6","route":"/api/inbox/live-state","databaseRequests":13,"databaseResponseBytes":289854,"storageResponseBytes":0,"uploadBytes":0}
 GET /api/conversations/ee2b2403-17bc-40a1-aa45-3c5fac7e4476/messages?limit=25 200 in 1175ms (next.js: 4ms, application-code: 1170ms)
 GET /api/conversations/be7e559e-3721-4e7a-914d-49c67cdcfecc/messages?limit=25 200 in 1001ms (next.js: 10ms, application-code: 990ms)
 GET /api/conversations/e7aa7b1b-4aeb-40ba-b414-19acf5e19e86/messages?limit=25 200 in 1287ms (next.js: 5ms, application-code: 1282ms)
 GET /api/conversations/cd6eec1d-2b6e-4c14-adf1-9b2452aa273c/messages?limit=25 200 in 918ms (next.js: 5ms, application-code: 913ms)
 GET /api/conversations/7b1ad7f9-566b-4449-bc3f-79d140c92cd4/messages?limit=25 200 in 1025ms (next.js: 8ms, application-code: 1017ms)
 GET /api/conversations/1f7fc292-43a0-4cd1-a46b-ebe1d7d813b6/messages?limit=25 200 in 986ms (next.js: 39ms, application-code: 947ms)
 GET /api/conversations/2def6409-718f-439e-bb3b-1ff44a6f085c/messages?limit=25 200 in 945ms (next.js: 27ms, application-code: 918ms)
 GET /api/conversations/22da8e78-c6ce-460c-a77b-912792945710/messages?limit=25 200 in 971ms (next.js: 9ms, application-code: 962ms)
 GET /api/contacts/46865802-51ed-4d9d-9be0-192b2bf8a352/facebook-avatar 404 in 1337ms (next.js: 14ms, application-code: 1323ms)
 GET /api/conversations/7b1ad7f9-566b-4449-bc3f-79d140c92cd4/message-pins 200 in 865ms (next.js: 50ms, application-code: 816ms)
 GET /api/conversations/7b1ad7f9-566b-4449-bc3f-79d140c92cd4/message-pins 200 in 831ms (next.js: 54ms, application-code: 777ms)
 GET /api/conversations/7b1ad7f9-566b-4449-bc3f-79d140c92cd4/messages?limit=25 200 in 994ms (next.js: 11ms, application-code: 983ms)
 GET /api/conversations/7b1ad7f9-566b-4449-bc3f-79d140c92cd4/facebook-block 200 in 1002ms (next.js: 21ms, application-code: 980ms)
 GET /api/conversations/7b1ad7f9-566b-4449-bc3f-79d140c92cd4/messages?limit=25&live=1789374610283 200 in 1121ms (next.js: 48ms, application-code: 1073ms)
 GET /api/conversations/7b1ad7f9-566b-4449-bc3f-79d140c92cd4/facebook-block 200 in 1159ms (next.js: 33ms, application-code: 1126ms)
 POST /api/inbox/live-state 200 in 1300ms (next.js: 7ms, application-code: 1294ms)
{"event":"tenh.request_usage","at":"2026-09-14T08:30:12.489Z","businessId":"f92ebb56-d907-499e-a84d-c09180b849b6","route":"/api/inbox/live-state","databaseRequests":13,"databaseResponseBytes":289854,"storageResponseBytes":0,"uploadBytes":0}
 GET /api/conversations/fb815671-0451-44bf-b3da-2e22ffb9a6ab/messages?limit=25 200 in 924ms (next.js: 14ms, application-code: 911ms)
 GET /api/conversations/fd28061d-eeea-4f7f-8994-8ecd4c1a1492/messages?limit=25 200 in 953ms (next.js: 15ms, application-code: 938ms)
 GET /api/conversations/dc2b08ed-300a-48d8-9722-4b9aef6a1dee/messages?limit=25 200 in 943ms (next.js: 8ms, application-code: 936ms)
 GET /api/conversations/6f841379-d7c9-49cb-a190-d5e9516458d6/messages?limit=25 200 in 1028ms (next.js: 5ms, application-code: 1023ms)
 GET /api/conversations/3e1d446b-80ea-44c2-bce6-bcc925cf7774/messages?limit=25 200 in 1113ms (next.js: 14ms, application-code: 1099ms)
 GET /api/contacts/fa0db57c-87eb-467c-9bba-dacbc41409d0/facebook-avatar 404 in 1291ms (next.js: 80ms, application-code: 1211ms)
 GET /api/contacts/f374640e-4993-497e-b198-9c88e4549688/facebook-avatar 404 in 1358ms (next.js: 25ms, application-code: 1333ms)
 GET /api/contacts/1ecd7e41-e0fb-42f8-b0be-e7dac17e8a93/facebook-avatar 404 in 1364ms (next.js: 62ms, application-code: 1302ms)
 GET /api/contacts/45ddc152-73ec-4ed5-82ac-f53d35ea2272/facebook-avatar 404 in 1397ms (next.js: 44ms, application-code: 1353ms)
 GET /api/conversations/fff7accd-d975-40b6-b178-f66922a5f69e/messages?limit=25 200 in 1014ms (next.js: 7ms, application-code: 1007ms)
 GET /dashboard/inbox?view=comment 200 in 2.6s (next.js: 18ms, proxy.ts: 158ms, application-code: 2.4s)
 GET /api/contacts/f6cccfc6-4c93-41a3-8ba7-9890d649b8fc/facebook-avatar 404 in 1392ms (next.js: 15ms, application-code: 1377ms)
 GET /api/contacts/12adb6c1-c7a9-48dc-900b-887fd7fc7e78/facebook-avatar 404 in 1507ms (next.js: 6ms, application-code: 1502ms)
 GET /api/contacts/e9cf3c5f-0039-4fe7-a93d-ffbe3500ffa4/facebook-avatar 404 in 1483ms (next.js: 5ms, application-code: 1478ms)
 GET /api/contacts/eaa173b8-903e-4be2-a787-80c307256552/facebook-avatar 404 in 1619ms (next.js: 7ms, application-code: 1611ms)
 GET /api/contacts/c3557414-c518-4572-95f7-e98e5815a2d5/facebook-avatar 404 in 1521ms (next.js: 5ms, application-code: 1517ms)
 GET /api/contacts/041e20e1-2fad-42a9-be2d-5dbe1708597a/facebook-avatar 404 in 1216ms (next.js: 13ms, application-code: 1203ms)
 GET /api/contacts/f82b6724-a1e3-44d9-9b95-a422c4bfabc6/facebook-avatar 404 in 1213ms (next.js: 5ms, application-code: 1209ms)
 GET /api/conversations/ab8b7c04-2532-4cb0-ba1b-8b1921a1579e/messages?limit=25 200 in 933ms (next.js: 12ms, application-code: 921ms)
 GET /api/contacts/63ccf245-01fb-4035-863c-f3b181780706/facebook-avatar 404 in 1210ms (next.js: 5ms, application-code: 1205ms)
 GET /api/contacts/4a151a6f-17c4-4e1a-849a-acbe6d866d26/facebook-avatar 404 in 1265ms (next.js: 4ms, application-code: 1261ms)
 GET /api/conversations/2d7ca3cb-58ad-422a-9824-b6bc4a9e5801/messages?limit=25 200 in 1046ms (next.js: 4ms, application-code: 1041ms)
 GET /api/contacts/ea534bb4-a2c1-4353-891a-0037bf77168d/facebook-avatar 404 in 1241ms (next.js: 19ms, application-code: 1221ms)
 GET /api/conversations/71b7e905-2497-46de-b732-ac7dfa78d658/messages?limit=25 200 in 1091ms (next.js: 17ms, application-code: 1074ms)
 GET /api/conversations/087b1911-1a07-43fc-91b6-2f4413bcb99c/messages?limit=25 200 in 1051ms (next.js: 4ms, application-code: 1047ms)
 GET /api/conversations/10dc5c08-db1c-4485-b426-a27efadaf06d/messages?limit=25 200 in 1025ms (next.js: 6ms, application-code: 1019ms)
 GET /api/conversations/54a2df4c-a9f0-4398-886a-ec2160afd3a1/messages?limit=25 200 in 1077ms (next.js: 5ms, application-code: 1071ms)
 GET /api/contacts/664b13cd-5a25-4a7e-8cbc-027c1545c91b/facebook-avatar 404 in 1368ms (next.js: 9ms, application-code: 1359ms)
 GET /api/conversations/970f2aba-7aee-4814-8dea-c9a26e1c4d1f/messages?limit=25 200 in 1132ms (next.js: 13ms, application-code: 1119ms)
 GET /api/conversations/67dcd266-e92e-4356-9b87-305e483a5baa/messages?limit=25 200 in 1003ms (next.js: 7ms, application-code: 996ms)
 GET /api/contacts/6a513261-9a80-46f9-ba91-3d2f15162f5e/facebook-avatar 404 in 1269ms (next.js: 5ms, application-code: 1264ms)
 GET /api/contacts/a5a50545-36e0-453f-b53a-2320df3d67ed/facebook-avatar 404 in 1351ms (next.js: 17ms, application-code: 1334ms)
 GET /api/conversations/c4816277-1a52-4391-b32f-b2f3fbbaabde/messages?limit=25 200 in 1188ms (next.js: 6ms, application-code: 1182ms)
 GET /api/contacts/5315c7f9-3842-4b45-8762-65fa5c886949/facebook-avatar 404 in 1160ms (next.js: 4ms, application-code: 1155ms)
 GET /api/contacts/aa2311ae-df0c-48a7-b83b-891df0492fdc/facebook-avatar 404 in 1211ms (next.js: 16ms, application-code: 1195ms)
 GET /api/contacts/7f5ece0a-4d24-482b-a85a-2bcd583d00b2/facebook-avatar 404 in 1192ms (next.js: 3ms, application-code: 1189ms)
 GET /dashboard/inbox 200 in 156ms (next.js: 12ms, proxy.ts: 128ms, application-code: 16ms)
 GET /api/contacts/97db28d4-b3b9-4534-b290-01395bb32260/facebook-avatar 404 in 1182ms (next.js: 5ms, application-code: 1177ms)
 GET /api/contacts/c428baaf-a4fe-489b-bc5c-96b572d27760/facebook-avatar 404 in 1180ms (next.js: 6ms, application-code: 1174ms)
 GET /api/contacts/dfed1f5d-f61d-4b48-bcfa-f6a61bde508e/facebook-avatar 404 in 1255ms (next.js: 3ms, application-code: 1251ms)
 GET /api/contacts/737ce697-a91f-4a49-991f-814307dba180/facebook-avatar 404 in 1126ms (next.js: 5ms, application-code: 1121ms)
 GET /api/contacts/40ac2d1b-0ead-4f37-8d09-598196153c7d/facebook-avatar 404 in 1241ms (next.js: 13ms, application-code: 1228ms)
 GET /api/contacts/50b0f071-df6f-4ee6-871b-6911d7de6138/facebook-avatar 404 in 1182ms (next.js: 5ms, application-code: 1177ms)
 GET /api/contacts/3dfc7e82-9f70-4fa5-bc8b-015b710d1cd7/facebook-avatar 404 in 1215ms (next.js: 5ms, application-code: 1210ms)
 GET /api/contacts/440077c1-8e13-418c-9166-f54830cdf4d8/facebook-avatar 404 in 1247ms (next.js: 8ms, application-code: 1239ms)
 GET /api/contacts/bb4e5fe8-1da5-49cb-83f0-83c60a7f49aa/facebook-avatar 404 in 946ms (next.js: 11ms, application-code: 935ms)
 GET /dashboard/inbox 200 in 2.2s (next.js: 11ms, proxy.ts: 143ms, application-code: 2.0s)
 GET /api/conversations/2def6409-718f-439e-bb3b-1ff44a6f085c/message-pins 200 in 1031ms (next.js: 16ms, application-code: 1015ms)
 GET /api/conversations/2def6409-718f-439e-bb3b-1ff44a6f085c/messages?limit=25 200 in 1339ms (next.js: 13ms, application-code: 1326ms)
 GET /api/conversations/2def6409-718f-439e-bb3b-1ff44a6f085c/facebook-block 200 in 1270ms (next.js: 21ms, application-code: 1249ms)
 GET /api/conversations/2def6409-718f-439e-bb3b-1ff44a6f085c/messages?limit=25&live=1789374623258 200 in 1133ms (next.js: 13ms, application-code: 1120ms)
 GET /api/conversations/2def6409-718f-439e-bb3b-1ff44a6f085c/facebook-block 200 in 997ms (next.js: 7ms, application-code: 990ms)
 GET /api/conversations/2def6409-718f-439e-bb3b-1ff44a6f085c/message-pins 200 in 863ms (next.js: 6ms, application-code: 857ms)
 GET /api/workspaces 200 in 918ms (next.js: 9ms, application-code: 909ms)
{"event":"tenh.request_usage","at":"2026-09-14T08:30:25.380Z","businessId":"f92ebb56-d907-499e-a84d-c09180b849b6","route":"/api/workspaces","databaseRequests":12,"databaseResponseBytes":6300,"storageResponseBytes":0,"uploadBytes":0}
 GET /api/system-announcements/current 200 in 632ms (next.js: 16ms, application-code: 616ms)
 GET /api/team-notifications 200 in 1138ms (next.js: 4ms, application-code: 1134ms)
 GET /api/team-chat/rooms 200 in 1674ms (next.js: 5ms, application-code: 1668ms)
{"event":"tenh.request_usage","at":"2026-09-14T08:30:35.516Z","businessId":"f92ebb56-d907-499e-a84d-c09180b849b6","route":"/api/team-chat/rooms","databaseRequests":17,"databaseResponseBytes":4502,"storageResponseBytes":0,"uploadBytes":0}
 POST /api/inbox/live-state 200 in 1491ms (next.js: 4ms, application-code: 1487ms)
{"event":"tenh.request_usage","at":"2026-09-14T08:30:43.997Z","businessId":"f92ebb56-d907-499e-a84d-c09180b849b6","route":"/api/inbox/live-state","databaseRequests":13,"databaseResponseBytes":289854,"storageResponseBytes":0,"uploadBytes":0}
 GET /api/workspaces 200 in 1027ms (next.js: 4ms, application-code: 1023ms)
{"event":"tenh.request_usage","at":"2026-09-14T08:30:44.882Z","businessId":"f92ebb56-d907-499e-a84d-c09180b849b6","route":"/api/workspaces","databaseRequests":12,"databaseResponseBytes":6300,"storageResponseBytes":0,"uploadBytes":0}
 GET /api/conversations/2def6409-718f-439e-bb3b-1ff44a6f085c/messages?limit=25&live=1789374653269 200 in 1102ms (next.js: 10ms, application-code: 1092ms)
 GET /api/invitations/pending 200 in 475ms (next.js: 25ms, application-code: 450ms)
 GET /api/system-announcements/current 200 in 631ms (next.js: 16ms, application-code: 615ms)
 GET /api/facebook/connection-attention 200 in 706ms (next.js: 42ms, application-code: 664ms)
 GET /api/team-notifications 200 in 948ms (next.js: 5ms, application-code: 943ms)
 GET /api/workspaces 200 in 1170ms (next.js: 6ms, application-code: 1164ms)
{"event":"tenh.request_usage","at":"2026-09-14T08:31:05.033Z","businessId":"f92ebb56-d907-499e-a84d-c09180b849b6","route":"/api/workspaces","databaseRequests":12,"databaseResponseBytes":6300,"storageResponseBytes":0,"uploadBytes":0}
 GET /api/team-chat/rooms 200 in 1518ms (next.js: 4ms, application-code: 1513ms)
{"event":"tenh.request_usage","at":"2026-09-14T08:31:05.366Z","businessId":"f92ebb56-d907-499e-a84d-c09180b849b6","route":"/api/team-chat/rooms","databaseRequests":17,"databaseResponseBytes":4502,"storageResponseBytes":0,"uploadBytes":0}
 POST /api/inbox/live-state 200 in 1466ms (next.js: 5ms, application-code: 1461ms)
{"event":"tenh.request_usage","at":"2026-09-14T08:31:15.475Z","businessId":"f92ebb56-d907-499e-a84d-c09180b849b6","route":"/api/inbox/live-state","databaseRequests":13,"databaseResponseBytes":289854,"storageResponseBytes":0,"uploadBytes":0}
 GET /api/workspaces 200 in 1183ms (next.js: 5ms, application-code: 1179ms)
{"event":"tenh.request_usage","at":"2026-09-14T08:31:25.036Z","businessId":"f92ebb56-d907-499e-a84d-c09180b849b6","route":"/api/workspaces","databaseRequests":12,"databaseResponseBytes":6300,"storageResponseBytes":0,"uploadBytes":0}
 GET /api/conversations/2def6409-718f-439e-bb3b-1ff44a6f085c/messages?limit=25&live=1789374684392 200 in 1108ms (next.js: 10ms, application-code: 1097ms)
 GET /api/system-announcements/current 200 in 585ms (next.js: 14ms, application-code: 571ms)
 GET /api/team-notifications 200 in 847ms (next.js: 6ms, application-code: 841ms)
 GET /api/team-chat/rooms 200 in 1578ms (next.js: 4ms, application-code: 1574ms)
{"event":"tenh.request_usage","at":"2026-09-14T08:31:35.420Z","businessId":"f92ebb56-d907-499e-a84d-c09180b849b6","route":"/api/team-chat/rooms","databaseRequests":17,"databaseResponseBytes":4502,"storageResponseBytes":0,"uploadBytes":0}
 GET /api/workspaces 200 in 1133ms (next.js: 4ms, application-code: 1129ms)
{"event":"tenh.request_usage","at":"2026-09-14T08:31:44.983Z","businessId":"f92ebb56-d907-499e-a84d-c09180b849b6","route":"/api/workspaces","databaseRequests":12,"databaseResponseBytes":6300,"storageResponseBytes":0,"uploadBytes":0}
 POST /api/inbox/live-state 200 in 1176ms (next.js: 4ms, application-code: 1172ms)
{"event":"tenh.request_usage","at":"2026-09-14T08:31:46.667Z","businessId":"f92ebb56-d907-499e-a84d-c09180b849b6","route":"/api/inbox/live-state","databaseRequests":13,"databaseResponseBytes":289854,"storageResponseBytes":0,"uploadBytes":0}
 GET /api/conversations/2def6409-718f-439e-bb3b-1ff44a6f085c/messages?limit=25&live=1789374715512 200 in 1132ms (next.js: 10ms, application-code: 1121ms)
 GET /api/invitations/pending 200 in 508ms (next.js: 25ms, application-code: 483ms)
 GET /api/system-announcements/current 200 in 555ms (next.js: 19ms, application-code: 536ms)
 GET /api/facebook/connection-attention 200 in 626ms (next.js: 26ms, application-code: 600ms)
 GET /api/team-notifications 200 in 1117ms (next.js: 16ms, application-code: 1101ms)
 GET /api/workspaces 200 in 1314ms (next.js: 7ms, application-code: 1308ms)
{"event":"tenh.request_usage","at":"2026-09-14T08:32:05.181Z","businessId":"f92ebb56-d907-499e-a84d-c09180b849b6","route":"/api/workspaces","databaseRequests":12,"databaseResponseBytes":6300,"storageResponseBytes":0,"uploadBytes":0}
 GET /api/team-chat/rooms 200 in 1702ms (next.js: 5ms, application-code: 1697ms)
{"event":"tenh.request_usage","at":"2026-09-14T08:32:05.553Z","businessId":"f92ebb56-d907-499e-a84d-c09180b849b6","route":"/api/team-chat/rooms","databaseRequests":17,"databaseResponseBytes":4502,"storageResponseBytes":0,"uploadBytes":0}
 POST /api/inbox/live-state 200 in 1589ms (next.js: 5ms, application-code: 1585ms)
{"event":"tenh.request_usage","at":"2026-09-14T08:32:18.272Z","businessId":"f92ebb56-d907-499e-a84d-c09180b849b6","route":"/api/inbox/live-state","databaseRequests":13,"databaseResponseBytes":289854,"storageResponseBytes":0,"uploadBytes":0}
 GET /api/workspaces 200 in 1080ms (next.js: 4ms, application-code: 1076ms)
{"event":"tenh.request_usage","at":"2026-09-14T08:32:24.928Z","businessId":"f92ebb56-d907-499e-a84d-c09180b849b6","route":"/api/workspaces","databaseRequests":12,"databaseResponseBytes":6300,"storageResponseBytes":0,"uploadBytes":0}
 GET /api/conversations/2def6409-718f-439e-bb3b-1ff44a6f085c/messages?limit=25&live=1789374746655 200 in 912ms (next.js: 10ms, application-code: 902ms)
 GET /api/system-announcements/current 200 in 1147ms (next.js: 16ms, application-code: 1131ms)
 GET /api/team-notifications 200 in 1568ms (next.js: 8ms, application-code: 1559ms)
 GET /api/team-chat/rooms 200 in 2.2s (next.js: 6ms, application-code: 2.1s)
{"event":"tenh.request_usage","at":"2026-09-14T08:32:36.006Z","businessId":"f92ebb56-d907-499e-a84d-c09180b849b6","route":"/api/team-chat/rooms","databaseRequests":17,"databaseResponseBytes":4502,"storageResponseBytes":0,"uploadBytes":0}
 GET /api/workspaces 200 in 1147ms (next.js: 4ms, application-code: 1142ms)
{"event":"tenh.request_usage","at":"2026-09-14T08:32:44.992Z","businessId":"f92ebb56-d907-499e-a84d-c09180b849b6","route":"/api/workspaces","databaseRequests":12,"databaseResponseBytes":6300,"storageResponseBytes":0,"uploadBytes":0}
 POST /api/inbox/live-state 200 in 1213ms (next.js: 4ms, application-code: 1209ms)
{"event":"tenh.request_usage","at":"2026-09-14T08:32:49.499Z","businessId":"f92ebb56-d907-499e-a84d-c09180b849b6","route":"/api/inbox/live-state","databaseRequests":13,"databaseResponseBytes":289854,"storageResponseBytes":0,"uploadBytes":0}
 GET /api/conversations/2def6409-718f-439e-bb3b-1ff44a6f085c/messages?limit=25&live=1789374777586 200 in 1200ms (next.js: 10ms, application-code: 1190ms)
 GET /api/invitations/pending 200 in 449ms (next.js: 22ms, application-code: 427ms)
 GET /api/system-announcements/current 200 in 679ms (next.js: 26ms, application-code: 653ms)
 GET /api/facebook/connection-attention 200 in 671ms (next.js: 31ms, application-code: 640ms)
 GET /api/team-notifications 200 in 952ms (next.js: 12ms, application-code: 940ms)
 GET /api/workspaces 200 in 1172ms (next.js: 4ms, application-code: 1167ms)
{"event":"tenh.request_usage","at":"2026-09-14T08:33:05.044Z","businessId":"f92ebb56-d907-499e-a84d-c09180b849b6","route":"/api/workspaces","databaseRequests":12,"databaseResponseBytes":6300,"storageResponseBytes":0,"uploadBytes":0}
 GET /api/team-chat/rooms 200 in 1467ms (next.js: 6ms, application-code: 1461ms)
{"event":"tenh.request_usage","at":"2026-09-14T08:33:05.319Z","businessId":"f92ebb56-d907-499e-a84d-c09180b849b6","route":"/api/team-chat/rooms","databaseRequests":17,"databaseResponseBytes":4502,"storageResponseBytes":0,"uploadBytes":0}
 POST /api/inbox/live-state 200 in 1995ms (next.js: 4ms, application-code: 1992ms)
{"event":"tenh.request_usage","at":"2026-09-14T08:33:21.508Z","businessId":"f92ebb56-d907-499e-a84d-c09180b849b6","route":"/api/inbox/live-state","databaseRequests":13,"databaseResponseBytes":289854,"storageResponseBytes":0,"uploadBytes":0}
 GET /api/workspaces 200 in 1017ms (next.js: 4ms, application-code: 1013ms)
{"event":"tenh.request_usage","at":"2026-09-14T08:33:24.866Z","businessId":"f92ebb56-d907-499e-a84d-c09180b849b6","route":"/api/workspaces","databaseRequests":12,"databaseResponseBytes":6300,"storageResponseBytes":0,"uploadBytes":0}
 GET /api/conversations/2def6409-718f-439e-bb3b-1ff44a6f085c/messages?limit=25&live=1789374808806 200 in 1336ms (next.js: 10ms, application-code: 1326ms)
 GET /api/system-announcements/current 200 in 624ms (next.js: 15ms, application-code: 609ms)
 GET /api/team-notifications 200 in 863ms (next.js: 6ms, application-code: 858ms)
 GET /api/team-chat/rooms 200 in 1587ms (next.js: 5ms, application-code: 1581ms)
{"event":"tenh.request_usage","at":"2026-09-14T08:33:35.444Z","businessId":"f92ebb56-d907-499e-a84d-c09180b849b6","route":"/api/team-chat/rooms","databaseRequests":17,"databaseResponseBytes":4502,"storageResponseBytes":0,"uploadBytes":0}
 GET /api/workspaces 200 in 1278ms (next.js: 4ms, application-code: 1274ms)
{"event":"tenh.request_usage","at":"2026-09-14T08:33:45.136Z","businessId":"f92ebb56-d907-499e-a84d-c09180b849b6","route":"/api/workspaces","databaseRequests":12,"databaseResponseBytes":6300,"storageResponseBytes":0,"uploadBytes":0}
 POST /api/inbox/live-state 200 in 1700ms (next.js: 4ms, application-code: 1696ms)
{"event":"tenh.request_usage","at":"2026-09-14T08:33:53.224Z","businessId":"f92ebb56-d907-499e-a84d-c09180b849b6","route":"/api/inbox/live-state","databaseRequests":13,"databaseResponseBytes":289854,"storageResponseBytes":0,"uploadBytes":0}
 GET /api/conversations/2def6409-718f-439e-bb3b-1ff44a6f085c/messages?limit=25&live=1789374840154 200 in 1168ms (next.js: 11ms, application-code: 1157ms)
 GET /api/invitations/pending 200 in 536ms (next.js: 27ms, application-code: 509ms)
 GET /api/system-announcements/current 200 in 711ms (next.js: 20ms, application-code: 691ms)
 GET /api/facebook/connection-attention 200 in 729ms (next.js: 36ms, application-code: 693ms)
 GET /api/team-notifications 200 in 1100ms (next.js: 12ms, application-code: 1087ms)
 GET /api/workspaces 200 in 1244ms (next.js: 6ms, application-code: 1239ms)
{"event":"tenh.request_usage","at":"2026-09-14T08:34:05.116Z","businessId":"f92ebb56-d907-499e-a84d-c09180b849b6","route":"/api/workspaces","databaseRequests":12,"databaseResponseBytes":6300,"storageResponseBytes":0,"uploadBytes":0}
 GET /api/team-chat/rooms 200 in 1532ms (next.js: 7ms, application-code: 1525ms)
{"event":"tenh.request_usage","at":"2026-09-14T08:34:05.382Z","businessId":"f92ebb56-d907-499e-a84d-c09180b849b6","route":"/api/team-chat/rooms","databaseRequests":17,"databaseResponseBytes":4502,"storageResponseBytes":0,"uploadBytes":0}
 POST /api/inbox/live-state 200 in 1386ms (next.js: 3ms, application-code: 1383ms)
{"event":"tenh.request_usage","at":"2026-09-14T08:34:24.619Z","businessId":"f92ebb56-d907-499e-a84d-c09180b849b6","route":"/api/inbox/live-state","databaseRequests":13,"databaseResponseBytes":289854,"storageResponseBytes":0,"uploadBytes":0}
 GET /api/workspaces 200 in 1099ms (next.js: 4ms, application-code: 1095ms)
{"event":"tenh.request_usage","at":"2026-09-14T08:34:24.954Z","businessId":"f92ebb56-d907-499e-a84d-c09180b849b6","route":"/api/workspaces","databaseRequests":12,"databaseResponseBytes":6300,"storageResponseBytes":0,"uploadBytes":0}
 GET /api/conversations/2def6409-718f-439e-bb3b-1ff44a6f085c/messages?limit=25&live=1789374871340 200 in 1440ms (next.js: 10ms, application-code: 1430ms)
 GET /api/system-announcements/current 200 in 655ms (next.js: 12ms, application-code: 643ms)
 GET /api/team-notifications 200 in 856ms (next.js: 8ms, application-code: 848ms)
 GET /api/team-chat/rooms 200 in 1414ms (next.js: 4ms, application-code: 1410ms)
{"event":"tenh.request_usage","at":"2026-09-14T08:34:35.264Z","businessId":"f92ebb56-d907-499e-a84d-c09180b849b6","route":"/api/team-chat/rooms","databaseRequests":17,"databaseResponseBytes":4502,"storageResponseBytes":0,"uploadBytes":0}
 GET /api/workspaces 200 in 1149ms (next.js: 6ms, application-code: 1143ms)
{"event":"tenh.request_usage","at":"2026-09-14T08:34:45.001Z","businessId":"f92ebb56-d907-499e-a84d-c09180b849b6","route":"/api/workspaces","databaseRequests":12,"databaseResponseBytes":6300,"storageResponseBytes":0,"uploadBytes":0}
 POST /api/inbox/live-state 200 in 1381ms (next.js: 4ms, application-code: 1376ms)
{"event":"tenh.request_usage","at":"2026-09-14T08:34:56.017Z","businessId":"f92ebb56-d907-499e-a84d-c09180b849b6","route":"/api/inbox/live-state","databaseRequests":13,"databaseResponseBytes":289854,"storageResponseBytes":0,"uploadBytes":0}
 GET /api/invitations/pending 200 in 550ms (next.js: 22ms, application-code: 528ms)
 GET /api/system-announcements/current 200 in 683ms (next.js: 15ms, application-code: 669ms)
 GET /api/conversations/2def6409-718f-439e-bb3b-1ff44a6f085c/messages?limit=25&live=1789374902801 200 in 1876ms (next.js: 9ms, application-code: 1866ms)
 GET /api/team-notifications 200 in 1005ms (next.js: 12ms, application-code: 993ms)
 GET /api/facebook/connection-attention 200 in 648ms (next.js: 3ms, application-code: 644ms)
 GET /api/workspaces 200 in 1263ms (next.js: 17ms, application-code: 1245ms)
{"event":"tenh.request_usage","at":"2026-09-14T08:35:05.119Z","businessId":"f92ebb56-d907-499e-a84d-c09180b849b6","route":"/api/workspaces","databaseRequests":12,"databaseResponseBytes":6300,"storageResponseBytes":0,"uploadBytes":0}
 GET /api/team-chat/rooms 200 in 1723ms (next.js: 5ms, application-code: 1718ms)
{"event":"tenh.request_usage","at":"2026-09-14T08:35:05.579Z","businessId":"f92ebb56-d907-499e-a84d-c09180b849b6","route":"/api/team-chat/rooms","databaseRequests":17,"databaseResponseBytes":4502,"storageResponseBytes":0,"uploadBytes":0}
 GET /api/workspaces 200 in 1078ms (next.js: 4ms, application-code: 1074ms)
{"event":"tenh.request_usage","at":"2026-09-14T08:35:24.927Z","businessId":"f92ebb56-d907-499e-a84d-c09180b849b6","route":"/api/workspaces","databaseRequests":12,"databaseResponseBytes":6300,"storageResponseBytes":0,"uploadBytes":0}
 POST /api/inbox/live-state 200 in 1186ms (next.js: 4ms, application-code: 1182ms)
{"event":"tenh.request_usage","at":"2026-09-14T08:35:27.223Z","businessId":"f92ebb56-d907-499e-a84d-c09180b849b6","route":"/api/inbox/live-state","databaseRequests":13,"databaseResponseBytes":289854,"storageResponseBytes":0,"uploadBytes":0}
 GET /api/system-announcements/current 200 in 560ms (next.js: 16ms, application-code: 544ms)
 GET /api/team-notifications 200 in 934ms (next.js: 10ms, application-code: 924ms)
 GET /api/team-chat/rooms 200 in 1682ms (next.js: 4ms, application-code: 1678ms)
{"event":"tenh.request_usage","at":"2026-09-14T08:35:35.539Z","businessId":"f92ebb56-d907-499e-a84d-c09180b849b6","route":"/api/team-chat/rooms","databaseRequests":17,"databaseResponseBytes":4502,"storageResponseBytes":0,"uploadBytes":0}
 GET /api/conversations/2def6409-718f-439e-bb3b-1ff44a6f085c/messages?limit=25&live=1789374934698 200 in 1083ms (next.js: 11ms, application-code: 1072ms)
 GET /api/workspaces 200 in 1094ms (next.js: 4ms, application-code: 1090ms)
{"event":"tenh.request_usage","at":"2026-09-14T08:35:44.950Z","businessId":"f92ebb56-d907-499e-a84d-c09180b849b6","route":"/api/workspaces","databaseRequests":12,"databaseResponseBytes":6300,"storageResponseBytes":0,"uploadBytes":0}
 POST /api/inbox/live-state 200 in 1308ms (next.js: 3ms, application-code: 1305ms)
{"event":"tenh.request_usage","at":"2026-09-14T08:35:58.546Z","businessId":"f92ebb56-d907-499e-a84d-c09180b849b6","route":"/api/inbox/live-state","databaseRequests":13,"databaseResponseBytes":289854,"storageResponseBytes":0,"uploadBytes":0}
 GET /api/invitations/pending 200 in 480ms (next.js: 21ms, application-code: 459ms)
 GET /api/system-announcements/current 200 in 589ms (next.js: 15ms, application-code: 574ms)
 GET /api/facebook/connection-attention 200 in 666ms (next.js: 34ms, application-code: 632ms)
 GET /api/team-notifications 200 in 1026ms (next.js: 6ms, application-code: 1020ms)
 GET /api/workspaces 200 in 1177ms (next.js: 8ms, application-code: 1169ms)
{"event":"tenh.request_usage","at":"2026-09-14T08:36:05.042Z","businessId":"f92ebb56-d907-499e-a84d-c09180b849b6","route":"/api/workspaces","databaseRequests":12,"databaseResponseBytes":6300,"storageResponseBytes":0,"uploadBytes":0}
 GET /api/team-chat/rooms 200 in 1743ms (next.js: 6ms, application-code: 1737ms)
{"event":"tenh.request_usage","at":"2026-09-14T08:36:05.594Z","businessId":"f92ebb56-d907-499e-a84d-c09180b849b6","route":"/api/team-chat/rooms","databaseRequests":17,"databaseResponseBytes":4502,"storageResponseBytes":0,"uploadBytes":0}
 GET /api/conversations/2def6409-718f-439e-bb3b-1ff44a6f085c/messages?limit=25&live=1789374965792 200 in 1115ms (next.js: 9ms, application-code: 1106ms)
 GET /api/workspaces 200 in 1220ms (next.js: 4ms, application-code: 1217ms)
{"event":"tenh.request_usage","at":"2026-09-14T08:36:25.079Z","businessId":"f92ebb56-d907-499e-a84d-c09180b849b6","route":"/api/workspaces","databaseRequests":12,"databaseResponseBytes":6300,"storageResponseBytes":0,"uploadBytes":0}
 POST /api/inbox/live-state 200 in 1484ms (next.js: 4ms, application-code: 1480ms)
{"event":"tenh.request_usage","at":"2026-09-14T08:36:30.051Z","businessId":"f92ebb56-d907-499e-a84d-c09180b849b6","route":"/api/inbox/live-state","databaseRequests":13,"databaseResponseBytes":289854,"storageResponseBytes":0,"uploadBytes":0}
 GET /api/system-announcements/current 200 in 437ms (next.js: 10ms, application-code: 427ms)
 GET /api/team-notifications 200 in 908ms (next.js: 5ms, application-code: 903ms)
 GET /api/team-chat/rooms 200 in 1605ms (next.js: 4ms, application-code: 1601ms)
{"event":"tenh.request_usage","at":"2026-09-14T08:36:35.449Z","businessId":"f92ebb56-d907-499e-a84d-c09180b849b6","route":"/api/team-chat/rooms","databaseRequests":17,"databaseResponseBytes":4502,"storageResponseBytes":0,"uploadBytes":0}
 GET /api/conversations/2def6409-718f-439e-bb3b-1ff44a6f085c/messages?limit=25&live=1789374996914 200 in 1126ms (next.js: 11ms, application-code: 1115ms)
 GET /api/workspaces 200 in 1144ms (next.js: 3ms, application-code: 1140ms)
{"event":"tenh.request_usage","at":"2026-09-14T08:36:45.000Z","businessId":"f92ebb56-d907-499e-a84d-c09180b849b6","route":"/api/workspaces","databaseRequests":12,"databaseResponseBytes":6300,"storageResponseBytes":0,"uploadBytes":0}
 POST /api/inbox/live-state 200 in 1366ms (next.js: 4ms, application-code: 1362ms)
{"event":"tenh.request_usage","at":"2026-09-14T08:37:01.428Z","businessId":"f92ebb56-d907-499e-a84d-c09180b849b6","route":"/api/inbox/live-state","databaseRequests":13,"databaseResponseBytes":289854,"storageResponseBytes":0,"uploadBytes":0}
 GET /api/invitations/pending 200 in 372ms (next.js: 6ms, application-code: 366ms)
 GET /api/system-announcements/current 200 in 488ms (next.js: 22ms, application-code: 466ms)
 GET /api/facebook/connection-attention 200 in 920ms (next.js: 14ms, application-code: 906ms)
 GET /api/team-notifications 200 in 1006ms (next.js: 13ms, application-code: 993ms)
 GET /api/workspaces 200 in 1265ms (next.js: 8ms, application-code: 1257ms)
{"event":"tenh.request_usage","at":"2026-09-14T08:37:05.125Z","businessId":"f92ebb56-d907-499e-a84d-c09180b849b6","route":"/api/workspaces","databaseRequests":12,"databaseResponseBytes":6300,"storageResponseBytes":0,"uploadBytes":0}
 GET /api/team-chat/rooms 200 in 1543ms (next.js: 5ms, application-code: 1538ms)
{"event":"tenh.request_usage","at":"2026-09-14T08:37:05.391Z","businessId":"f92ebb56-d907-499e-a84d-c09180b849b6","route":"/api/team-chat/rooms","databaseRequests":17,"databaseResponseBytes":4502,"storageResponseBytes":0,"uploadBytes":0}
 GET /api/conversations/2def6409-718f-439e-bb3b-1ff44a6f085c/messages?limit=25&live=1789375028055 200 in 1069ms (next.js: 10ms, application-code: 1059ms)
 GET /api/workspaces 200 in 1082ms (next.js: 4ms, application-code: 1078ms)
{"event":"tenh.request_usage","at":"2026-09-14T08:37:24.933Z","businessId":"f92ebb56-d907-499e-a84d-c09180b849b6","route":"/api/workspaces","databaseRequests":12,"databaseResponseBytes":6300,"storageResponseBytes":0,"uploadBytes":0}
 POST /api/inbox/live-state 200 in 1296ms (next.js: 4ms, application-code: 1292ms)
{"event":"tenh.request_usage","at":"2026-09-14T08:37:32.733Z","businessId":"f92ebb56-d907-499e-a84d-c09180b849b6","route":"/api/inbox/live-state","databaseRequests":13,"databaseResponseBytes":289854,"storageResponseBytes":0,"uploadBytes":0}
 GET /api/system-announcements/current 200 in 466ms (next.js: 11ms, application-code: 455ms)
 GET /api/team-notifications 200 in 875ms (next.js: 6ms, application-code: 869ms)
 GET /api/team-chat/rooms 200 in 1451ms (next.js: 7ms, application-code: 1444ms)
{"event":"tenh.request_usage","at":"2026-09-14T08:37:35.301Z","businessId":"f92ebb56-d907-499e-a84d-c09180b849b6","route":"/api/team-chat/rooms","databaseRequests":17,"databaseResponseBytes":4502,"storageResponseBytes":0,"uploadBytes":0}
 GET /api/conversations/2def6409-718f-439e-bb3b-1ff44a6f085c/messages?limit=25&live=1789375059133 200 in 1167ms (next.js: 9ms, application-code: 1158ms)
 GET /api/workspaces 200 in 1009ms (next.js: 3ms, application-code: 1005ms)
{"event":"tenh.request_usage","at":"2026-09-14T08:37:44.854Z","businessId":"f92ebb56-d907-499e-a84d-c09180b849b6","route":"/api/workspaces","databaseRequests":12,"databaseResponseBytes":6300,"storageResponseBytes":0,"uploadBytes":0}
 POST /api/inbox/live-state 200 in 1408ms (next.js: 4ms, application-code: 1404ms)
{"event":"tenh.request_usage","at":"2026-09-14T08:38:04.160Z","businessId":"f92ebb56-d907-499e-a84d-c09180b849b6","route":"/api/inbox/live-state","databaseRequests":13,"databaseResponseBytes":289854,"storageResponseBytes":0,"uploadBytes":0}
 GET /api/invitations/pending 200 in 583ms (next.js: 33ms, application-code: 550ms)
 GET /api/system-announcements/current 200 in 809ms (next.js: 24ms, application-code: 785ms)
 GET /api/facebook/connection-attention 200 in 790ms (next.js: 6ms, application-code: 784ms)
 GET /api/workspaces 200 in 1336ms (next.js: 5ms, application-code: 1331ms)
{"event":"tenh.request_usage","at":"2026-09-14T08:38:05.210Z","businessId":"f92ebb56-d907-499e-a84d-c09180b849b6","route":"/api/workspaces","databaseRequests":12,"databaseResponseBytes":6300,"storageResponseBytes":0,"uploadBytes":0}
 GET /api/team-notifications 200 in 1369ms (next.js: 13ms, application-code: 1356ms)
 GET /api/team-chat/rooms 200 in 1774ms (next.js: 4ms, application-code: 1769ms)
{"event":"tenh.request_usage","at":"2026-09-14T08:38:05.633Z","businessId":"f92ebb56-d907-499e-a84d-c09180b849b6","route":"/api/team-chat/rooms","databaseRequests":17,"databaseResponseBytes":4502,"storageResponseBytes":0,"uploadBytes":0}
 GET /api/conversations/2def6409-718f-439e-bb3b-1ff44a6f085c/messages?limit=25&live=1789375090313 200 in 1130ms (next.js: 13ms, application-code: 1117ms)
 GET /api/workspaces 200 in 1191ms (next.js: 7ms, application-code: 1184ms)
{"event":"tenh.request_usage","at":"2026-09-14T08:38:25.041Z","businessId":"f92ebb56-d907-499e-a84d-c09180b849b6","route":"/api/workspaces","databaseRequests":12,"databaseResponseBytes":6300,"storageResponseBytes":0,"uploadBytes":0}
 GET /api/system-announcements/current 200 in 567ms (next.js: 14ms, application-code: 553ms)
 GET /api/team-notifications 200 in 975ms (next.js: 6ms, application-code: 969ms)
 GET /api/team-chat/rooms 200 in 1651ms (next.js: 6ms, application-code: 1645ms)
{"event":"tenh.request_usage","at":"2026-09-14T08:38:35.503Z","businessId":"f92ebb56-d907-499e-a84d-c09180b849b6","route":"/api/team-chat/rooms","databaseRequests":17,"databaseResponseBytes":4502,"storageResponseBytes":0,"uploadBytes":0}
 POST /api/inbox/live-state 200 in 1545ms (next.js: 4ms, application-code: 1541ms)
{"event":"tenh.request_usage","at":"2026-09-14T08:38:35.723Z","businessId":"f92ebb56-d907-499e-a84d-c09180b849b6","route":"/api/inbox/live-state","databaseRequests":13,"databaseResponseBytes":289854,"storageResponseBytes":0,"uploadBytes":0}
 GET /api/conversations/2def6409-718f-439e-bb3b-1ff44a6f085c/messages?limit=25&live=1789375121457 200 in 1151ms (next.js: 10ms, application-code: 1141ms)
 GET /api/workspaces 200 in 1153ms (next.js: 5ms, application-code: 1149ms)
{"event":"tenh.request_usage","at":"2026-09-14T08:38:45.012Z","businessId":"f92ebb56-d907-499e-a84d-c09180b849b6","route":"/api/workspaces","databaseRequests":12,"databaseResponseBytes":6300,"storageResponseBytes":0,"uploadBytes":0}
 GET /api/invitations/pending 200 in 543ms (next.js: 16ms, application-code: 527ms)
 GET /api/facebook/connection-attention 200 in 720ms (next.js: 28ms, application-code: 693ms)
 GET /api/system-announcements/current 200 in 774ms (next.js: 17ms, application-code: 758ms)
 GET /api/team-notifications 200 in 1266ms (next.js: 41ms, application-code: 1224ms)
 GET /api/workspaces 200 in 1471ms (next.js: 7ms, application-code: 1464ms)
{"event":"tenh.request_usage","at":"2026-09-14T08:39:05.349Z","businessId":"f92ebb56-d907-499e-a84d-c09180b849b6","route":"/api/workspaces","databaseRequests":12,"databaseResponseBytes":6300,"storageResponseBytes":0,"uploadBytes":0}
 GET /api/team-chat/rooms 200 in 1646ms (next.js: 6ms, application-code: 1640ms)
{"event":"tenh.request_usage","at":"2026-09-14T08:39:05.505Z","businessId":"f92ebb56-d907-499e-a84d-c09180b849b6","route":"/api/team-chat/rooms","databaseRequests":17,"databaseResponseBytes":4502,"storageResponseBytes":0,"uploadBytes":0}
 POST /api/inbox/live-state 200 in 1200ms (next.js: 3ms, application-code: 1197ms)
{"event":"tenh.request_usage","at":"2026-09-14T08:39:06.934Z","businessId":"f92ebb56-d907-499e-a84d-c09180b849b6","route":"/api/inbox/live-state","databaseRequests":13,"databaseResponseBytes":289854,"storageResponseBytes":0,"uploadBytes":0}
 GET /api/conversations/2def6409-718f-439e-bb3b-1ff44a6f085c/messages?limit=25&live=1789375152629 200 in 1160ms (next.js: 10ms, application-code: 1150ms)
 GET /api/workspaces 200 in 1144ms (next.js: 10ms, application-code: 1135ms)
{"event":"tenh.request_usage","at":"2026-09-14T08:39:24.995Z","businessId":"f92ebb56-d907-499e-a84d-c09180b849b6","route":"/api/workspaces","databaseRequests":12,"databaseResponseBytes":6300,"storageResponseBytes":0,"uploadBytes":0}
 GET /api/system-announcements/current 200 in 597ms (next.js: 13ms, application-code: 583ms)
 GET /api/team-notifications 200 in 934ms (next.js: 4ms, application-code: 930ms)
 GET /api/team-chat/rooms 200 in 1481ms (next.js: 4ms, application-code: 1477ms)
{"event":"tenh.request_usage","at":"2026-09-14T08:39:35.337Z","businessId":"f92ebb56-d907-499e-a84d-c09180b849b6","route":"/api/team-chat/rooms","databaseRequests":17,"databaseResponseBytes":4502,"storageResponseBytes":0,"uploadBytes":0}
 POST /api/inbox/live-state 200 in 1291ms (next.js: 4ms, application-code: 1288ms)
{"event":"tenh.request_usage","at":"2026-09-14T08:39:38.237Z","businessId":"f92ebb56-d907-499e-a84d-c09180b849b6","route":"/api/inbox/live-state","databaseRequests":13,"databaseResponseBytes":289854,"storageResponseBytes":0,"uploadBytes":0}
 GET /api/workspaces 200 in 1095ms (next.js: 4ms, application-code: 1091ms)
{"event":"tenh.request_usage","at":"2026-09-14T08:39:44.956Z","businessId":"f92ebb56-d907-499e-a84d-c09180b849b6","route":"/api/workspaces","databaseRequests":12,"databaseResponseBytes":6300,"storageResponseBytes":0,"uploadBytes":0}
 GET /api/conversations/2def6409-718f-439e-bb3b-1ff44a6f085c/messages?limit=25&live=1789375183809 200 in 1147ms (next.js: 10ms, application-code: 1138ms)
 GET /api/invitations/pending 200 in 454ms (next.js: 27ms, application-code: 426ms)
 GET /api/system-announcements/current 200 in 633ms (next.js: 20ms, application-code: 613ms)
 GET /api/facebook/connection-attention 200 in 616ms (next.js: 6ms, application-code: 610ms)
 GET /api/team-notifications 200 in 1016ms (next.js: 12ms, application-code: 1003ms)
 GET /api/workspaces 200 in 1266ms (next.js: 6ms, application-code: 1260ms)
{"event":"tenh.request_usage","at":"2026-09-14T08:40:05.132Z","businessId":"f92ebb56-d907-499e-a84d-c09180b849b6","route":"/api/workspaces","databaseRequests":12,"databaseResponseBytes":6300,"storageResponseBytes":0,"uploadBytes":0}
 GET /api/team-chat/rooms 200 in 1622ms (next.js: 5ms, application-code: 1617ms)
{"event":"tenh.request_usage","at":"2026-09-14T08:40:05.474Z","businessId":"f92ebb56-d907-499e-a84d-c09180b849b6","route":"/api/team-chat/rooms","databaseRequests":17,"databaseResponseBytes":4502,"storageResponseBytes":0,"uploadBytes":0}
 POST /api/inbox/live-state 200 in 1389ms (next.js: 4ms, application-code: 1385ms)
{"event":"tenh.request_usage","at":"2026-09-14T08:40:09.642Z","businessId":"f92ebb56-d907-499e-a84d-c09180b849b6","route":"/api/inbox/live-state","databaseRequests":13,"databaseResponseBytes":289854,"storageResponseBytes":0,"uploadBytes":0}
 GET /api/conversations/2def6409-718f-439e-bb3b-1ff44a6f085c/messages?limit=25&live=1789375214967 200 in 1158ms (next.js: 9ms, application-code: 1149ms)
 GET /api/workspaces 200 in 1125ms (next.js: 4ms, application-code: 1121ms)
{"event":"tenh.request_usage","at":"2026-09-14T08:40:24.979Z","businessId":"f92ebb56-d907-499e-a84d-c09180b849b6","route":"/api/workspaces","databaseRequests":12,"databaseResponseBytes":6300,"storageResponseBytes":0,"uploadBytes":0}
 GET /api/system-announcements/current 200 in 693ms (next.js: 18ms, application-code: 675ms)
 GET /api/team-notifications 200 in 1120ms (next.js: 7ms, application-code: 1113ms)
 GET /api/team-chat/rooms 200 in 1631ms (next.js: 5ms, application-code: 1627ms)
{"event":"tenh.request_usage","at":"2026-09-14T08:40:35.490Z","businessId":"f92ebb56-d907-499e-a84d-c09180b849b6","route":"/api/team-chat/rooms","databaseRequests":17,"databaseResponseBytes":4502,"storageResponseBytes":0,"uploadBytes":0}
 POST /api/inbox/live-state 200 in 1362ms (next.js: 4ms, application-code: 1359ms)
{"event":"tenh.request_usage","at":"2026-09-14T08:40:41.013Z","businessId":"f92ebb56-d907-499e-a84d-c09180b849b6","route":"/api/inbox/live-state","databaseRequests":13,"databaseResponseBytes":289854,"storageResponseBytes":0,"uploadBytes":0}
 GET /api/workspaces 200 in 988ms (next.js: 4ms, application-code: 985ms)
{"event":"tenh.request_usage","at":"2026-09-14T08:40:44.834Z","businessId":"f92ebb56-d907-499e-a84d-c09180b849b6","route":"/api/workspaces","databaseRequests":12,"databaseResponseBytes":6300,"storageResponseBytes":0,"uploadBytes":0}
 GET /api/conversations/2def6409-718f-439e-bb3b-1ff44a6f085c/messages?limit=25&live=1789375246138 200 in 992ms (next.js: 10ms, application-code: 982ms)
 GET /api/invitations/pending 200 in 527ms (next.js: 17ms, application-code: 511ms)
 GET /api/system-announcements/current 200 in 629ms (next.js: 9ms, application-code: 620ms)
 GET /api/facebook/connection-attention 200 in 645ms (next.js: 8ms, application-code: 638ms)
 GET /api/team-notifications 200 in 944ms (next.js: 6ms, application-code: 937ms)
 GET /api/workspaces 200 in 1233ms (next.js: 6ms, application-code: 1227ms)
{"event":"tenh.request_usage","at":"2026-09-14T08:41:05.093Z","businessId":"f92ebb56-d907-499e-a84d-c09180b849b6","route":"/api/workspaces","databaseRequests":12,"databaseResponseBytes":6300,"storageResponseBytes":0,"uploadBytes":0}
 GET /api/team-chat/rooms 200 in 1524ms (next.js: 5ms, application-code: 1520ms)
{"event":"tenh.request_usage","at":"2026-09-14T08:41:05.374Z","businessId":"f92ebb56-d907-499e-a84d-c09180b849b6","route":"/api/team-chat/rooms","databaseRequests":17,"databaseResponseBytes":4502,"storageResponseBytes":0,"uploadBytes":0}
 POST /api/inbox/live-state 200 in 1333ms (next.js: 4ms, application-code: 1329ms)
{"event":"tenh.request_usage","at":"2026-09-14T08:41:12.352Z","businessId":"f92ebb56-d907-499e-a84d-c09180b849b6","route":"/api/inbox/live-state","databaseRequests":13,"databaseResponseBytes":289854,"storageResponseBytes":0,"uploadBytes":0}
 GET /api/conversations/2def6409-718f-439e-bb3b-1ff44a6f085c/messages?limit=25&live=1789375277138 200 in 1162ms (next.js: 10ms, application-code: 1152ms)
 GET /api/workspaces 200 in 1217ms (next.js: 4ms, application-code: 1213ms)
{"event":"tenh.request_usage","at":"2026-09-14T08:41:25.061Z","businessId":"f92ebb56-d907-499e-a84d-c09180b849b6","route":"/api/workspaces","databaseRequests":12,"databaseResponseBytes":6300,"storageResponseBytes":0,"uploadBytes":0}
 GET /api/system-announcements/current 200 in 694ms (next.js: 11ms, application-code: 683ms)
 GET /api/team-notifications 200 in 1421ms (next.js: 6ms, application-code: 1415ms)
 GET /api/team-chat/rooms 200 in 2.3s (next.js: 4ms, application-code: 2.3s)
{"event":"tenh.request_usage","at":"2026-09-14T08:41:36.146Z","businessId":"f92ebb56-d907-499e-a84d-c09180b849b6","route":"/api/team-chat/rooms","databaseRequests":17,"databaseResponseBytes":4502,"storageResponseBytes":0,"uploadBytes":0}
 POST /api/inbox/live-state 200 in 1378ms (next.js: 4ms, application-code: 1375ms)
{"event":"tenh.request_usage","at":"2026-09-14T08:41:43.748Z","businessId":"f92ebb56-d907-499e-a84d-c09180b849b6","route":"/api/inbox/live-state","databaseRequests":13,"databaseResponseBytes":289854,"storageResponseBytes":0,"uploadBytes":0}
 GET /api/workspaces 200 in 963ms (next.js: 3ms, application-code: 960ms)
{"event":"tenh.request_usage","at":"2026-09-14T08:41:44.822Z","businessId":"f92ebb56-d907-499e-a84d-c09180b849b6","route":"/api/workspaces","databaseRequests":12,"databaseResponseBytes":6300,"storageResponseBytes":0,"uploadBytes":0}
 GET /api/conversations/2def6409-718f-439e-bb3b-1ff44a6f085c/messages?limit=25&live=1789375308308 200 in 1083ms (next.js: 10ms, application-code: 1073ms)
 GET /api/invitations/pending 200 in 421ms (next.js: 22ms, application-code: 399ms)
 GET /api/system-announcements/current 200 in 566ms (next.js: 14ms, application-code: 552ms)
 GET /api/facebook/connection-attention 200 in 620ms (next.js: 27ms, application-code: 593ms)
 GET /api/team-notifications 200 in 1046ms (next.js: 14ms, application-code: 1032ms)
 GET /api/workspaces 200 in 1244ms (next.js: 17ms, application-code: 1227ms)
{"event":"tenh.request_usage","at":"2026-09-14T08:42:05.102Z","businessId":"f92ebb56-d907-499e-a84d-c09180b849b6","route":"/api/workspaces","databaseRequests":12,"databaseResponseBytes":6300,"storageResponseBytes":0,"uploadBytes":0}
 GET /api/team-chat/rooms 200 in 1567ms (next.js: 5ms, application-code: 1561ms)
{"event":"tenh.request_usage","at":"2026-09-14T08:42:05.417Z","businessId":"f92ebb56-d907-499e-a84d-c09180b849b6","route":"/api/team-chat/rooms","databaseRequests":17,"databaseResponseBytes":4502,"storageResponseBytes":0,"uploadBytes":0}
 POST /api/inbox/live-state 200 in 1327ms (next.js: 3ms, application-code: 1324ms)
{"event":"tenh.request_usage","at":"2026-09-14T08:42:15.087Z","businessId":"f92ebb56-d907-499e-a84d-c09180b849b6","route":"/api/inbox/live-state","databaseRequests":13,"databaseResponseBytes":289854,"storageResponseBytes":0,"uploadBytes":0}
 GET /api/conversations/2def6409-718f-439e-bb3b-1ff44a6f085c/messages?limit=25&live=1789375339409 200 in 1090ms (next.js: 10ms, application-code: 1080ms)
 GET /api/workspaces 200 in 1017ms (next.js: 3ms, application-code: 1013ms)
{"event":"tenh.request_usage","at":"2026-09-14T08:42:24.877Z","businessId":"f92ebb56-d907-499e-a84d-c09180b849b6","route":"/api/workspaces","databaseRequests":12,"databaseResponseBytes":6300,"storageResponseBytes":0,"uploadBytes":0}
 GET /api/system-announcements/current 200 in 522ms (next.js: 12ms, application-code: 510ms)
 GET /api/team-notifications 200 in 1195ms (next.js: 6ms, application-code: 1188ms)
 GET /api/team-chat/rooms 200 in 1999ms (next.js: 4ms, application-code: 1995ms)
{"event":"tenh.request_usage","at":"2026-09-14T08:42:35.858Z","businessId":"f92ebb56-d907-499e-a84d-c09180b849b6","route":"/api/team-chat/rooms","databaseRequests":17,"databaseResponseBytes":4502,"storageResponseBytes":0,"uploadBytes":0}
 GET /api/workspaces 200 in 1068ms (next.js: 4ms, application-code: 1065ms)
{"event":"tenh.request_usage","at":"2026-09-14T08:42:44.924Z","businessId":"f92ebb56-d907-499e-a84d-c09180b849b6","route":"/api/workspaces","databaseRequests":12,"databaseResponseBytes":6300,"storageResponseBytes":0,"uploadBytes":0}
 POST /api/inbox/live-state 200 in 1264ms (next.js: 4ms, application-code: 1261ms)
{"event":"tenh.request_usage","at":"2026-09-14T08:42:46.370Z","businessId":"f92ebb56-d907-499e-a84d-c09180b849b6","route":"/api/inbox/live-state","databaseRequests":13,"databaseResponseBytes":289854,"storageResponseBytes":0,"uploadBytes":0}
 GET /api/conversations/2def6409-718f-439e-bb3b-1ff44a6f085c/messages?limit=25&live=1789375370512 200 in 1127ms (next.js: 11ms, application-code: 1116ms)
 GET /api/invitations/pending 200 in 497ms (next.js: 21ms, application-code: 476ms)
 GET /api/facebook/connection-attention 200 in 655ms (next.js: 35ms, application-code: 619ms)
 GET /api/system-announcements/current 200 in 684ms (next.js: 12ms, application-code: 672ms)
 GET /api/team-notifications 200 in 1034ms (next.js: 28ms, application-code: 1006ms)
 GET /api/workspaces 200 in 1172ms (next.js: 4ms, application-code: 1168ms)
{"event":"tenh.request_usage","at":"2026-09-14T08:43:05.033Z","businessId":"f92ebb56-d907-499e-a84d-c09180b849b6","route":"/api/workspaces","databaseRequests":12,"databaseResponseBytes":6300,"storageResponseBytes":0,"uploadBytes":0}
 GET /api/team-chat/rooms 200 in 1519ms (next.js: 4ms, application-code: 1515ms)
{"event":"tenh.request_usage","at":"2026-09-14T08:43:05.363Z","businessId":"f92ebb56-d907-499e-a84d-c09180b849b6","route":"/api/team-chat/rooms","databaseRequests":17,"databaseResponseBytes":4502,"storageResponseBytes":0,"uploadBytes":0}
 POST /api/inbox/live-state 200 in 1400ms (next.js: 4ms, application-code: 1397ms)
{"event":"tenh.request_usage","at":"2026-09-14T08:43:17.786Z","businessId":"f92ebb56-d907-499e-a84d-c09180b849b6","route":"/api/inbox/live-state","databaseRequests":13,"databaseResponseBytes":289854,"storageResponseBytes":0,"uploadBytes":0}
 GET /api/conversations/2def6409-718f-439e-bb3b-1ff44a6f085c/messages?limit=25&live=1789375401646 200 in 1406ms (next.js: 10ms, application-code: 1396ms)
 GET /api/workspaces 200 in 1053ms (next.js: 4ms, application-code: 1048ms)
{"event":"tenh.request_usage","at":"2026-09-14T08:43:24.902Z","businessId":"f92ebb56-d907-499e-a84d-c09180b849b6","route":"/api/workspaces","databaseRequests":12,"databaseResponseBytes":6300,"storageResponseBytes":0,"uploadBytes":0}
 GET /api/system-announcements/current 200 in 626ms (next.js: 14ms, application-code: 613ms)
 GET /api/team-notifications 200 in 936ms (next.js: 14ms, application-code: 922ms)
 GET /api/team-chat/rooms 200 in 1493ms (next.js: 4ms, application-code: 1489ms)
{"event":"tenh.request_usage","at":"2026-09-14T08:43:35.344Z","businessId":"f92ebb56-d907-499e-a84d-c09180b849b6","route":"/api/team-chat/rooms","databaseRequests":17,"databaseResponseBytes":4502,"storageResponseBytes":0,"uploadBytes":0}
 GET /api/workspaces 200 in 1172ms (next.js: 3ms, application-code: 1169ms)
{"event":"tenh.request_usage","at":"2026-09-14T08:43:45.017Z","businessId":"f92ebb56-d907-499e-a84d-c09180b849b6","route":"/api/workspaces","databaseRequests":12,"databaseResponseBytes":6300,"storageResponseBytes":0,"uploadBytes":0}
 POST /api/inbox/live-state 200 in 1192ms (next.js: 3ms, application-code: 1188ms)
{"event":"tenh.request_usage","at":"2026-09-14T08:43:48.992Z","businessId":"f92ebb56-d907-499e-a84d-c09180b849b6","route":"/api/inbox/live-state","databaseRequests":13,"databaseResponseBytes":289854,"storageResponseBytes":0,"uploadBytes":0}
 GET /api/conversations/2def6409-718f-439e-bb3b-1ff44a6f085c/messages?limit=25&live=1789375433072 200 in 1075ms (next.js: 9ms, application-code: 1066ms)
 GET /api/invitations/pending 200 in 504ms (next.js: 29ms, application-code: 474ms)
 GET /api/system-announcements/current 200 in 665ms (next.js: 22ms, application-code: 643ms)
 GET /api/facebook/connection-attention 200 in 646ms (next.js: 6ms, application-code: 640ms)
 GET /api/team-notifications 200 in 967ms (next.js: 15ms, application-code: 952ms)
 GET /api/workspaces 200 in 1341ms (next.js: 6ms, application-code: 1335ms)
{"event":"tenh.request_usage","at":"2026-09-14T08:44:05.212Z","businessId":"f92ebb56-d907-499e-a84d-c09180b849b6","route":"/api/workspaces","databaseRequests":12,"databaseResponseBytes":6300,"storageResponseBytes":0,"uploadBytes":0}
 GET /api/team-chat/rooms 200 in 1571ms (next.js: 5ms, application-code: 1566ms)
{"event":"tenh.request_usage","at":"2026-09-14T08:44:05.427Z","businessId":"f92ebb56-d907-499e-a84d-c09180b849b6","route":"/api/team-chat/rooms","databaseRequests":17,"databaseResponseBytes":4502,"storageResponseBytes":0,"uploadBytes":0}
 POST /api/inbox/live-state 200 in 1565ms (next.js: 4ms, application-code: 1561ms)
{"event":"tenh.request_usage","at":"2026-09-14T08:44:20.561Z","businessId":"f92ebb56-d907-499e-a84d-c09180b849b6","route":"/api/inbox/live-state","databaseRequests":13,"databaseResponseBytes":289854,"storageResponseBytes":0,"uploadBytes":0}
 GET /api/workspaces 200 in 1531ms (next.js: 4ms, application-code: 1528ms)
{"event":"tenh.request_usage","at":"2026-09-14T08:44:25.374Z","businessId":"f92ebb56-d907-499e-a84d-c09180b849b6","route":"/api/workspaces","databaseRequests":12,"databaseResponseBytes":6300,"storageResponseBytes":0,"uploadBytes":0}
 GET /api/conversations/2def6409-718f-439e-bb3b-1ff44a6f085c/messages?limit=25&live=1789375464168 200 in 1520ms (next.js: 11ms, application-code: 1509ms)
 GET /api/system-announcements/current 200 in 812ms (next.js: 11ms, application-code: 802ms)
 GET /api/team-notifications 200 in 1209ms (next.js: 6ms, application-code: 1203ms)
 GET /api/team-chat/rooms 200 in 1778ms (next.js: 4ms, application-code: 1774ms)
{"event":"tenh.request_usage","at":"2026-09-14T08:44:35.632Z","businessId":"f92ebb56-d907-499e-a84d-c09180b849b6","route":"/api/team-chat/rooms","databaseRequests":17,"databaseResponseBytes":4502,"storageResponseBytes":0,"uploadBytes":0}
 GET /api/workspaces 200 in 1154ms (next.js: 4ms, application-code: 1149ms)
{"event":"tenh.request_usage","at":"2026-09-14T08:44:45.010Z","businessId":"f92ebb56-d907-499e-a84d-c09180b849b6","route":"/api/workspaces","databaseRequests":12,"databaseResponseBytes":6300,"storageResponseBytes":0,"uploadBytes":0}
 POST /api/inbox/live-state 200 in 1513ms (next.js: 4ms, application-code: 1509ms)
{"event":"tenh.request_usage","at":"2026-09-14T08:44:52.088Z","businessId":"f92ebb56-d907-499e-a84d-c09180b849b6","route":"/api/inbox/live-state","databaseRequests":13,"databaseResponseBytes":289854,"storageResponseBytes":0,"uploadBytes":0}
 GET /api/conversations/2def6409-718f-439e-bb3b-1ff44a6f085c/messages?limit=25&live=1789375495707 200 in 1053ms (next.js: 10ms, application-code: 1043ms)
 GET /api/invitations/pending 200 in 483ms (next.js: 23ms, application-code: 460ms)
 GET /api/system-announcements/current 200 in 664ms (next.js: 22ms, application-code: 642ms)
 GET /api/facebook/connection-attention 200 in 680ms (next.js: 14ms, application-code: 666ms)
 GET /api/team-notifications 200 in 1163ms (next.js: 15ms, application-code: 1148ms)
 GET /api/workspaces 200 in 1244ms (next.js: 14ms, application-code: 1230ms)
{"event":"tenh.request_usage","at":"2026-09-14T08:45:05.094Z","businessId":"f92ebb56-d907-499e-a84d-c09180b849b6","route":"/api/workspaces","databaseRequests":12,"databaseResponseBytes":6300,"storageResponseBytes":0,"uploadBytes":0}
 GET /api/team-chat/rooms 200 in 1522ms (next.js: 6ms, application-code: 1517ms)
{"event":"tenh.request_usage","at":"2026-09-14T08:45:05.371Z","businessId":"f92ebb56-d907-499e-a84d-c09180b849b6","route":"/api/team-chat/rooms","databaseRequests":17,"databaseResponseBytes":4502,"storageResponseBytes":0,"uploadBytes":0}
 POST /api/inbox/live-state 200 in 1323ms (next.js: 3ms, application-code: 1319ms)
{"event":"tenh.request_usage","at":"2026-09-14T08:45:23.429Z","businessId":"f92ebb56-d907-499e-a84d-c09180b849b6","route":"/api/inbox/live-state","databaseRequests":13,"databaseResponseBytes":289854,"storageResponseBytes":0,"uploadBytes":0}
 GET /api/workspaces 200 in 926ms (next.js: 4ms, application-code: 923ms)
{"event":"tenh.request_usage","at":"2026-09-14T08:45:24.774Z","businessId":"f92ebb56-d907-499e-a84d-c09180b849b6","route":"/api/workspaces","databaseRequests":12,"databaseResponseBytes":6300,"storageResponseBytes":0,"uploadBytes":0}
 GET /api/conversations/2def6409-718f-439e-bb3b-1ff44a6f085c/messages?limit=25&live=1789375526771 200 in 1011ms (next.js: 9ms, application-code: 1002ms)
 GET /api/system-announcements/current 200 in 586ms (next.js: 13ms, application-code: 573ms)
 GET /api/team-notifications 200 in 1084ms (next.js: 4ms, application-code: 1080ms)
 GET /api/team-chat/rooms 200 in 1612ms (next.js: 4ms, application-code: 1608ms)
{"event":"tenh.request_usage","at":"2026-09-14T08:45:35.456Z","businessId":"f92ebb56-d907-499e-a84d-c09180b849b6","route":"/api/team-chat/rooms","databaseRequests":17,"databaseResponseBytes":4502,"storageResponseBytes":0,"uploadBytes":0}
 GET /api/workspaces 200 in 1111ms (next.js: 4ms, application-code: 1106ms)
{"event":"tenh.request_usage","at":"2026-09-14T08:45:44.966Z","businessId":"f92ebb56-d907-499e-a84d-c09180b849b6","route":"/api/workspaces","databaseRequests":12,"databaseResponseBytes":6300,"storageResponseBytes":0,"uploadBytes":0}
 POST /api/inbox/live-state 200 in 1377ms (next.js: 5ms, application-code: 1372ms)
{"event":"tenh.request_usage","at":"2026-09-14T08:45:54.811Z","businessId":"f92ebb56-d907-499e-a84d-c09180b849b6","route":"/api/inbox/live-state","databaseRequests":13,"databaseResponseBytes":289854,"storageResponseBytes":0,"uploadBytes":0}
 GET /api/conversations/2def6409-718f-439e-bb3b-1ff44a6f085c/messages?limit=25&live=1789375557799 200 in 965ms (next.js: 11ms, application-code: 954ms)
 GET /api/invitations/pending 200 in 525ms (next.js: 33ms, application-code: 492ms)
 GET /api/system-announcements/current 200 in 704ms (next.js: 36ms, application-code: 668ms)
 GET /api/facebook/connection-attention 200 in 685ms (next.js: 25ms, application-code: 659ms)
 GET /api/team-notifications 200 in 1166ms (next.js: 21ms, application-code: 1145ms)
 GET /api/workspaces 200 in 1371ms (next.js: 17ms, application-code: 1354ms)
{"event":"tenh.request_usage","at":"2026-09-14T08:46:05.236Z","businessId":"f92ebb56-d907-499e-a84d-c09180b849b6","route":"/api/workspaces","databaseRequests":12,"databaseResponseBytes":6300,"storageResponseBytes":0,"uploadBytes":0}
 GET /api/team-chat/rooms 200 in 1633ms (next.js: 5ms, application-code: 1628ms)
{"event":"tenh.request_usage","at":"2026-09-14T08:46:05.479Z","businessId":"f92ebb56-d907-499e-a84d-c09180b849b6","route":"/api/team-chat/rooms","databaseRequests":17,"databaseResponseBytes":4502,"storageResponseBytes":0,"uploadBytes":0}
 GET /api/workspaces 200 in 1315ms (next.js: 4ms, application-code: 1311ms)
{"event":"tenh.request_usage","at":"2026-09-14T08:46:25.174Z","businessId":"f92ebb56-d907-499e-a84d-c09180b849b6","route":"/api/workspaces","databaseRequests":12,"databaseResponseBytes":6300,"storageResponseBytes":0,"uploadBytes":0}
 POST /api/inbox/live-state 200 in 1263ms (next.js: 4ms, application-code: 1259ms)
{"event":"tenh.request_usage","at":"2026-09-14T08:46:26.091Z","businessId":"f92ebb56-d907-499e-a84d-c09180b849b6","route":"/api/inbox/live-state","databaseRequests":13,"databaseResponseBytes":289854,"storageResponseBytes":0,"uploadBytes":0}
 GET /api/conversations/2def6409-718f-439e-bb3b-1ff44a6f085c/messages?limit=25&live=1789375588784 200 in 991ms (next.js: 12ms, application-code: 980ms)
 GET /api/system-announcements/current 200 in 607ms (next.js: 15ms, application-code: 591ms)
 GET /api/team-notifications 200 in 893ms (next.js: 7ms, application-code: 886ms)
 GET /api/team-chat/rooms 200 in 1597ms (next.js: 5ms, application-code: 1592ms)
{"event":"tenh.request_usage","at":"2026-09-14T08:46:35.451Z","businessId":"f92ebb56-d907-499e-a84d-c09180b849b6","route":"/api/team-chat/rooms","databaseRequests":17,"databaseResponseBytes":4502,"storageResponseBytes":0,"uploadBytes":0}
 GET /api/workspaces 200 in 1132ms (next.js: 4ms, application-code: 1128ms)
{"event":"tenh.request_usage","at":"2026-09-14T08:46:44.984Z","businessId":"f92ebb56-d907-499e-a84d-c09180b849b6","route":"/api/workspaces","databaseRequests":12,"databaseResponseBytes":6300,"storageResponseBytes":0,"uploadBytes":0}
 POST /api/inbox/live-state 200 in 1436ms (next.js: 4ms, application-code: 1432ms)
{"event":"tenh.request_usage","at":"2026-09-14T08:46:57.542Z","businessId":"f92ebb56-d907-499e-a84d-c09180b849b6","route":"/api/inbox/live-state","databaseRequests":13,"databaseResponseBytes":289854,"storageResponseBytes":0,"uploadBytes":0}
 GET /api/conversations/2def6409-718f-439e-bb3b-1ff44a6f085c/messages?limit=25&live=1789375619795 200 in 1133ms (next.js: 11ms, application-code: 1122ms)
 GET /api/invitations/pending 200 in 495ms (next.js: 35ms, application-code: 460ms)
 GET /api/system-announcements/current 200 in 620ms (next.js: 27ms, application-code: 593ms)
 GET /api/facebook/connection-attention 200 in 699ms (next.js: 45ms, application-code: 654ms)
 GET /api/team-notifications 200 in 986ms (next.js: 18ms, application-code: 968ms)
 GET /api/workspaces 200 in 1195ms (next.js: 8ms, application-code: 1188ms)
{"event":"tenh.request_usage","at":"2026-09-14T08:47:05.065Z","businessId":"f92ebb56-d907-499e-a84d-c09180b849b6","route":"/api/workspaces","databaseRequests":12,"databaseResponseBytes":6300,"storageResponseBytes":0,"uploadBytes":0}
 GET /api/team-chat/rooms 200 in 1557ms (next.js: 6ms, application-code: 1551ms)
{"event":"tenh.request_usage","at":"2026-09-14T08:47:05.410Z","businessId":"f92ebb56-d907-499e-a84d-c09180b849b6","route":"/api/team-chat/rooms","databaseRequests":17,"databaseResponseBytes":4502,"storageResponseBytes":0,"uploadBytes":0}
 GET /api/workspaces 200 in 1341ms (next.js: 4ms, application-code: 1337ms)
{"event":"tenh.request_usage","at":"2026-09-14T08:47:25.198Z","businessId":"f92ebb56-d907-499e-a84d-c09180b849b6","route":"/api/workspaces","databaseRequests":12,"databaseResponseBytes":6300,"storageResponseBytes":0,"uploadBytes":0}
 POST /api/inbox/live-state 200 in 1173ms (next.js: 4ms, application-code: 1169ms)
{"event":"tenh.request_usage","at":"2026-09-14T08:47:28.728Z","businessId":"f92ebb56-d907-499e-a84d-c09180b849b6","route":"/api/inbox/live-state","databaseRequests":13,"databaseResponseBytes":289854,"storageResponseBytes":0,"uploadBytes":0}
 GET /api/conversations/2def6409-718f-439e-bb3b-1ff44a6f085c/messages?limit=25&live=1789375650948 200 in 1122ms (next.js: 10ms, application-code: 1111ms)
 GET /api/system-announcements/current 200 in 583ms (next.js: 12ms, application-code: 571ms)
 GET /api/team-notifications 200 in 909ms (next.js: 5ms, application-code: 904ms)
 GET /api/team-chat/rooms 200 in 1790ms (next.js: 5ms, application-code: 1785ms)
{"event":"tenh.request_usage","at":"2026-09-14T08:47:35.641Z","businessId":"f92ebb56-d907-499e-a84d-c09180b849b6","route":"/api/team-chat/rooms","databaseRequests":17,"databaseResponseBytes":4502,"storageResponseBytes":0,"uploadBytes":0}
 GET /api/workspaces 200 in 1126ms (next.js: 4ms, application-code: 1122ms)
{"event":"tenh.request_usage","at":"2026-09-14T08:47:44.980Z","businessId":"f92ebb56-d907-499e-a84d-c09180b849b6","route":"/api/workspaces","databaseRequests":12,"databaseResponseBytes":6300,"storageResponseBytes":0,"uploadBytes":0}
 POST /api/inbox/live-state 200 in 1367ms (next.js: 5ms, application-code: 1362ms)
{"event":"tenh.request_usage","at":"2026-09-14T08:48:00.105Z","businessId":"f92ebb56-d907-499e-a84d-c09180b849b6","route":"/api/inbox/live-state","databaseRequests":13,"databaseResponseBytes":289854,"storageResponseBytes":0,"uploadBytes":0}
 GET /api/conversations/2def6409-718f-439e-bb3b-1ff44a6f085c/messages?limit=25&live=1789375682084 200 in 919ms (next.js: 18ms, application-code: 902ms)
 GET /api/invitations/pending 200 in 325ms (next.js: 10ms, application-code: 315ms)
 GET /api/system-announcements/current 200 in 533ms (next.js: 24ms, application-code: 509ms)
 GET /api/facebook/connection-attention 200 in 579ms (next.js: 22ms, application-code: 557ms)
 GET /api/team-notifications 200 in 893ms (next.js: 15ms, application-code: 879ms)
 GET /api/workspaces 200 in 1118ms (next.js: 5ms, application-code: 1112ms)
{"event":"tenh.request_usage","at":"2026-09-14T08:48:04.986Z","businessId":"f92ebb56-d907-499e-a84d-c09180b849b6","route":"/api/workspaces","databaseRequests":12,"databaseResponseBytes":6300,"storageResponseBytes":0,"uploadBytes":0}
 GET /api/team-chat/rooms 200 in 1353ms (next.js: 7ms, application-code: 1346ms)
{"event":"tenh.request_usage","at":"2026-09-14T08:48:05.202Z","businessId":"f92ebb56-d907-499e-a84d-c09180b849b6","route":"/api/team-chat/rooms","databaseRequests":17,"databaseResponseBytes":4502,"storageResponseBytes":0,"uploadBytes":0}
 GET /api/workspaces 200 in 1090ms (next.js: 4ms, application-code: 1086ms)
{"event":"tenh.request_usage","at":"2026-09-14T08:48:24.946Z","businessId":"f92ebb56-d907-499e-a84d-c09180b849b6","route":"/api/workspaces","databaseRequests":12,"databaseResponseBytes":6300,"storageResponseBytes":0,"uploadBytes":0}
 POST /api/inbox/live-state 200 in 1328ms (next.js: 4ms, application-code: 1324ms)
{"event":"tenh.request_usage","at":"2026-09-14T08:48:31.442Z","businessId":"f92ebb56-d907-499e-a84d-c09180b849b6","route":"/api/inbox/live-state","databaseRequests":13,"databaseResponseBytes":289854,"storageResponseBytes":0,"uploadBytes":0}
 GET /api/conversations/2def6409-718f-439e-bb3b-1ff44a6f085c/messages?limit=25&live=1789375713015 200 in 952ms (next.js: 12ms, application-code: 940ms)
 GET /api/system-announcements/current 200 in 518ms (next.js: 20ms, application-code: 498ms)
 GET /api/team-notifications 200 in 844ms (next.js: 8ms, application-code: 836ms)
 GET /api/team-chat/rooms 200 in 1499ms (next.js: 6ms, application-code: 1492ms)
{"event":"tenh.request_usage","at":"2026-09-14T08:48:35.345Z","businessId":"f92ebb56-d907-499e-a84d-c09180b849b6","route":"/api/team-chat/rooms","databaseRequests":17,"databaseResponseBytes":4502,"storageResponseBytes":0,"uploadBytes":0}
 GET /api/workspaces 200 in 1127ms (next.js: 4ms, application-code: 1123ms)
{"event":"tenh.request_usage","at":"2026-09-14T08:48:44.987Z","businessId":"f92ebb56-d907-499e-a84d-c09180b849b6","route":"/api/workspaces","databaseRequests":12,"databaseResponseBytes":6300,"storageResponseBytes":0,"uploadBytes":0}
 POST /api/inbox/live-state 200 in 1370ms (next.js: 4ms, application-code: 1365ms)
{"event":"tenh.request_usage","at":"2026-09-14T08:49:02.821Z","businessId":"f92ebb56-d907-499e-a84d-c09180b849b6","route":"/api/inbox/live-state","databaseRequests":13,"databaseResponseBytes":289854,"storageResponseBytes":0,"uploadBytes":0}
 GET /api/invitations/pending 200 in 404ms (next.js: 37ms, application-code: 366ms)
 GET /api/system-announcements/current 200 in 592ms (next.js: 27ms, application-code: 565ms)
 GET /api/facebook/connection-attention 200 in 604ms (next.js: 54ms, application-code: 550ms)
 GET /api/team-notifications 200 in 896ms (next.js: 17ms, application-code: 880ms)
 GET /api/workspaces 200 in 1139ms (next.js: 6ms, application-code: 1132ms)
{"event":"tenh.request_usage","at":"2026-09-14T08:49:04.999Z","businessId":"f92ebb56-d907-499e-a84d-c09180b849b6","route":"/api/workspaces","databaseRequests":12,"databaseResponseBytes":6300,"storageResponseBytes":0,"uploadBytes":0}
 GET /api/team-chat/rooms 200 in 1445ms (next.js: 5ms, application-code: 1440ms)
{"event":"tenh.request_usage","at":"2026-09-14T08:49:05.286Z","businessId":"f92ebb56-d907-499e-a84d-c09180b849b6","route":"/api/team-chat/rooms","databaseRequests":17,"databaseResponseBytes":4502,"storageResponseBytes":0,"uploadBytes":0}
 GET /api/conversations/2def6409-718f-439e-bb3b-1ff44a6f085c/messages?limit=25&live=1789375743992 200 in 1251ms (next.js: 11ms, application-code: 1240ms)
 GET /api/workspaces 200 in 1742ms (next.js: 3ms, application-code: 1739ms)
{"event":"tenh.request_usage","at":"2026-09-14T08:49:25.601Z","businessId":"f92ebb56-d907-499e-a84d-c09180b849b6","route":"/api/workspaces","databaseRequests":12,"databaseResponseBytes":6300,"storageResponseBytes":0,"uploadBytes":0}
 POST /api/inbox/live-state 200 in 1425ms (next.js: 4ms, application-code: 1421ms)
{"event":"tenh.request_usage","at":"2026-09-14T08:49:34.270Z","businessId":"f92ebb56-d907-499e-a84d-c09180b849b6","route":"/api/inbox/live-state","databaseRequests":13,"databaseResponseBytes":289854,"storageResponseBytes":0,"uploadBytes":0}
 GET /api/system-announcements/current 200 in 679ms (next.js: 12ms, application-code: 668ms)
 GET /api/team-notifications 200 in 903ms (next.js: 5ms, application-code: 898ms)
 GET /api/team-chat/rooms 200 in 1574ms (next.js: 4ms, application-code: 1570ms)
{"event":"tenh.request_usage","at":"2026-09-14T08:49:35.428Z","businessId":"f92ebb56-d907-499e-a84d-c09180b849b6","route":"/api/team-chat/rooms","databaseRequests":17,"databaseResponseBytes":4502,"storageResponseBytes":0,"uploadBytes":0}
 GET /api/conversations/2def6409-718f-439e-bb3b-1ff44a6f085c/messages?limit=25&live=1789375775530 200 in 1240ms (next.js: 10ms, application-code: 1230ms)
 GET /api/workspaces 200 in 1072ms (next.js: 4ms, application-code: 1069ms)
{"event":"tenh.request_usage","at":"2026-09-14T08:49:44.925Z","businessId":"f92ebb56-d907-499e-a84d-c09180b849b6","route":"/api/workspaces","databaseRequests":12,"databaseResponseBytes":6300,"storageResponseBytes":0,"uploadBytes":0}
 GET /api/invitations/pending 200 in 479ms (next.js: 29ms, application-code: 450ms)
 GET /api/facebook/connection-attention 200 in 645ms (next.js: 34ms, application-code: 611ms)
 GET /api/system-announcements/current 200 in 721ms (next.js: 22ms, application-code: 699ms)
 GET /api/team-notifications 200 in 974ms (next.js: 14ms, application-code: 960ms)
 GET /api/workspaces 200 in 1253ms (next.js: 5ms, application-code: 1248ms)
{"event":"tenh.request_usage","at":"2026-09-14T08:50:05.115Z","businessId":"f92ebb56-d907-499e-a84d-c09180b849b6","route":"/api/workspaces","databaseRequests":12,"databaseResponseBytes":6300,"storageResponseBytes":0,"uploadBytes":0}
 GET /api/team-chat/rooms 200 in 1625ms (next.js: 4ms, application-code: 1620ms)
{"event":"tenh.request_usage","at":"2026-09-14T08:50:05.470Z","businessId":"f92ebb56-d907-499e-a84d-c09180b849b6","route":"/api/team-chat/rooms","databaseRequests":17,"databaseResponseBytes":4502,"storageResponseBytes":0,"uploadBytes":0}
 POST /api/inbox/live-state 200 in 1290ms (next.js: 4ms, application-code: 1286ms)
{"event":"tenh.request_usage","at":"2026-09-14T08:50:05.636Z","businessId":"f92ebb56-d907-499e-a84d-c09180b849b6","route":"/api/inbox/live-state","databaseRequests":13,"databaseResponseBytes":289854,"storageResponseBytes":0,"uploadBytes":0}
 GET /api/conversations/2def6409-718f-439e-bb3b-1ff44a6f085c/messages?limit=25&live=1789375806787 200 in 1028ms (next.js: 9ms, application-code: 1019ms)
 GET /api/workspaces 200 in 1221ms (next.js: 5ms, application-code: 1217ms)
{"event":"tenh.request_usage","at":"2026-09-14T08:50:25.072Z","businessId":"f92ebb56-d907-499e-a84d-c09180b849b6","route":"/api/workspaces","databaseRequests":12,"databaseResponseBytes":6300,"storageResponseBytes":0,"uploadBytes":0}
 GET /api/system-announcements/current 200 in 790ms (next.js: 12ms, application-code: 778ms)
 GET /api/team-notifications 200 in 1110ms (next.js: 4ms, application-code: 1106ms)
 GET /api/team-chat/rooms 200 in 1806ms (next.js: 4ms, application-code: 1802ms)
{"event":"tenh.request_usage","at":"2026-09-14T08:50:35.655Z","businessId":"f92ebb56-d907-499e-a84d-c09180b849b6","route":"/api/team-chat/rooms","databaseRequests":17,"databaseResponseBytes":4502,"storageResponseBytes":0,"uploadBytes":0}
 POST /api/inbox/live-state 200 in 1540ms (next.js: 3ms, application-code: 1536ms)
{"event":"tenh.request_usage","at":"2026-09-14T08:50:37.184Z","businessId":"f92ebb56-d907-499e-a84d-c09180b849b6","route":"/api/inbox/live-state","databaseRequests":13,"databaseResponseBytes":289854,"storageResponseBytes":0,"uploadBytes":0}
 GET /api/conversations/2def6409-718f-439e-bb3b-1ff44a6f085c/messages?limit=25&live=1789375837835 200 in 900ms (next.js: 10ms, application-code: 890ms)
 GET /api/workspaces 200 in 1072ms (next.js: 3ms, application-code: 1069ms)
{"event":"tenh.request_usage","at":"2026-09-14T08:50:44.926Z","businessId":"f92ebb56-d907-499e-a84d-c09180b849b6","route":"/api/workspaces","databaseRequests":12,"databaseResponseBytes":6300,"storageResponseBytes":0,"uploadBytes":0}
 GET /api/invitations/pending 200 in 489ms (next.js: 15ms, application-code: 474ms)
 GET /api/system-announcements/current 200 in 641ms (next.js: 25ms, application-code: 616ms)
 GET /api/facebook/connection-attention 200 in 948ms (next.js: 22ms, application-code: 927ms)
 GET /api/team-notifications 200 in 1060ms (next.js: 14ms, application-code: 1046ms)
 GET /api/workspaces 200 in 1189ms (next.js: 18ms, application-code: 1171ms)
{"event":"tenh.request_usage","at":"2026-09-14T08:51:05.037Z","businessId":"f92ebb56-d907-499e-a84d-c09180b849b6","route":"/api/workspaces","databaseRequests":12,"databaseResponseBytes":6300,"storageResponseBytes":0,"uploadBytes":0}
 GET /api/team-chat/rooms 200 in 1474ms (next.js: 5ms, application-code: 1469ms)
{"event":"tenh.request_usage","at":"2026-09-14T08:51:05.321Z","businessId":"f92ebb56-d907-499e-a84d-c09180b849b6","route":"/api/team-chat/rooms","databaseRequests":17,"databaseResponseBytes":4502,"storageResponseBytes":0,"uploadBytes":0}
 POST /api/inbox/live-state 200 in 1223ms (next.js: 4ms, application-code: 1219ms)
{"event":"tenh.request_usage","at":"2026-09-14T08:51:08.424Z","businessId":"f92ebb56-d907-499e-a84d-c09180b849b6","route":"/api/inbox/live-state","databaseRequests":13,"databaseResponseBytes":289854,"storageResponseBytes":0,"uploadBytes":0}
 GET /api/conversations/2def6409-718f-439e-bb3b-1ff44a6f085c/messages?limit=25&live=1789375868747 200 in 910ms (next.js: 9ms, application-code: 901ms)
 GET /api/workspaces 200 in 1382ms (next.js: 4ms, application-code: 1379ms)
{"event":"tenh.request_usage","at":"2026-09-14T08:51:25.228Z","businessId":"f92ebb56-d907-499e-a84d-c09180b849b6","route":"/api/workspaces","databaseRequests":12,"databaseResponseBytes":6300,"storageResponseBytes":0,"uploadBytes":0}
 GET /api/system-announcements/current 200 in 853ms (next.js: 14ms, application-code: 839ms)
 GET /api/team-notifications 200 in 1249ms (next.js: 6ms, application-code: 1244ms)
 GET /api/team-chat/rooms 200 in 2.2s (next.js: 4ms, application-code: 2.2s)
{"event":"tenh.request_usage","at":"2026-09-14T08:51:36.017Z","businessId":"f92ebb56-d907-499e-a84d-c09180b849b6","route":"/api/team-chat/rooms","databaseRequests":17,"databaseResponseBytes":4502,"storageResponseBytes":0,"uploadBytes":0}
 POST /api/inbox/live-state 200 in 1350ms (next.js: 4ms, application-code: 1346ms)
{"event":"tenh.request_usage","at":"2026-09-14T08:51:39.789Z","businessId":"f92ebb56-d907-499e-a84d-c09180b849b6","route":"/api/inbox/live-state","databaseRequests":13,"databaseResponseBytes":289854,"storageResponseBytes":0,"uploadBytes":0}
 GET /api/conversations/2def6409-718f-439e-bb3b-1ff44a6f085c/messages?limit=25&live=1789375899672 200 in 1029ms (next.js: 11ms, application-code: 1018ms)
 GET /api/workspaces 200 in 1092ms (next.js: 4ms, application-code: 1087ms)
{"event":"tenh.request_usage","at":"2026-09-14T08:51:44.940Z","businessId":"f92ebb56-d907-499e-a84d-c09180b849b6","route":"/api/workspaces","databaseRequests":12,"databaseResponseBytes":6300,"storageResponseBytes":0,"uploadBytes":0}
 GET /api/invitations/pending 200 in 517ms (next.js: 39ms, application-code: 479ms)
 GET /api/facebook/connection-attention 200 in 666ms (next.js: 10ms, application-code: 656ms)
 GET /api/system-announcements/current 200 in 733ms (next.js: 29ms, application-code: 705ms)
 GET /api/team-notifications 200 in 1196ms (next.js: 18ms, application-code: 1177ms)
 GET /api/workspaces 200 in 1425ms (next.js: 9ms, application-code: 1416ms)
{"event":"tenh.request_usage","at":"2026-09-14T08:52:05.304Z","businessId":"f92ebb56-d907-499e-a84d-c09180b849b6","route":"/api/workspaces","databaseRequests":12,"databaseResponseBytes":6300,"storageResponseBytes":0,"uploadBytes":0}
 GET /api/team-chat/rooms 200 in 2.3s (next.js: 6ms, application-code: 2.2s)
{"event":"tenh.request_usage","at":"2026-09-14T08:52:06.108Z","businessId":"f92ebb56-d907-499e-a84d-c09180b849b6","route":"/api/team-chat/rooms","databaseRequests":17,"databaseResponseBytes":4502,"storageResponseBytes":0,"uploadBytes":0}
 POST /api/inbox/live-state 200 in 1910ms (next.js: 4ms, application-code: 1905ms)
{"event":"tenh.request_usage","at":"2026-09-14T08:52:11.714Z","businessId":"f92ebb56-d907-499e-a84d-c09180b849b6","route":"/api/inbox/live-state","databaseRequests":13,"databaseResponseBytes":289854,"storageResponseBytes":0,"uploadBytes":0}
 GET /api/conversations/2def6409-718f-439e-bb3b-1ff44a6f085c/messages?limit=25&live=1789375930715 200 in 1046ms (next.js: 12ms, application-code: 1034ms)
 GET /api/workspaces 200 in 1073ms (next.js: 3ms, application-code: 1070ms)
{"event":"tenh.request_usage","at":"2026-09-14T08:52:24.917Z","businessId":"f92ebb56-d907-499e-a84d-c09180b849b6","route":"/api/workspaces","databaseRequests":12,"databaseResponseBytes":6300,"storageResponseBytes":0,"uploadBytes":0}
 GET /api/system-announcements/current 200 in 677ms (next.js: 11ms, application-code: 666ms)
 GET /api/team-notifications 200 in 1274ms (next.js: 6ms, application-code: 1268ms)
 GET /api/team-chat/rooms 200 in 1765ms (next.js: 4ms, application-code: 1761ms)
{"event":"tenh.request_usage","at":"2026-09-14T08:52:35.610Z","businessId":"f92ebb56-d907-499e-a84d-c09180b849b6","route":"/api/team-chat/rooms","databaseRequests":17,"databaseResponseBytes":4502,"storageResponseBytes":0,"uploadBytes":0}
 GET /api/conversations/2def6409-718f-439e-bb3b-1ff44a6f085c/messages?limit=25&live=1789375961771 200 in 1201ms (next.js: 9ms, application-code: 1192ms)
 POST /api/inbox/live-state 200 in 1524ms (next.js: 3ms, application-code: 1521ms)
{"event":"tenh.request_usage","at":"2026-09-14T08:52:43.255Z","businessId":"f92ebb56-d907-499e-a84d-c09180b849b6","route":"/api/inbox/live-state","databaseRequests":13,"databaseResponseBytes":289854,"storageResponseBytes":0,"uploadBytes":0}
 GET /api/workspaces 200 in 916ms (next.js: 4ms, application-code: 912ms)
{"event":"tenh.request_usage","at":"2026-09-14T08:52:44.765Z","businessId":"f92ebb56-d907-499e-a84d-c09180b849b6","route":"/api/workspaces","databaseRequests":12,"databaseResponseBytes":6300,"storageResponseBytes":0,"uploadBytes":0}
 GET /api/invitations/pending 200 in 485ms (next.js: 33ms, application-code: 452ms)
 GET /api/system-announcements/current 200 in 606ms (next.js: 21ms, application-code: 585ms)
 GET /api/facebook/connection-attention 200 in 668ms (next.js: 40ms, application-code: 628ms)
 GET /api/team-notifications 200 in 1059ms (next.js: 13ms, application-code: 1046ms)
 GET /api/workspaces 200 in 1253ms (next.js: 5ms, application-code: 1248ms)
{"event":"tenh.request_usage","at":"2026-09-14T08:53:05.115Z","businessId":"f92ebb56-d907-499e-a84d-c09180b849b6","route":"/api/workspaces","databaseRequests":12,"databaseResponseBytes":6300,"storageResponseBytes":0,"uploadBytes":0}
 GET /api/team-chat/rooms 200 in 1625ms (next.js: 4ms, application-code: 1621ms)
{"event":"tenh.request_usage","at":"2026-09-14T08:53:05.472Z","businessId":"f92ebb56-d907-499e-a84d-c09180b849b6","route":"/api/team-chat/rooms","databaseRequests":17,"databaseResponseBytes":4502,"storageResponseBytes":0,"uploadBytes":0}
 GET /api/conversations/2def6409-718f-439e-bb3b-1ff44a6f085c/messages?limit=25&live=1789375992995 200 in 1262ms (next.js: 10ms, application-code: 1252ms)
 POST /api/inbox/live-state 200 in 1240ms (next.js: 4ms, application-code: 1236ms)
{"event":"tenh.request_usage","at":"2026-09-14T08:53:14.508Z","businessId":"f92ebb56-d907-499e-a84d-c09180b849b6","route":"/api/inbox/live-state","databaseRequests":13,"databaseResponseBytes":289854,"storageResponseBytes":0,"uploadBytes":0}
 GET /api/workspaces 200 in 1122ms (next.js: 3ms, application-code: 1119ms)
{"event":"tenh.request_usage","at":"2026-09-14T08:53:24.985Z","businessId":"f92ebb56-d907-499e-a84d-c09180b849b6","route":"/api/workspaces","databaseRequests":12,"databaseResponseBytes":6300,"storageResponseBytes":0,"uploadBytes":0}
 GET /api/system-announcements/current 200 in 1450ms (next.js: 11ms, application-code: 1439ms)
 GET /api/team-notifications 200 in 2.0s (next.js: 4ms, application-code: 2.0s)
 GET /api/team-chat/rooms 200 in 4.1s (next.js: 4ms, application-code: 4.1s)
{"event":"tenh.request_usage","at":"2026-09-14T08:53:37.911Z","businessId":"f92ebb56-d907-499e-a84d-c09180b849b6","route":"/api/team-chat/rooms","databaseRequests":17,"databaseResponseBytes":4502,"storageResponseBytes":0,"uploadBytes":0}
 GET /api/workspaces 200 in 1730ms (next.js: 3ms, application-code: 1727ms)
{"event":"tenh.request_usage","at":"2026-09-14T08:53:45.573Z","businessId":"f92ebb56-d907-499e-a84d-c09180b849b6","route":"/api/workspaces","databaseRequests":12,"databaseResponseBytes":6300,"storageResponseBytes":0,"uploadBytes":0}
 GET /api/conversations/2def6409-718f-439e-bb3b-1ff44a6f085c/messages?limit=25&live=1789376024278 200 in 1604ms (next.js: 10ms, application-code: 1594ms)
 POST /api/inbox/live-state 200 in 1385ms (next.js: 4ms, application-code: 1381ms)
{"event":"tenh.request_usage","at":"2026-09-14T08:53:45.903Z","businessId":"f92ebb56-d907-499e-a84d-c09180b849b6","route":"/api/inbox/live-state","databaseRequests":13,"databaseResponseBytes":289854,"storageResponseBytes":0,"uploadBytes":0}
 GET /api/invitations/pending 200 in 504ms (next.js: 5ms, application-code: 499ms)
 GET /api/facebook/connection-attention 200 in 585ms (next.js: 11ms, application-code: 574ms)
 GET /api/system-announcements/current 200 in 636ms (next.js: 29ms, application-code: 607ms)
 GET /api/team-notifications 200 in 1152ms (next.js: 18ms, application-code: 1134ms)
 GET /api/workspaces 200 in 1176ms (next.js: 7ms, application-code: 1169ms)
{"event":"tenh.request_usage","at":"2026-09-14T08:54:05.031Z","businessId":"f92ebb56-d907-499e-a84d-c09180b849b6","route":"/api/workspaces","databaseRequests":12,"databaseResponseBytes":6300,"storageResponseBytes":0,"uploadBytes":0}
 GET /api/team-chat/rooms 200 in 1526ms (next.js: 4ms, application-code: 1522ms)
{"event":"tenh.request_usage","at":"2026-09-14T08:54:05.375Z","businessId":"f92ebb56-d907-499e-a84d-c09180b849b6","route":"/api/team-chat/rooms","databaseRequests":17,"databaseResponseBytes":4502,"storageResponseBytes":0,"uploadBytes":0}
 GET /api/conversations/2def6409-718f-439e-bb3b-1ff44a6f085c/messages?limit=25&live=1789376055889 200 in 2.4s (next.js: 10ms, application-code: 2.4s)
 POST /api/inbox/live-state 200 in 2.4s (next.js: 4ms, application-code: 2.4s)
{"event":"tenh.request_usage","at":"2026-09-14T08:54:18.355Z","businessId":"f92ebb56-d907-499e-a84d-c09180b849b6","route":"/api/inbox/live-state","databaseRequests":13,"databaseResponseBytes":289854,"storageResponseBytes":0,"uploadBytes":0}
 GET /api/workspaces 200 in 1128ms (next.js: 3ms, application-code: 1124ms)
{"event":"tenh.request_usage","at":"2026-09-14T08:54:24.975Z","businessId":"f92ebb56-d907-499e-a84d-c09180b849b6","route":"/api/workspaces","databaseRequests":12,"databaseResponseBytes":6300,"storageResponseBytes":0,"uploadBytes":0}
 GET /api/system-announcements/current 200 in 638ms (next.js: 11ms, application-code: 627ms)
 GET /api/team-notifications 200 in 950ms (next.js: 6ms, application-code: 944ms)
 GET /api/team-chat/rooms 200 in 1470ms (next.js: 4ms, application-code: 1465ms)
{"event":"tenh.request_usage","at":"2026-09-14T08:54:35.321Z","businessId":"f92ebb56-d907-499e-a84d-c09180b849b6","route":"/api/team-chat/rooms","databaseRequests":17,"databaseResponseBytes":4502,"storageResponseBytes":0,"uploadBytes":0}
 GET /api/workspaces 200 in 1046ms (next.js: 4ms, application-code: 1043ms)
{"event":"tenh.request_usage","at":"2026-09-14T08:54:44.898Z","businessId":"f92ebb56-d907-499e-a84d-c09180b849b6","route":"/api/workspaces","databaseRequests":12,"databaseResponseBytes":6300,"storageResponseBytes":0,"uploadBytes":0}
 GET /api/conversations/2def6409-718f-439e-bb3b-1ff44a6f085c/messages?limit=25&live=1789376088277 200 in 1090ms (next.js: 10ms, application-code: 1080ms)
 POST /api/inbox/live-state 200 in 1295ms (next.js: 4ms, application-code: 1291ms)
{"event":"tenh.request_usage","at":"2026-09-14T08:54:49.656Z","businessId":"f92ebb56-d907-499e-a84d-c09180b849b6","route":"/api/inbox/live-state","databaseRequests":13,"databaseResponseBytes":289854,"storageResponseBytes":0,"uploadBytes":0}
 GET /api/invitations/pending 200 in 496ms (next.js: 13ms, application-code: 482ms)
 GET /api/system-announcements/current 200 in 662ms (next.js: 6ms, application-code: 656ms)
 GET /api/facebook/connection-attention 200 in 661ms (next.js: 21ms, application-code: 640ms)
 GET /api/team-notifications 200 in 972ms (next.js: 6ms, application-code: 965ms)
 GET /api/workspaces 200 in 1258ms (next.js: 17ms, application-code: 1241ms)
{"event":"tenh.request_usage","at":"2026-09-14T08:55:05.118Z","businessId":"f92ebb56-d907-499e-a84d-c09180b849b6","route":"/api/workspaces","databaseRequests":12,"databaseResponseBytes":6300,"storageResponseBytes":0,"uploadBytes":0}
 GET /api/team-chat/rooms 200 in 1725ms (next.js: 6ms, application-code: 1719ms)
{"event":"tenh.request_usage","at":"2026-09-14T08:55:05.579Z","businessId":"f92ebb56-d907-499e-a84d-c09180b849b6","route":"/api/team-chat/rooms","databaseRequests":17,"databaseResponseBytes":4502,"storageResponseBytes":0,"uploadBytes":0}
 GET /api/conversations/2def6409-718f-439e-bb3b-1ff44a6f085c/messages?limit=25&live=1789376119386 200 in 1139ms (next.js: 10ms, application-code: 1129ms)
 POST /api/inbox/live-state 200 in 1328ms (next.js: 4ms, application-code: 1324ms)
{"event":"tenh.request_usage","at":"2026-09-14T08:55:21.002Z","businessId":"f92ebb56-d907-499e-a84d-c09180b849b6","route":"/api/inbox/live-state","databaseRequests":13,"databaseResponseBytes":289854,"storageResponseBytes":0,"uploadBytes":0}
 GET /api/workspaces 200 in 928ms (next.js: 4ms, application-code: 924ms)
{"event":"tenh.request_usage","at":"2026-09-14T08:55:24.782Z","businessId":"f92ebb56-d907-499e-a84d-c09180b849b6","route":"/api/workspaces","databaseRequests":12,"databaseResponseBytes":6300,"storageResponseBytes":0,"uploadBytes":0}
 GET /api/system-announcements/current 200 in 579ms (next.js: 13ms, application-code: 566ms)
 GET /api/team-notifications 200 in 971ms (next.js: 6ms, application-code: 965ms)
 GET /api/team-chat/rooms 200 in 1591ms (next.js: 4ms, application-code: 1587ms)
{"event":"tenh.request_usage","at":"2026-09-14T08:55:35.438Z","businessId":"f92ebb56-d907-499e-a84d-c09180b849b6","route":"/api/team-chat/rooms","databaseRequests":17,"databaseResponseBytes":4502,"storageResponseBytes":0,"uploadBytes":0}
 GET /api/workspaces 200 in 1121ms (next.js: 4ms, application-code: 1117ms)
{"event":"tenh.request_usage","at":"2026-09-14T08:55:44.973Z","businessId":"f92ebb56-d907-499e-a84d-c09180b849b6","route":"/api/workspaces","databaseRequests":12,"databaseResponseBytes":6300,"storageResponseBytes":0,"uploadBytes":0}
 GET /api/conversations/2def6409-718f-439e-bb3b-1ff44a6f085c/messages?limit=25&live=1789376150536 200 in 1093ms (next.js: 9ms, application-code: 1084ms)
 POST /api/inbox/live-state 200 in 1255ms (next.js: 3ms, application-code: 1252ms)
{"event":"tenh.request_usage","at":"2026-09-14T08:55:52.268Z","businessId":"f92ebb56-d907-499e-a84d-c09180b849b6","route":"/api/inbox/live-state","databaseRequests":13,"databaseResponseBytes":289854,"storageResponseBytes":0,"uploadBytes":0}
 GET /api/invitations/pending 200 in 485ms (next.js: 34ms, application-code: 451ms)
 GET /api/system-announcements/current 200 in 755ms (next.js: 19ms, application-code: 736ms)
 GET /api/facebook/connection-attention 200 in 756ms (next.js: 41ms, application-code: 716ms)
 GET /api/team-notifications 200 in 993ms (next.js: 11ms, application-code: 982ms)
 GET /api/workspaces 200 in 1296ms (next.js: 4ms, application-code: 1291ms)
{"event":"tenh.request_usage","at":"2026-09-14T08:56:05.152Z","businessId":"f92ebb56-d907-499e-a84d-c09180b849b6","route":"/api/workspaces","databaseRequests":12,"databaseResponseBytes":6300,"storageResponseBytes":0,"uploadBytes":0}
 GET /api/team-chat/rooms 200 in 2.1s (next.js: 4ms, application-code: 2.1s)
{"event":"tenh.request_usage","at":"2026-09-14T08:56:05.970Z","businessId":"f92ebb56-d907-499e-a84d-c09180b849b6","route":"/api/team-chat/rooms","databaseRequests":17,"databaseResponseBytes":4502,"storageResponseBytes":0,"uploadBytes":0}
 GET /api/conversations/2def6409-718f-439e-bb3b-1ff44a6f085c/messages?limit=25&live=1789376181644 200 in 1081ms (next.js: 11ms, application-code: 1070ms)
 POST /api/inbox/live-state 200 in 1266ms (next.js: 4ms, application-code: 1262ms)
{"event":"tenh.request_usage","at":"2026-09-14T08:56:23.555Z","businessId":"f92ebb56-d907-499e-a84d-c09180b849b6","route":"/api/inbox/live-state","databaseRequests":13,"databaseResponseBytes":289854,"storageResponseBytes":0,"uploadBytes":0}
 GET /api/workspaces 200 in 1041ms (next.js: 3ms, application-code: 1038ms)
{"event":"tenh.request_usage","at":"2026-09-14T08:56:24.898Z","businessId":"f92ebb56-d907-499e-a84d-c09180b849b6","route":"/api/workspaces","databaseRequests":12,"databaseResponseBytes":6300,"storageResponseBytes":0,"uploadBytes":0}
 GET /api/system-announcements/current 200 in 673ms (next.js: 11ms, application-code: 662ms)
 GET /api/team-notifications 200 in 1262ms (next.js: 6ms, application-code: 1256ms)
 GET /api/team-chat/rooms 200 in 1596ms (next.js: 4ms, application-code: 1592ms)
{"event":"tenh.request_usage","at":"2026-09-14T08:56:35.446Z","businessId":"f92ebb56-d907-499e-a84d-c09180b849b6","route":"/api/team-chat/rooms","databaseRequests":17,"databaseResponseBytes":4502,"storageResponseBytes":0,"uploadBytes":0}
 GET /api/workspaces 200 in 1146ms (next.js: 4ms, application-code: 1143ms)
{"event":"tenh.request_usage","at":"2026-09-14T08:56:44.994Z","businessId":"f92ebb56-d907-499e-a84d-c09180b849b6","route":"/api/workspaces","databaseRequests":12,"databaseResponseBytes":6300,"storageResponseBytes":0,"uploadBytes":0}
 GET /api/conversations/2def6409-718f-439e-bb3b-1ff44a6f085c/messages?limit=25&live=1789376212737 200 in 1155ms (next.js: 9ms, application-code: 1146ms)
 POST /api/inbox/live-state 200 in 1267ms (next.js: 4ms, application-code: 1263ms)
{"event":"tenh.request_usage","at":"2026-09-14T08:56:54.844Z","businessId":"f92ebb56-d907-499e-a84d-c09180b849b6","route":"/api/inbox/live-state","databaseRequests":13,"databaseResponseBytes":289854,"storageResponseBytes":0,"uploadBytes":0}
 GET /api/invitations/pending 200 in 480ms (next.js: 21ms, application-code: 459ms)
 GET /api/system-announcements/current 200 in 606ms (next.js: 14ms, application-code: 593ms)
 GET /api/facebook/connection-attention 200 in 678ms (next.js: 23ms, application-code: 655ms)
 GET /api/workspaces 200 in 1252ms (next.js: 5ms, application-code: 1247ms)
{"event":"tenh.request_usage","at":"2026-09-14T08:57:05.112Z","businessId":"f92ebb56-d907-499e-a84d-c09180b849b6","route":"/api/workspaces","databaseRequests":12,"databaseResponseBytes":6300,"storageResponseBytes":0,"uploadBytes":0}
 GET /api/team-notifications 200 in 1277ms (next.js: 13ms, application-code: 1264ms)
 GET /api/team-chat/rooms 200 in 1470ms (next.js: 4ms, application-code: 1466ms)
{"event":"tenh.request_usage","at":"2026-09-14T08:57:05.316Z","businessId":"f92ebb56-d907-499e-a84d-c09180b849b6","route":"/api/team-chat/rooms","databaseRequests":17,"databaseResponseBytes":4502,"storageResponseBytes":0,"uploadBytes":0}
 GET /api/workspaces 200 in 1075ms (next.js: 4ms, application-code: 1072ms)
{"event":"tenh.request_usage","at":"2026-09-14T08:57:24.931Z","businessId":"f92ebb56-d907-499e-a84d-c09180b849b6","route":"/api/workspaces","databaseRequests":12,"databaseResponseBytes":6300,"storageResponseBytes":0,"uploadBytes":0}
 GET /api/conversations/2def6409-718f-439e-bb3b-1ff44a6f085c/messages?limit=25&live=1789376243900 200 in 1082ms (next.js: 10ms, application-code: 1072ms)
 POST /api/inbox/live-state 200 in 1230ms (next.js: 4ms, application-code: 1226ms)
{"event":"tenh.request_usage","at":"2026-09-14T08:57:26.090Z","businessId":"f92ebb56-d907-499e-a84d-c09180b849b6","route":"/api/inbox/live-state","databaseRequests":13,"databaseResponseBytes":289854,"storageResponseBytes":0,"uploadBytes":0}
 GET /api/system-announcements/current 200 in 578ms (next.js: 11ms, application-code: 566ms)
 GET /api/team-notifications 200 in 931ms (next.js: 5ms, application-code: 926ms)
 GET /api/team-chat/rooms 200 in 1496ms (next.js: 4ms, application-code: 1492ms)
{"event":"tenh.request_usage","at":"2026-09-14T08:57:35.338Z","businessId":"f92ebb56-d907-499e-a84d-c09180b849b6","route":"/api/team-chat/rooms","databaseRequests":17,"databaseResponseBytes":4502,"storageResponseBytes":0,"uploadBytes":0}
 GET /api/workspaces 200 in 1151ms (next.js: 4ms, application-code: 1147ms)
{"event":"tenh.request_usage","at":"2026-09-14T08:57:44.994Z","businessId":"f92ebb56-d907-499e-a84d-c09180b849b6","route":"/api/workspaces","databaseRequests":12,"databaseResponseBytes":6300,"storageResponseBytes":0,"uploadBytes":0}
 GET /api/conversations/2def6409-718f-439e-bb3b-1ff44a6f085c/messages?limit=25&live=1789376275001 200 in 1065ms (next.js: 9ms, application-code: 1056ms)
 POST /api/inbox/live-state 200 in 1168ms (next.js: 4ms, application-code: 1164ms)
{"event":"tenh.request_usage","at":"2026-09-14T08:57:57.268Z","businessId":"f92ebb56-d907-499e-a84d-c09180b849b6","route":"/api/inbox/live-state","databaseRequests":13,"databaseResponseBytes":289854,"storageResponseBytes":0,"uploadBytes":0}
 GET /api/invitations/pending 200 in 456ms (next.js: 23ms, application-code: 433ms)
 GET /api/system-announcements/current 200 in 542ms (next.js: 15ms, application-code: 527ms)
 GET /api/facebook/connection-attention 200 in 618ms (next.js: 29ms, application-code: 588ms)
 GET /api/team-notifications 200 in 1043ms (next.js: 13ms, application-code: 1030ms)
 GET /api/workspaces 200 in 1130ms (next.js: 17ms, application-code: 1113ms)
{"event":"tenh.request_usage","at":"2026-09-14T08:58:04.988Z","businessId":"f92ebb56-d907-499e-a84d-c09180b849b6","route":"/api/workspaces","databaseRequests":12,"databaseResponseBytes":6300,"storageResponseBytes":0,"uploadBytes":0}
 GET /api/team-chat/rooms 200 in 1428ms (next.js: 5ms, application-code: 1423ms)
{"event":"tenh.request_usage","at":"2026-09-14T08:58:05.284Z","businessId":"f92ebb56-d907-499e-a84d-c09180b849b6","route":"/api/team-chat/rooms","databaseRequests":17,"databaseResponseBytes":4502,"storageResponseBytes":0,"uploadBytes":0}
 GET /api/workspaces 200 in 1088ms (next.js: 3ms, application-code: 1085ms)
{"event":"tenh.request_usage","at":"2026-09-14T08:58:24.932Z","businessId":"f92ebb56-d907-499e-a84d-c09180b849b6","route":"/api/workspaces","databaseRequests":12,"databaseResponseBytes":6300,"storageResponseBytes":0,"uploadBytes":0}
 GET /api/conversations/2def6409-718f-439e-bb3b-1ff44a6f085c/messages?limit=25&live=1789376306076 200 in 929ms (next.js: 9ms, application-code: 920ms)
 POST /api/inbox/live-state 200 in 1116ms (next.js: 3ms, application-code: 1112ms)
{"event":"tenh.request_usage","at":"2026-09-14T08:58:28.399Z","businessId":"f92ebb56-d907-499e-a84d-c09180b849b6","route":"/api/inbox/live-state","databaseRequests":13,"databaseResponseBytes":289854,"storageResponseBytes":0,"uploadBytes":0}
 GET /api/system-announcements/current 200 in 792ms (next.js: 11ms, application-code: 781ms)
 GET /api/team-notifications 200 in 1132ms (next.js: 3ms, application-code: 1129ms)
 GET /api/team-chat/rooms 200 in 1697ms (next.js: 3ms, application-code: 1693ms)
{"event":"tenh.request_usage","at":"2026-09-14T08:58:35.539Z","businessId":"f92ebb56-d907-499e-a84d-c09180b849b6","route":"/api/team-chat/rooms","databaseRequests":17,"databaseResponseBytes":4502,"storageResponseBytes":0,"uploadBytes":0}
 GET /api/workspaces 200 in 1151ms (next.js: 4ms, application-code: 1147ms)
{"event":"tenh.request_usage","at":"2026-09-14T08:58:45.008Z","businessId":"f92ebb56-d907-499e-a84d-c09180b849b6","route":"/api/workspaces","databaseRequests":12,"databaseResponseBytes":6300,"storageResponseBytes":0,"uploadBytes":0}
 GET /api/conversations/2def6409-718f-439e-bb3b-1ff44a6f085c/messages?limit=25&live=1789376337018 200 in 1149ms (next.js: 9ms, application-code: 1140ms)
 POST /api/inbox/live-state 200 in 1330ms (next.js: 3ms, application-code: 1327ms)
{"event":"tenh.request_usage","at":"2026-09-14T08:58:59.743Z","businessId":"f92ebb56-d907-499e-a84d-c09180b849b6","route":"/api/inbox/live-state","databaseRequests":13,"databaseResponseBytes":289854,"storageResponseBytes":0,"uploadBytes":0}
 GET /api/invitations/pending 200 in 486ms (next.js: 22ms, application-code: 463ms)
 GET /api/facebook/connection-attention 200 in 653ms (next.js: 30ms, application-code: 623ms)
 GET /api/system-announcements/current 200 in 692ms (next.js: 13ms, application-code: 680ms)
 GET /api/team-notifications 200 in 886ms (next.js: 5ms, application-code: 881ms)
 GET /api/workspaces 200 in 1091ms (next.js: 14ms, application-code: 1076ms)
{"event":"tenh.request_usage","at":"2026-09-14T08:59:04.940Z","businessId":"f92ebb56-d907-499e-a84d-c09180b849b6","route":"/api/workspaces","databaseRequests":12,"databaseResponseBytes":6300,"storageResponseBytes":0,"uploadBytes":0}
 GET /api/team-chat/rooms 200 in 1549ms (next.js: 6ms, application-code: 1543ms)
{"event":"tenh.request_usage","at":"2026-09-14T08:59:05.397Z","businessId":"f92ebb56-d907-499e-a84d-c09180b849b6","route":"/api/team-chat/rooms","databaseRequests":17,"databaseResponseBytes":4502,"storageResponseBytes":0,"uploadBytes":0}
 GET /api/workspaces 200 in 1078ms (next.js: 4ms, application-code: 1074ms)
{"event":"tenh.request_usage","at":"2026-09-14T08:59:24.928Z","businessId":"f92ebb56-d907-499e-a84d-c09180b849b6","route":"/api/workspaces","databaseRequests":12,"databaseResponseBytes":6300,"storageResponseBytes":0,"uploadBytes":0}
 GET /api/conversations/2def6409-718f-439e-bb3b-1ff44a6f085c/messages?limit=25&live=1789376368185 200 in 923ms (next.js: 9ms, application-code: 914ms)
 POST /api/inbox/live-state 200 in 1171ms (next.js: 4ms, application-code: 1167ms)
{"event":"tenh.request_usage","at":"2026-09-14T08:59:30.924Z","businessId":"f92ebb56-d907-499e-a84d-c09180b849b6","route":"/api/inbox/live-state","databaseRequests":13,"databaseResponseBytes":289854,"storageResponseBytes":0,"uploadBytes":0}
 GET /api/system-announcements/current 200 in 478ms (next.js: 12ms, application-code: 465ms)
 GET /api/team-notifications 200 in 832ms (next.js: 5ms, application-code: 827ms)
 GET /api/team-chat/rooms 200 in 1394ms (next.js: 4ms, application-code: 1390ms)
{"event":"tenh.request_usage","at":"2026-09-14T08:59:35.244Z","businessId":"f92ebb56-d907-499e-a84d-c09180b849b6","route":"/api/team-chat/rooms","databaseRequests":17,"databaseResponseBytes":4502,"storageResponseBytes":0,"uploadBytes":0}
 GET /api/workspaces 200 in 1109ms (next.js: 4ms, application-code: 1105ms)
{"event":"tenh.request_usage","at":"2026-09-14T08:59:44.965Z","businessId":"f92ebb56-d907-499e-a84d-c09180b849b6","route":"/api/workspaces","databaseRequests":12,"databaseResponseBytes":6300,"storageResponseBytes":0,"uploadBytes":0}
 GET /api/conversations/2def6409-718f-439e-bb3b-1ff44a6f085c/messages?limit=25&live=1789376399118 200 in 1105ms (next.js: 9ms, application-code: 1095ms)
 POST /api/inbox/live-state 200 in 1785ms (next.js: 4ms, application-code: 1781ms)
{"event":"tenh.request_usage","at":"2026-09-14T09:00:02.720Z","businessId":"f92ebb56-d907-499e-a84d-c09180b849b6","route":"/api/inbox/live-state","databaseRequests":13,"databaseResponseBytes":289854,"storageResponseBytes":0,"uploadBytes":0}
 GET /api/invitations/pending 200 in 340ms (next.js: 20ms, application-code: 320ms)
 GET /api/system-announcements/current 200 in 514ms (next.js: 14ms, application-code: 501ms)
 GET /api/facebook/connection-attention 200 in 610ms (next.js: 28ms, application-code: 582ms)
 GET /api/team-notifications 200 in 928ms (next.js: 21ms, application-code: 907ms)
 GET /api/workspaces 200 in 1004ms (next.js: 5ms, application-code: 999ms)
{"event":"tenh.request_usage","at":"2026-09-14T09:00:04.866Z","businessId":"f92ebb56-d907-499e-a84d-c09180b849b6","route":"/api/workspaces","databaseRequests":12,"databaseResponseBytes":6300,"storageResponseBytes":0,"uploadBytes":0}
 GET /api/team-chat/rooms 200 in 1409ms (next.js: 4ms, application-code: 1405ms)
{"event":"tenh.request_usage","at":"2026-09-14T09:00:05.258Z","businessId":"f92ebb56-d907-499e-a84d-c09180b849b6","route":"/api/team-chat/rooms","databaseRequests":17,"databaseResponseBytes":4502,"storageResponseBytes":0,"uploadBytes":0}
 GET /api/workspaces 200 in 1112ms (next.js: 4ms, application-code: 1107ms)
{"event":"tenh.request_usage","at":"2026-09-14T09:00:24.958Z","businessId":"f92ebb56-d907-499e-a84d-c09180b849b6","route":"/api/workspaces","databaseRequests":12,"databaseResponseBytes":6300,"storageResponseBytes":0,"uploadBytes":0}
 GET /api/conversations/2def6409-718f-439e-bb3b-1ff44a6f085c/messages?limit=25&live=1789376430231 200 in 1073ms (next.js: 9ms, application-code: 1064ms)
 POST /api/inbox/live-state 200 in 1156ms (next.js: 4ms, application-code: 1152ms)
{"event":"tenh.request_usage","at":"2026-09-14T09:00:33.892Z","businessId":"f92ebb56-d907-499e-a84d-c09180b849b6","route":"/api/inbox/live-state","databaseRequests":13,"databaseResponseBytes":289854,"storageResponseBytes":0,"uploadBytes":0}
 GET /api/system-announcements/current 200 in 475ms (next.js: 12ms, application-code: 464ms)
 GET /api/team-notifications 200 in 818ms (next.js: 5ms, application-code: 813ms)
 GET /api/team-chat/rooms 200 in 1410ms (next.js: 4ms, application-code: 1406ms)
{"event":"tenh.request_usage","at":"2026-09-14T09:00:35.259Z","businessId":"f92ebb56-d907-499e-a84d-c09180b849b6","route":"/api/team-chat/rooms","databaseRequests":17,"databaseResponseBytes":4502,"storageResponseBytes":0,"uploadBytes":0}
 GET /api/workspaces 200 in 1137ms (next.js: 3ms, application-code: 1133ms)
{"event":"tenh.request_usage","at":"2026-09-14T09:00:44.981Z","businessId":"f92ebb56-d907-499e-a84d-c09180b849b6","route":"/api/workspaces","databaseRequests":12,"databaseResponseBytes":6300,"storageResponseBytes":0,"uploadBytes":0}
 GET /api/conversations/2def6409-718f-439e-bb3b-1ff44a6f085c/messages?limit=25&live=1789376461323 200 in 1178ms (next.js: 10ms, application-code: 1168ms)
 GET /api/invitations/pending 200 in 403ms (next.js: 19ms, application-code: 384ms)
 GET /api/facebook/connection-attention 200 in 635ms (next.js: 30ms, application-code: 605ms)
 GET /api/system-announcements/current 200 in 694ms (next.js: 12ms, application-code: 682ms)
 GET /api/workspaces 200 in 1230ms (next.js: 7ms, application-code: 1223ms)
{"event":"tenh.request_usage","at":"2026-09-14T09:01:05.098Z","businessId":"f92ebb56-d907-499e-a84d-c09180b849b6","route":"/api/workspaces","databaseRequests":12,"databaseResponseBytes":6300,"storageResponseBytes":0,"uploadBytes":0}
 GET /api/team-notifications 200 in 1243ms (next.js: 21ms, application-code: 1222ms)
 GET /api/team-chat/rooms 200 in 1999ms (next.js: 4ms, application-code: 1995ms)
{"event":"tenh.request_usage","at":"2026-09-14T09:01:05.857Z","businessId":"f92ebb56-d907-499e-a84d-c09180b849b6","route":"/api/team-chat/rooms","databaseRequests":17,"databaseResponseBytes":4502,"storageResponseBytes":0,"uploadBytes":0}
 POST /api/inbox/live-state 200 in 1949ms (next.js: 3ms, application-code: 1946ms)
{"event":"tenh.request_usage","at":"2026-09-14T09:01:06.228Z","businessId":"f92ebb56-d907-499e-a84d-c09180b849b6","route":"/api/inbox/live-state","databaseRequests":13,"databaseResponseBytes":289854,"storageResponseBytes":0,"uploadBytes":0}
 GET /api/workspaces 200 in 2.2s (next.js: 4ms, application-code: 2.2s)
{"event":"tenh.request_usage","at":"2026-09-14T09:01:26.025Z","businessId":"f92ebb56-d907-499e-a84d-c09180b849b6","route":"/api/workspaces","databaseRequests":12,"databaseResponseBytes":6300,"storageResponseBytes":0,"uploadBytes":0}
 GET /api/conversations/2def6409-718f-439e-bb3b-1ff44a6f085c/messages?limit=25&live=1789376492521 200 in 1321ms (next.js: 10ms, application-code: 1310ms)
 GET /api/system-announcements/current 200 in 586ms (next.js: 25ms, application-code: 561ms)
 GET /api/team-notifications 200 in 928ms (next.js: 15ms, application-code: 913ms)
 GET /api/team-chat/rooms 200 in 1550ms (next.js: 5ms, application-code: 1545ms)
{"event":"tenh.request_usage","at":"2026-09-14T09:01:35.407Z","businessId":"f92ebb56-d907-499e-a84d-c09180b849b6","route":"/api/team-chat/rooms","databaseRequests":17,"databaseResponseBytes":4502,"storageResponseBytes":0,"uploadBytes":0}
 POST /api/inbox/live-state 200 in 1293ms (next.js: 4ms, application-code: 1289ms)
{"event":"tenh.request_usage","at":"2026-09-14T09:01:37.539Z","businessId":"f92ebb56-d907-499e-a84d-c09180b849b6","route":"/api/inbox/live-state","databaseRequests":13,"databaseResponseBytes":289854,"storageResponseBytes":0,"uploadBytes":0}
 GET /api/workspaces 200 in 1297ms (next.js: 4ms, application-code: 1293ms)
{"event":"tenh.request_usage","at":"2026-09-14T09:01:45.148Z","businessId":"f92ebb56-d907-499e-a84d-c09180b849b6","route":"/api/workspaces","databaseRequests":12,"databaseResponseBytes":6300,"storageResponseBytes":0,"uploadBytes":0}
 GET /api/system-announcements/current 200 in 957ms (next.js: 22ms, application-code: 935ms)
 GET /api/facebook/connection-attention 200 in 994ms (next.js: 19ms, application-code: 976ms)
 GET /api/invitations/pending 200 in 1013ms (next.js: 12ms, application-code: 1001ms)
 GET /api/workspaces 200 in 1658ms (next.js: 12ms, application-code: 1646ms)
{"event":"tenh.request_usage","at":"2026-09-14T09:02:05.510Z","businessId":"f92ebb56-d907-499e-a84d-c09180b849b6","route":"/api/workspaces","databaseRequests":12,"databaseResponseBytes":6300,"storageResponseBytes":0,"uploadBytes":0}
 GET /api/team-notifications 200 in 1706ms (next.js: 5ms, application-code: 1701ms)
 GET /api/team-chat/rooms 200 in 2.0s (next.js: 5ms, application-code: 2.0s)
{"event":"tenh.request_usage","at":"2026-09-14T09:02:05.894Z","businessId":"f92ebb56-d907-499e-a84d-c09180b849b6","route":"/api/team-chat/rooms","databaseRequests":17,"databaseResponseBytes":4502,"storageResponseBytes":0,"uploadBytes":0}
 GET /api/conversations/2def6409-718f-439e-bb3b-1ff44a6f085c/messages?limit=25&live=1789376523852 200 in 1116ms (next.js: 9ms, application-code: 1107ms)
 POST /api/inbox/live-state 200 in 1398ms (next.js: 3ms, application-code: 1395ms)
{"event":"tenh.request_usage","at":"2026-09-14T09:02:08.950Z","businessId":"f92ebb56-d907-499e-a84d-c09180b849b6","route":"/api/inbox/live-state","databaseRequests":13,"databaseResponseBytes":289854,"storageResponseBytes":0,"uploadBytes":0}
 GET /api/workspaces 200 in 1147ms (next.js: 3ms, application-code: 1144ms)
{"event":"tenh.request_usage","at":"2026-09-14T09:02:24.995Z","businessId":"f92ebb56-d907-499e-a84d-c09180b849b6","route":"/api/workspaces","databaseRequests":12,"databaseResponseBytes":6300,"storageResponseBytes":0,"uploadBytes":0}
 GET /api/system-announcements/current 200 in 748ms (next.js: 5ms, application-code: 743ms)
 GET /api/team-notifications 200 in 997ms (next.js: 6ms, application-code: 991ms)
 GET /api/team-chat/rooms 200 in 1608ms (next.js: 4ms, application-code: 1604ms)
{"event":"tenh.request_usage","at":"2026-09-14T09:02:35.463Z","businessId":"f92ebb56-d907-499e-a84d-c09180b849b6","route":"/api/team-chat/rooms","databaseRequests":17,"databaseResponseBytes":4502,"storageResponseBytes":0,"uploadBytes":0}
 GET /api/conversations/2def6409-718f-439e-bb3b-1ff44a6f085c/messages?limit=25&live=1789376555974 200 in 1049ms (next.js: 9ms, application-code: 1040ms)
 POST /api/inbox/live-state 200 in 1193ms (next.js: 3ms, application-code: 1189ms)
{"event":"tenh.request_usage","at":"2026-09-14T09:02:40.169Z","businessId":"f92ebb56-d907-499e-a84d-c09180b849b6","route":"/api/inbox/live-state","databaseRequests":13,"databaseResponseBytes":289854,"storageResponseBytes":0,"uploadBytes":0}
 GET /api/workspaces 200 in 1055ms (next.js: 4ms, application-code: 1051ms)
{"event":"tenh.request_usage","at":"2026-09-14T09:02:44.910Z","businessId":"f92ebb56-d907-499e-a84d-c09180b849b6","route":"/api/workspaces","databaseRequests":12,"databaseResponseBytes":6300,"storageResponseBytes":0,"uploadBytes":0}
 GET /api/invitations/pending 200 in 495ms (next.js: 27ms, application-code: 468ms)
 GET /api/system-announcements/current 200 in 670ms (next.js: 21ms, application-code: 649ms)
 GET /api/facebook/connection-attention 200 in 649ms (next.js: 6ms, application-code: 644ms)
 GET /api/team-notifications 200 in 948ms (next.js: 13ms, application-code: 935ms)
 GET /api/workspaces 200 in 1225ms (next.js: 6ms, application-code: 1219ms)
{"event":"tenh.request_usage","at":"2026-09-14T09:03:05.096Z","businessId":"f92ebb56-d907-499e-a84d-c09180b849b6","route":"/api/workspaces","databaseRequests":12,"databaseResponseBytes":6300,"storageResponseBytes":0,"uploadBytes":0}
 GET /api/team-chat/rooms 200 in 1540ms (next.js: 5ms, application-code: 1535ms)
{"event":"tenh.request_usage","at":"2026-09-14T09:03:05.395Z","businessId":"f92ebb56-d907-499e-a84d-c09180b849b6","route":"/api/team-chat/rooms","databaseRequests":17,"databaseResponseBytes":4502,"storageResponseBytes":0,"uploadBytes":0}
 GET /api/conversations/2def6409-718f-439e-bb3b-1ff44a6f085c/messages?limit=25&live=1789376587043 200 in 1061ms (next.js: 9ms, application-code: 1052ms)
 POST /api/inbox/live-state 200 in 1167ms (next.js: 4ms, application-code: 1163ms)
{"event":"tenh.request_usage","at":"2026-09-14T09:03:11.336Z","businessId":"f92ebb56-d907-499e-a84d-c09180b849b6","route":"/api/inbox/live-state","databaseRequests":13,"databaseResponseBytes":289854,"storageResponseBytes":0,"uploadBytes":0}
 GET /api/workspaces 200 in 1286ms (next.js: 4ms, application-code: 1283ms)
{"event":"tenh.request_usage","at":"2026-09-14T09:03:25.146Z","businessId":"f92ebb56-d907-499e-a84d-c09180b849b6","route":"/api/workspaces","databaseRequests":12,"databaseResponseBytes":6300,"storageResponseBytes":0,"uploadBytes":0}
 GET /api/system-announcements/current 200 in 532ms (next.js: 13ms, application-code: 519ms)
 GET /api/team-notifications 200 in 958ms (next.js: 7ms, application-code: 951ms)
 GET /api/team-chat/rooms 200 in 1452ms (next.js: 4ms, application-code: 1448ms)
{"event":"tenh.request_usage","at":"2026-09-14T09:03:35.300Z","businessId":"f92ebb56-d907-499e-a84d-c09180b849b6","route":"/api/team-chat/rooms","databaseRequests":17,"databaseResponseBytes":4502,"storageResponseBytes":0,"uploadBytes":0}
 GET /api/conversations/2def6409-718f-439e-bb3b-1ff44a6f085c/messages?limit=25&live=1789376618122 200 in 1043ms (next.js: 10ms, application-code: 1033ms)
 POST /api/inbox/live-state 200 in 1164ms (next.js: 4ms, application-code: 1160ms)
{"event":"tenh.request_usage","at":"2026-09-14T09:03:42.518Z","businessId":"f92ebb56-d907-499e-a84d-c09180b849b6","route":"/api/inbox/live-state","databaseRequests":13,"databaseResponseBytes":289854,"storageResponseBytes":0,"uploadBytes":0}
 GET /api/workspaces 200 in 895ms (next.js: 3ms, application-code: 892ms)
{"event":"tenh.request_usage","at":"2026-09-14T09:03:44.756Z","businessId":"f92ebb56-d907-499e-a84d-c09180b849b6","route":"/api/workspaces","databaseRequests":12,"databaseResponseBytes":6300,"storageResponseBytes":0,"uploadBytes":0}
 GET /api/invitations/pending 200 in 3.1s (next.js: 18ms, application-code: 3.0s)
 GET /api/system-announcements/current 200 in 3.2s (next.js: 12ms, application-code: 3.2s)
 GET /api/team-notifications 200 in 3.6s (next.js: 4ms, application-code: 3.6s)
 GET /api/workspaces 200 in 3.8s (next.js: 16ms, application-code: 3.8s)
{"event":"tenh.request_usage","at":"2026-09-14T09:04:07.693Z","businessId":"f92ebb56-d907-499e-a84d-c09180b849b6","route":"/api/workspaces","databaseRequests":12,"databaseResponseBytes":6300,"storageResponseBytes":0,"uploadBytes":0}
 GET /api/team-chat/rooms 200 in 4.4s (next.js: 5ms, application-code: 4.4s)
{"event":"tenh.request_usage","at":"2026-09-14T09:04:08.235Z","businessId":"f92ebb56-d907-499e-a84d-c09180b849b6","route":"/api/team-chat/rooms","databaseRequests":17,"databaseResponseBytes":4502,"storageResponseBytes":0,"uploadBytes":0}
 GET /api/facebook/connection-attention 200 in 6.1s (next.js: 5ms, application-code: 6.1s)
 GET /api/conversations/2def6409-718f-439e-bb3b-1ff44a6f085c/messages?limit=25&live=1789376649174 200 in 2.2s (next.js: 10ms, application-code: 2.2s)
 POST /api/inbox/live-state 200 in 1292ms (next.js: 13ms, application-code: 1279ms)
{"event":"tenh.request_usage","at":"2026-09-14T09:04:13.828Z","businessId":"f92ebb56-d907-499e-a84d-c09180b849b6","route":"/api/inbox/live-state","databaseRequests":13,"databaseResponseBytes":289854,"storageResponseBytes":0,"uploadBytes":0}
 GET /api/workspaces 200 in 1126ms (next.js: 4ms, application-code: 1123ms)
{"event":"tenh.request_usage","at":"2026-09-14T09:04:24.975Z","businessId":"f92ebb56-d907-499e-a84d-c09180b849b6","route":"/api/workspaces","databaseRequests":12,"databaseResponseBytes":6300,"storageResponseBytes":0,"uploadBytes":0}
 GET /api/system-announcements/current 200 in 638ms (next.js: 12ms, application-code: 626ms)
 GET /api/team-notifications 200 in 1084ms (next.js: 6ms, application-code: 1078ms)
 GET /api/team-chat/rooms 200 in 1662ms (next.js: 4ms, application-code: 1657ms)
{"event":"tenh.request_usage","at":"2026-09-14T09:04:35.511Z","businessId":"f92ebb56-d907-499e-a84d-c09180b849b6","route":"/api/team-chat/rooms","databaseRequests":17,"databaseResponseBytes":4502,"storageResponseBytes":0,"uploadBytes":0}
 GET /api/conversations/2def6409-718f-439e-bb3b-1ff44a6f085c/messages?limit=25&live=1789376681408 200 in 1226ms (next.js: 10ms, application-code: 1217ms)
 GET /api/workspaces 200 in 1066ms (next.js: 4ms, application-code: 1062ms)
{"event":"tenh.request_usage","at":"2026-09-14T09:04:44.922Z","businessId":"f92ebb56-d907-499e-a84d-c09180b849b6","route":"/api/workspaces","databaseRequests":12,"databaseResponseBytes":6300,"storageResponseBytes":0,"uploadBytes":0}
 POST /api/inbox/live-state 200 in 1248ms (next.js: 3ms, application-code: 1245ms)
{"event":"tenh.request_usage","at":"2026-09-14T09:04:45.095Z","businessId":"f92ebb56-d907-499e-a84d-c09180b849b6","route":"/api/inbox/live-state","databaseRequests":13,"databaseResponseBytes":289854,"storageResponseBytes":0,"uploadBytes":0}
 GET /api/invitations/pending 200 in 516ms (next.js: 27ms, application-code: 488ms)
 GET /api/facebook/connection-attention 200 in 601ms (next.js: 6ms, application-code: 595ms)
 GET /api/system-announcements/current 200 in 676ms (next.js: 20ms, application-code: 657ms)
 GET /api/team-notifications 200 in 930ms (next.js: 12ms, application-code: 918ms)
 GET /api/workspaces 200 in 1224ms (next.js: 22ms, application-code: 1203ms)
{"event":"tenh.request_usage","at":"2026-09-14T09:05:05.097Z","businessId":"f92ebb56-d907-499e-a84d-c09180b849b6","route":"/api/workspaces","databaseRequests":12,"databaseResponseBytes":6300,"storageResponseBytes":0,"uploadBytes":0}
 GET /api/team-chat/rooms 200 in 1774ms (next.js: 5ms, application-code: 1770ms)
{"event":"tenh.request_usage","at":"2026-09-14T09:05:05.633Z","businessId":"f92ebb56-d907-499e-a84d-c09180b849b6","route":"/api/team-chat/rooms","databaseRequests":17,"databaseResponseBytes":4502,"storageResponseBytes":0,"uploadBytes":0}
 GET /api/conversations/2def6409-718f-439e-bb3b-1ff44a6f085c/messages?limit=25&live=1789376712652 200 in 1146ms (next.js: 10ms, application-code: 1136ms)
 POST /api/inbox/live-state 200 in 1156ms (next.js: 4ms, application-code: 1152ms)
{"event":"tenh.request_usage","at":"2026-09-14T09:05:16.254Z","businessId":"f92ebb56-d907-499e-a84d-c09180b849b6","route":"/api/inbox/live-state","databaseRequests":13,"databaseResponseBytes":289854,"storageResponseBytes":0,"uploadBytes":0}
 GET /api/workspaces 200 in 1132ms (next.js: 3ms, application-code: 1129ms)
{"event":"tenh.request_usage","at":"2026-09-14T09:05:24.984Z","businessId":"f92ebb56-d907-499e-a84d-c09180b849b6","route":"/api/workspaces","databaseRequests":12,"databaseResponseBytes":6300,"storageResponseBytes":0,"uploadBytes":0}
 GET /api/system-announcements/current 200 in 558ms (next.js: 11ms, application-code: 547ms)
 GET /api/team-notifications 200 in 900ms (next.js: 4ms, application-code: 896ms)
 GET /api/team-chat/rooms 200 in 1585ms (next.js: 4ms, application-code: 1581ms)
{"event":"tenh.request_usage","at":"2026-09-14T09:05:35.437Z","businessId":"f92ebb56-d907-499e-a84d-c09180b849b6","route":"/api/team-chat/rooms","databaseRequests":17,"databaseResponseBytes":4502,"storageResponseBytes":0,"uploadBytes":0}
 GET /api/workspaces 200 in 1082ms (next.js: 4ms, application-code: 1078ms)
{"event":"tenh.request_usage","at":"2026-09-14T09:05:44.949Z","businessId":"f92ebb56-d907-499e-a84d-c09180b849b6","route":"/api/workspaces","databaseRequests":12,"databaseResponseBytes":6300,"storageResponseBytes":0,"uploadBytes":0}
 GET /api/conversations/2def6409-718f-439e-bb3b-1ff44a6f085c/messages?limit=25&live=1789376743806 200 in 1154ms (next.js: 10ms, application-code: 1144ms)
 POST /api/inbox/live-state 200 in 1178ms (next.js: 3ms, application-code: 1175ms)
{"event":"tenh.request_usage","at":"2026-09-14T09:05:47.448Z","businessId":"f92ebb56-d907-499e-a84d-c09180b849b6","route":"/api/inbox/live-state","databaseRequests":13,"databaseResponseBytes":289854,"storageResponseBytes":0,"uploadBytes":0}
 GET /api/invitations/pending 200 in 452ms (next.js: 17ms, application-code: 435ms)
 GET /api/facebook/connection-attention 200 in 552ms (next.js: 8ms, application-code: 544ms)
 GET /api/system-announcements/current 200 in 631ms (next.js: 8ms, application-code: 622ms)
 GET /api/team-notifications 200 in 964ms (next.js: 11ms, application-code: 953ms)
 GET /api/workspaces 200 in 1161ms (next.js: 4ms, application-code: 1157ms)
{"event":"tenh.request_usage","at":"2026-09-14T09:06:05.024Z","businessId":"f92ebb56-d907-499e-a84d-c09180b849b6","route":"/api/workspaces","databaseRequests":12,"databaseResponseBytes":6300,"storageResponseBytes":0,"uploadBytes":0}
 GET /api/team-chat/rooms 200 in 1504ms (next.js: 5ms, application-code: 1500ms)
{"event":"tenh.request_usage","at":"2026-09-14T09:06:05.356Z","businessId":"f92ebb56-d907-499e-a84d-c09180b849b6","route":"/api/team-chat/rooms","databaseRequests":17,"databaseResponseBytes":4502,"storageResponseBytes":0,"uploadBytes":0}
 GET /api/facebook/connection-attention 200 in 572ms (next.js: 8ms, application-code: 564ms)
 GET /api/conversations/2def6409-718f-439e-bb3b-1ff44a6f085c/facebook-block 200 in 1483ms (next.js: 13ms, application-code: 1470ms)
 GET /api/workspaces 200 in 1617ms (next.js: 47ms, application-code: 1570ms)
{"event":"tenh.request_usage","at":"2026-09-14T09:06:13.931Z","businessId":"f92ebb56-d907-499e-a84d-c09180b849b6","route":"/api/workspaces","databaseRequests":12,"databaseResponseBytes":6300,"storageResponseBytes":0,"uploadBytes":0}
 GET /api/conversations/2def6409-718f-439e-bb3b-1ff44a6f085c/messages?limit=25&live=1789376772271 200 in 1600ms (next.js: 38ms, application-code: 1561ms)
 POST /api/inbox/live-state 200 in 1709ms (next.js: 25ms, application-code: 1684ms)
{"event":"tenh.request_usage","at":"2026-09-14T09:06:14.021Z","businessId":"f92ebb56-d907-499e-a84d-c09180b849b6","route":"/api/inbox/live-state","databaseRequests":13,"databaseResponseBytes":289854,"storageResponseBytes":0,"uploadBytes":0}
 GET /api/conversations/2def6409-718f-439e-bb3b-1ff44a6f085c/message-pins 200 in 1102ms (next.js: 10ms, application-code: 1092ms)
 GET /api/team-chat/rooms 200 in 1834ms (next.js: 12ms, application-code: 1822ms)
{"event":"tenh.request_usage","at":"2026-09-14T09:06:14.148Z","businessId":"f92ebb56-d907-499e-a84d-c09180b849b6","route":"/api/team-chat/rooms","databaseRequests":17,"databaseResponseBytes":4502,"storageResponseBytes":0,"uploadBytes":0}
 GET /api/conversations/2def6409-718f-439e-bb3b-1ff44a6f085c/messages?limit=25&live=1789376775113 200 in 1120ms (next.js: 9ms, application-code: 1111ms)
 GET /api/workspaces 200 in 1270ms (next.js: 5ms, application-code: 1264ms)
{"event":"tenh.request_usage","at":"2026-09-14T09:06:25.394Z","businessId":"f92ebb56-d907-499e-a84d-c09180b849b6","route":"/api/workspaces","databaseRequests":12,"databaseResponseBytes":6300,"storageResponseBytes":0,"uploadBytes":0}
 GET /api/system-announcements/current 200 in 830ms (next.js: 18ms, application-code: 812ms)
 GET /api/team-notifications 200 in 1157ms (next.js: 8ms, application-code: 1149ms)
 GET /api/team-chat/rooms 200 in 1728ms (next.js: 5ms, application-code: 1723ms)
{"event":"tenh.request_usage","at":"2026-09-14T09:06:35.860Z","businessId":"f92ebb56-d907-499e-a84d-c09180b849b6","route":"/api/team-chat/rooms","databaseRequests":17,"databaseResponseBytes":4502,"storageResponseBytes":0,"uploadBytes":0}
 GET /api/workspaces 200 in 1259ms (next.js: 4ms, application-code: 1255ms)
{"event":"tenh.request_usage","at":"2026-09-14T09:06:45.383Z","businessId":"f92ebb56-d907-499e-a84d-c09180b849b6","route":"/api/workspaces","databaseRequests":12,"databaseResponseBytes":6300,"storageResponseBytes":0,"uploadBytes":0}
 GET /api/conversations/2def6409-718f-439e-bb3b-1ff44a6f085c/messages?limit=25&live=1789376807120 200 in 930ms (next.js: 14ms, application-code: 916ms)
 GET /api/invitations/pending 200 in 736ms (next.js: 34ms, application-code: 703ms)
 GET /api/system-announcements/current 200 in 878ms (next.js: 29ms, application-code: 849ms)
 GET /api/facebook/connection-attention 200 in 893ms (next.js: 16ms, application-code: 877ms)
 GET /api/team-notifications 200 in 1263ms (next.js: 18ms, application-code: 1246ms)
 GET /api/workspaces 200 in 1496ms (next.js: 6ms, application-code: 1490ms)
{"event":"tenh.request_usage","at":"2026-09-14T09:07:05.635Z","businessId":"f92ebb56-d907-499e-a84d-c09180b849b6","route":"/api/workspaces","databaseRequests":12,"databaseResponseBytes":6300,"storageResponseBytes":0,"uploadBytes":0}
 GET /api/conversations/2def6409-718f-439e-bb3b-1ff44a6f085c/message-pins 200 in 1107ms (next.js: 15ms, application-code: 1092ms)
 GET /api/conversations/2def6409-718f-439e-bb3b-1ff44a6f085c/messages?limit=25&live=1789376824665 200 in 1183ms (next.js: 15ms, application-code: 1168ms)
 GET /api/team-chat/rooms 200 in 2.5s (next.js: 5ms, application-code: 2.5s)
{"event":"tenh.request_usage","at":"2026-09-14T09:07:06.621Z","businessId":"f92ebb56-d907-499e-a84d-c09180b849b6","route":"/api/team-chat/rooms","databaseRequests":17,"databaseResponseBytes":4502,"storageResponseBytes":0,"uploadBytes":0}
 POST /api/inbox/live-state 200 in 1819ms (next.js: 3ms, application-code: 1815ms)
{"event":"tenh.request_usage","at":"2026-09-14T09:07:06.714Z","businessId":"f92ebb56-d907-499e-a84d-c09180b849b6","route":"/api/inbox/live-state","databaseRequests":13,"databaseResponseBytes":289854,"storageResponseBytes":0,"uploadBytes":0}
 GET /api/facebook/connection-attention 200 in 779ms (next.js: 4ms, application-code: 775ms)
 GET /api/team-chat/rooms 200 in 1832ms (next.js: 6ms, application-code: 1826ms)
{"event":"tenh.request_usage","at":"2026-09-14T09:07:07.252Z","businessId":"f92ebb56-d907-499e-a84d-c09180b849b6","route":"/api/team-chat/rooms","databaseRequests":17,"databaseResponseBytes":4502,"storageResponseBytes":0,"uploadBytes":0}
 GET /api/workspaces 200 in 1624ms (next.js: 4ms, application-code: 1619ms)
{"event":"tenh.request_usage","at":"2026-09-14T09:07:07.264Z","businessId":"f92ebb56-d907-499e-a84d-c09180b849b6","route":"/api/workspaces","databaseRequests":12,"databaseResponseBytes":6300,"storageResponseBytes":0,"uploadBytes":0}
 GET /api/conversations/2def6409-718f-439e-bb3b-1ff44a6f085c/facebook-block 200 in 1353ms (next.js: 10ms, application-code: 1343ms)
 GET /api/conversations/2def6409-718f-439e-bb3b-1ff44a6f085c/message-pins 200 in 1230ms (next.js: 13ms, application-code: 1217ms)
 GET /dashboard/integrations 200 in 1142ms (next.js: 158ms, proxy.ts: 257ms, application-code: 727ms)
 GET /api/subscription/usage-management 200 in 752ms (next.js: 74ms, application-code: 678ms)
 GET /api/subscription/usage-management 200 in 797ms (next.js: 62ms, application-code: 735ms)
 GET /api/extension/status 200 in 861ms (next.js: 108ms, application-code: 753ms)
 GET /api/extension/observations 200 in 532ms (next.js: 48ms, application-code: 484ms)
 GET /api/facebook/connection-attention 200 in 1147ms (next.js: 19ms, application-code: 1128ms)
 GET /api/workspaces 200 in 2.1s (next.js: 8ms, application-code: 2.1s)
{"event":"tenh.request_usage","at":"2026-09-14T09:07:24.081Z","businessId":"f92ebb56-d907-499e-a84d-c09180b849b6","route":"/api/workspaces","databaseRequests":12,"databaseResponseBytes":6300,"storageResponseBytes":0,"uploadBytes":0}
 GET /api/team-chat/rooms 200 in 2.5s (next.js: 7ms, application-code: 2.5s)
{"event":"tenh.request_usage","at":"2026-09-14T09:07:24.514Z","businessId":"f92ebb56-d907-499e-a84d-c09180b849b6","route":"/api/team-chat/rooms","databaseRequests":17,"databaseResponseBytes":4502,"storageResponseBytes":0,"uploadBytes":0}
 GET /api/workspaces 200 in 1757ms (next.js: 6ms, application-code: 1751ms)
{"event":"tenh.request_usage","at":"2026-09-14T09:07:25.876Z","businessId":"f92ebb56-d907-499e-a84d-c09180b849b6","route":"/api/workspaces","databaseRequests":12,"databaseResponseBytes":6300,"storageResponseBytes":0,"uploadBytes":0}
 GET /api/system-announcements/current 200 in 573ms (next.js: 12ms, application-code: 560ms)
 GET /api/team-notifications 200 in 989ms (next.js: 7ms, application-code: 982ms)
 GET /api/team-chat/rooms 200 in 1517ms (next.js: 5ms, application-code: 1512ms)
{"event":"tenh.request_usage","at":"2026-09-14T09:07:35.647Z","businessId":"f92ebb56-d907-499e-a84d-c09180b849b6","route":"/api/team-chat/rooms","databaseRequests":17,"databaseResponseBytes":4502,"storageResponseBytes":0,"uploadBytes":0}
 GET /api/extension/status 200 in 664ms (next.js: 4ms, application-code: 660ms)
 GET /api/extension/observations 200 in 439ms (next.js: 3ms, application-code: 436ms)
 GET /api/workspaces 200 in 1093ms (next.js: 4ms, application-code: 1089ms)
{"event":"tenh.request_usage","at":"2026-09-14T09:07:45.217Z","businessId":"f92ebb56-d907-499e-a84d-c09180b849b6","route":"/api/workspaces","databaseRequests":12,"databaseResponseBytes":6300,"storageResponseBytes":0,"uploadBytes":0}
 GET /api/invitations/pending 200 in 507ms (next.js: 24ms, application-code: 483ms)
 GET /api/facebook/connection-attention 200 in 597ms (next.js: 13ms, application-code: 583ms)
 GET /api/system-announcements/current 200 in 706ms (next.js: 20ms, application-code: 686ms)
 GET /api/team-notifications 200 in 1191ms (next.js: 13ms, application-code: 1178ms)
 GET /api/workspaces 200 in 1271ms (next.js: 6ms, application-code: 1265ms)
{"event":"tenh.request_usage","at":"2026-09-14T09:08:05.401Z","businessId":"f92ebb56-d907-499e-a84d-c09180b849b6","route":"/api/workspaces","databaseRequests":12,"databaseResponseBytes":6300,"storageResponseBytes":0,"uploadBytes":0}
 GET /api/team-chat/rooms 200 in 1798ms (next.js: 5ms, application-code: 1793ms)
{"event":"tenh.request_usage","at":"2026-09-14T09:08:05.914Z","businessId":"f92ebb56-d907-499e-a84d-c09180b849b6","route":"/api/team-chat/rooms","databaseRequests":17,"databaseResponseBytes":4502,"storageResponseBytes":0,"uploadBytes":0}
 GET /api/extension/status 200 in 643ms (next.js: 5ms, application-code: 639ms)
 GET /api/extension/observations 200 in 522ms (next.js: 3ms, application-code: 519ms)
 GET /api/extension/status 200 in 918ms (next.js: 5ms, application-code: 913ms)
 GET /api/extension/observations 200 in 443ms (next.js: 4ms, application-code: 439ms)
 GET /api/extension/status 200 in 1111ms (next.js: 14ms, application-code: 1097ms)
 GET /api/extension/observations 200 in 437ms (next.js: 3ms, application-code: 433ms)
 GET /api/invitations/pending 200 in 450ms (next.js: 18ms, application-code: 432ms)
 GET /api/system-announcements/current 200 in 634ms (next.js: 11ms, application-code: 623ms)
 GET /api/facebook/connection-attention 200 in 752ms (next.js: 26ms, application-code: 727ms)
 GET /api/team-notifications 200 in 980ms (next.js: 8ms, application-code: 972ms)
 GET /api/workspaces 200 in 1077ms (next.js: 4ms, application-code: 1073ms)
{"event":"tenh.request_usage","at":"2026-09-14T09:09:14.203Z","businessId":"f92ebb56-d907-499e-a84d-c09180b849b6","route":"/api/workspaces","databaseRequests":12,"databaseResponseBytes":6300,"storageResponseBytes":0,"uploadBytes":0}
 GET /api/team-chat/rooms 200 in 1669ms (next.js: 6ms, application-code: 1663ms)
{"event":"tenh.request_usage","at":"2026-09-14T09:09:14.805Z","businessId":"f92ebb56-d907-499e-a84d-c09180b849b6","route":"/api/team-chat/rooms","databaseRequests":17,"databaseResponseBytes":4502,"storageResponseBytes":0,"uploadBytes":0}
 GET /api/extension/status 200 in 686ms (next.js: 4ms, application-code: 682ms)
 GET /api/extension/observations 200 in 444ms (next.js: 4ms, application-code: 440ms)
 GET /api/extension/status 200 in 895ms (next.js: 4ms, application-code: 892ms)
 GET /api/extension/observations 200 in 492ms (next.js: 3ms, application-code: 489ms)
 GET /api/invitations/pending 200 in 519ms (next.js: 25ms, application-code: 494ms)
 GET /api/system-announcements/current 200 in 679ms (next.js: 18ms, application-code: 660ms)
 GET /api/facebook/connection-attention 200 in 669ms (next.js: 13ms, application-code: 656ms)
 GET /api/workspaces 200 in 1116ms (next.js: 5ms, application-code: 1111ms)
{"event":"tenh.request_usage","at":"2026-09-14T09:10:14.239Z","businessId":"f92ebb56-d907-499e-a84d-c09180b849b6","route":"/api/workspaces","databaseRequests":12,"databaseResponseBytes":6300,"storageResponseBytes":0,"uploadBytes":0}
 GET /api/team-notifications 200 in 1107ms (next.js: 11ms, application-code: 1096ms)
 GET /api/team-chat/rooms 200 in 1535ms (next.js: 6ms, application-code: 1529ms)
{"event":"tenh.request_usage","at":"2026-09-14T09:10:14.672Z","businessId":"f92ebb56-d907-499e-a84d-c09180b849b6","route":"/api/team-chat/rooms","databaseRequests":17,"databaseResponseBytes":4502,"storageResponseBytes":0,"uploadBytes":0}
 GET /api/invitations/pending 200 in 814ms (next.js: 8ms, application-code: 806ms)
 GET /api/system-announcements/current 200 in 965ms (next.js: 8ms, application-code: 958ms)
 GET /api/extension/status 200 in 1303ms (next.js: 16ms, application-code: 1286ms)
 GET /api/facebook/connection-attention 200 in 566ms (next.js: 3ms, application-code: 563ms)
 GET /api/team-notifications 200 in 1856ms (next.js: 7ms, application-code: 1849ms)
 GET /api/workspaces 200 in 1893ms (next.js: 5ms, application-code: 1888ms)
{"event":"tenh.request_usage","at":"2026-09-14T09:11:15.021Z","businessId":"f92ebb56-d907-499e-a84d-c09180b849b6","route":"/api/workspaces","databaseRequests":12,"databaseResponseBytes":6300,"storageResponseBytes":0,"uploadBytes":0}
 GET /api/extension/observations 200 in 615ms (next.js: 4ms, application-code: 612ms)
 GET /api/team-chat/rooms 200 in 2.4s (next.js: 7ms, application-code: 2.4s)
{"event":"tenh.request_usage","at":"2026-09-14T09:11:15.504Z","businessId":"f92ebb56-d907-499e-a84d-c09180b849b6","route":"/api/team-chat/rooms","databaseRequests":17,"databaseResponseBytes":4502,"storageResponseBytes":0,"uploadBytes":0}
 GET /api/invitations/pending 200 in 650ms (next.js: 5ms, application-code: 645ms)
 GET /api/system-announcements/current 200 in 804ms (next.js: 6ms, application-code: 798ms)
 GET /api/extension/status 200 in 873ms (next.js: 14ms, application-code: 859ms)
 GET /api/team-notifications 200 in 1259ms (next.js: 8ms, application-code: 1252ms)
 GET /api/facebook/connection-attention 200 in 710ms (next.js: 4ms, application-code: 706ms)
 GET /api/extension/observations 200 in 537ms (next.js: 5ms, application-code: 532ms)
 GET /api/workspaces 200 in 1462ms (next.js: 4ms, application-code: 1458ms)
{"event":"tenh.request_usage","at":"2026-09-14T09:12:14.588Z","businessId":"f92ebb56-d907-499e-a84d-c09180b849b6","route":"/api/workspaces","databaseRequests":12,"databaseResponseBytes":6300,"storageResponseBytes":0,"uploadBytes":0}
 GET /api/team-chat/rooms 200 in 1994ms (next.js: 7ms, application-code: 1987ms)
{"event":"tenh.request_usage","at":"2026-09-14T09:12:15.131Z","businessId":"f92ebb56-d907-499e-a84d-c09180b849b6","route":"/api/team-chat/rooms","databaseRequests":17,"databaseResponseBytes":4502,"storageResponseBytes":0,"uploadBytes":0}
 GET /api/invitations/pending 200 in 695ms (next.js: 31ms, application-code: 664ms)
 GET /api/system-announcements/current 200 in 1213ms (next.js: 14ms, application-code: 1199ms)
 GET /api/extension/status 200 in 1323ms (next.js: 22ms, application-code: 1301ms)
 GET /api/facebook/connection-attention 200 in 648ms (next.js: 6ms, application-code: 642ms)
 GET /api/workspaces 200 in 1545ms (next.js: 5ms, application-code: 1540ms)
{"event":"tenh.request_usage","at":"2026-09-14T09:13:14.675Z","businessId":"f92ebb56-d907-499e-a84d-c09180b849b6","route":"/api/workspaces","databaseRequests":12,"databaseResponseBytes":6300,"storageResponseBytes":0,"uploadBytes":0}
 GET /api/team-notifications 200 in 1581ms (next.js: 18ms, application-code: 1564ms)
 GET /api/extension/observations 200 in 462ms (next.js: 4ms, application-code: 458ms)
 GET /api/team-chat/rooms 200 in 2.0s (next.js: 7ms, application-code: 2.0s)
{"event":"tenh.request_usage","at":"2026-09-14T09:13:15.171Z","businessId":"f92ebb56-d907-499e-a84d-c09180b849b6","route":"/api/team-chat/rooms","databaseRequests":17,"databaseResponseBytes":4502,"storageResponseBytes":0,"uploadBytes":0}
 GET /api/facebook/connection-attention 200 in 556ms (next.js: 24ms, application-code: 531ms)
 GET /api/workspaces 200 in 1403ms (next.js: 16ms, application-code: 1387ms)
{"event":"tenh.request_usage","at":"2026-09-14T09:13:33.846Z","businessId":"f92ebb56-d907-499e-a84d-c09180b849b6","route":"/api/workspaces","databaseRequests":12,"databaseResponseBytes":6300,"storageResponseBytes":0,"uploadBytes":0}
 GET /api/workspaces 200 in 1423ms (next.js: 14ms, application-code: 1409ms)
{"event":"tenh.request_usage","at":"2026-09-14T09:13:33.888Z","businessId":"f92ebb56-d907-499e-a84d-c09180b849b6","route":"/api/workspaces","databaseRequests":12,"databaseResponseBytes":6300,"storageResponseBytes":0,"uploadBytes":0}
 GET /api/team-chat/rooms 200 in 1615ms (next.js: 7ms, application-code: 1607ms)
{"event":"tenh.request_usage","at":"2026-09-14T09:13:34.054Z","businessId":"f92ebb56-d907-499e-a84d-c09180b849b6","route":"/api/team-chat/rooms","databaseRequests":17,"databaseResponseBytes":4502,"storageResponseBytes":0,"uploadBytes":0}
 GET /api/system-announcements/current 200 in 569ms (next.js: 20ms, application-code: 549ms)
 GET /api/team-notifications 200 in 795ms (next.js: 12ms, application-code: 783ms)
 GET /api/team-chat/rooms 200 in 1419ms (next.js: 4ms, application-code: 1415ms)
{"event":"tenh.request_usage","at":"2026-09-14T09:13:35.268Z","businessId":"f92ebb56-d907-499e-a84d-c09180b849b6","route":"/api/team-chat/rooms","databaseRequests":17,"databaseResponseBytes":4502,"storageResponseBytes":0,"uploadBytes":0}
 GET /api/extension/status 200 in 724ms (next.js: 4ms, application-code: 720ms)
 GET /api/extension/observations 200 in 469ms (next.js: 3ms, application-code: 466ms)
 GET /api/workspaces 200 in 1737ms (next.js: 4ms, application-code: 1733ms)
{"event":"tenh.request_usage","at":"2026-09-14T09:13:45.587Z","businessId":"f92ebb56-d907-499e-a84d-c09180b849b6","route":"/api/workspaces","databaseRequests":12,"databaseResponseBytes":6300,"storageResponseBytes":0,"uploadBytes":0}
 GET /api/facebook/connection-attention 200 in 800ms (next.js: 16ms, application-code: 784ms)
 GET /api/workspaces 200 in 1737ms (next.js: 5ms, application-code: 1732ms)
{"event":"tenh.request_usage","at":"2026-09-14T09:13:50.555Z","businessId":"f92ebb56-d907-499e-a84d-c09180b849b6","route":"/api/workspaces","databaseRequests":12,"databaseResponseBytes":6300,"storageResponseBytes":0,"uploadBytes":0}
 GET /api/team-chat/rooms 200 in 2.3s (next.js: 7ms, application-code: 2.2s)
{"event":"tenh.request_usage","at":"2026-09-14T09:13:51.054Z","businessId":"f92ebb56-d907-499e-a84d-c09180b849b6","route":"/api/team-chat/rooms","databaseRequests":17,"databaseResponseBytes":4502,"storageResponseBytes":0,"uploadBytes":0}
 GET /api/invitations/pending 200 in 677ms (next.js: 20ms, application-code: 657ms)
 GET /api/system-announcements/current 200 in 870ms (next.js: 21ms, application-code: 848ms)
 GET /api/facebook/connection-attention 200 in 855ms (next.js: 27ms, application-code: 827ms)
 GET /api/team-notifications 200 in 1157ms (next.js: 11ms, application-code: 1146ms)
 GET /api/workspaces 200 in 1399ms (next.js: 4ms, application-code: 1395ms)
{"event":"tenh.request_usage","at":"2026-09-14T09:14:05.261Z","businessId":"f92ebb56-d907-499e-a84d-c09180b849b6","route":"/api/workspaces","databaseRequests":12,"databaseResponseBytes":6300,"storageResponseBytes":0,"uploadBytes":0}
 GET /api/team-chat/rooms 200 in 1788ms (next.js: 5ms, application-code: 1783ms)
{"event":"tenh.request_usage","at":"2026-09-14T09:14:05.637Z","businessId":"f92ebb56-d907-499e-a84d-c09180b849b6","route":"/api/team-chat/rooms","databaseRequests":17,"databaseResponseBytes":4502,"storageResponseBytes":0,"uploadBytes":0}
 GET /api/extension/status 200 in 717ms (next.js: 3ms, application-code: 713ms)
 GET /api/extension/observations 200 in 462ms (next.js: 4ms, application-code: 459ms)
 GET /api/workspaces 200 in 1072ms (next.js: 4ms, application-code: 1069ms)
{"event":"tenh.request_usage","at":"2026-09-14T09:14:24.917Z","businessId":"f92ebb56-d907-499e-a84d-c09180b849b6","route":"/api/workspaces","databaseRequests":12,"databaseResponseBytes":6300,"storageResponseBytes":0,"uploadBytes":0}
 GET /api/system-announcements/current 200 in 888ms (next.js: 13ms, application-code: 874ms)
 GET /api/team-notifications 200 in 1286ms (next.js: 4ms, application-code: 1282ms)
 GET /api/team-chat/rooms 200 in 1854ms (next.js: 5ms, application-code: 1849ms)
{"event":"tenh.request_usage","at":"2026-09-14T09:14:35.707Z","businessId":"f92ebb56-d907-499e-a84d-c09180b849b6","route":"/api/team-chat/rooms","databaseRequests":17,"databaseResponseBytes":4502,"storageResponseBytes":0,"uploadBytes":0}
 GET /api/extension/status 200 in 684ms (next.js: 3ms, application-code: 681ms)
 GET /api/extension/observations 200 in 435ms (next.js: 3ms, application-code: 433ms)
 GET /api/workspaces 200 in 1128ms (next.js: 4ms, application-code: 1125ms)
{"event":"tenh.request_usage","at":"2026-09-14T09:14:44.979Z","businessId":"f92ebb56-d907-499e-a84d-c09180b849b6","route":"/api/workspaces","databaseRequests":12,"databaseResponseBytes":6300,"storageResponseBytes":0,"uploadBytes":0}
 GET /api/facebook/connection-attention 200 in 599ms (next.js: 38ms, application-code: 561ms)
 GET /api/invitations/pending 200 in 652ms (next.js: 31ms, application-code: 621ms)
 GET /api/system-announcements/current 200 in 673ms (next.js: 20ms, application-code: 654ms)
 GET /api/team-notifications 200 in 1078ms (next.js: 11ms, application-code: 1067ms)
 GET /api/workspaces 200 in 1245ms (next.js: 4ms, application-code: 1241ms)
{"event":"tenh.request_usage","at":"2026-09-14T09:15:05.107Z","businessId":"f92ebb56-d907-499e-a84d-c09180b849b6","route":"/api/workspaces","databaseRequests":12,"databaseResponseBytes":6300,"storageResponseBytes":0,"uploadBytes":0}
 GET /api/team-chat/rooms 200 in 1742ms (next.js: 4ms, application-code: 1738ms)
{"event":"tenh.request_usage","at":"2026-09-14T09:15:05.588Z","businessId":"f92ebb56-d907-499e-a84d-c09180b849b6","route":"/api/team-chat/rooms","databaseRequests":17,"databaseResponseBytes":4502,"storageResponseBytes":0,"uploadBytes":0}
 GET /api/facebook/connection-attention 200 in 605ms (next.js: 14ms, application-code: 591ms)
 GET /api/workspaces 200 in 1121ms (next.js: 9ms, application-code: 1112ms)
{"event":"tenh.request_usage","at":"2026-09-14T09:15:07.428Z","businessId":"f92ebb56-d907-499e-a84d-c09180b849b6","route":"/api/workspaces","databaseRequests":12,"databaseResponseBytes":6300,"storageResponseBytes":0,"uploadBytes":0}
 GET /api/team-chat/rooms 200 in 1551ms (next.js: 12ms, application-code: 1538ms)
{"event":"tenh.request_usage","at":"2026-09-14T09:15:07.834Z","businessId":"f92ebb56-d907-499e-a84d-c09180b849b6","route":"/api/team-chat/rooms","databaseRequests":17,"databaseResponseBytes":4502,"storageResponseBytes":0,"uploadBytes":0}
 GET /api/extension/status 200 in 722ms (next.js: 3ms, application-code: 718ms)
 GET /api/extension/observations 200 in 465ms (next.js: 4ms, application-code: 461ms)
 GET /api/workspaces 200 in 1087ms (next.js: 3ms, application-code: 1084ms)
{"event":"tenh.request_usage","at":"2026-09-14T09:15:25.211Z","businessId":"f92ebb56-d907-499e-a84d-c09180b849b6","route":"/api/workspaces","databaseRequests":12,"databaseResponseBytes":6300,"storageResponseBytes":0,"uploadBytes":0}
 GET /api/system-announcements/current 200 in 580ms (next.js: 12ms, application-code: 568ms)
 GET /api/team-notifications 200 in 895ms (next.js: 6ms, application-code: 889ms)
 GET /api/team-chat/rooms 200 in 1534ms (next.js: 4ms, application-code: 1530ms)
{"event":"tenh.request_usage","at":"2026-09-14T09:15:35.665Z","businessId":"f92ebb56-d907-499e-a84d-c09180b849b6","route":"/api/team-chat/rooms","databaseRequests":17,"databaseResponseBytes":4502,"storageResponseBytes":0,"uploadBytes":0}
 GET /api/extension/status 200 in 732ms (next.js: 3ms, application-code: 728ms)
 GET /api/extension/observations 200 in 673ms (next.js: 3ms, application-code: 670ms)
 GET /api/workspaces 200 in 1115ms (next.js: 4ms, application-code: 1110ms)
{"event":"tenh.request_usage","at":"2026-09-14T09:15:45.246Z","businessId":"f92ebb56-d907-499e-a84d-c09180b849b6","route":"/api/workspaces","databaseRequests":12,"databaseResponseBytes":6300,"storageResponseBytes":0,"uploadBytes":0}
 GET /api/invitations/pending 200 in 486ms (next.js: 29ms, application-code: 457ms)
 GET /api/system-announcements/current 200 in 677ms (next.js: 18ms, application-code: 660ms)
 GET /api/facebook/connection-attention 200 in 636ms (next.js: 8ms, application-code: 628ms)
 GET /api/team-notifications 200 in 989ms (next.js: 7ms, application-code: 982ms)
 GET /api/workspaces 200 in 1299ms (next.js: 20ms, application-code: 1279ms)
{"event":"tenh.request_usage","at":"2026-09-14T09:16:05.430Z","businessId":"f92ebb56-d907-499e-a84d-c09180b849b6","route":"/api/workspaces","databaseRequests":12,"databaseResponseBytes":6300,"storageResponseBytes":0,"uploadBytes":0}
 GET /api/team-chat/rooms 200 in 1741ms (next.js: 5ms, application-code: 1735ms)
{"event":"tenh.request_usage","at":"2026-09-14T09:16:05.872Z","businessId":"f92ebb56-d907-499e-a84d-c09180b849b6","route":"/api/team-chat/rooms","databaseRequests":17,"databaseResponseBytes":4502,"storageResponseBytes":0,"uploadBytes":0}
 GET /api/extension/status 200 in 705ms (next.js: 6ms, application-code: 699ms)
 GET /api/extension/observations 200 in 483ms (next.js: 3ms, application-code: 480ms)
 GET /api/workspaces 200 in 1217ms (next.js: 6ms, application-code: 1211ms)
{"event":"tenh.request_usage","at":"2026-09-14T09:16:25.345Z","businessId":"f92ebb56-d907-499e-a84d-c09180b849b6","route":"/api/workspaces","databaseRequests":12,"databaseResponseBytes":6300,"storageResponseBytes":0,"uploadBytes":0}
 GET /api/system-announcements/current 200 in 648ms (next.js: 13ms, application-code: 635ms)
 GET /api/team-notifications 200 in 1045ms (next.js: 9ms, application-code: 1036ms)
 GET /api/team-chat/rooms 200 in 1637ms (next.js: 7ms, application-code: 1630ms)
{"event":"tenh.request_usage","at":"2026-09-14T09:16:35.764Z","businessId":"f92ebb56-d907-499e-a84d-c09180b849b6","route":"/api/team-chat/rooms","databaseRequests":17,"databaseResponseBytes":4502,"storageResponseBytes":0,"uploadBytes":0}
 GET /api/extension/status 200 in 783ms (next.js: 4ms, application-code: 779ms)
 GET /api/extension/observations 200 in 487ms (next.js: 3ms, application-code: 483ms)
 GET /api/workspaces 200 in 1143ms (next.js: 3ms, application-code: 1139ms)
{"event":"tenh.request_usage","at":"2026-09-14T09:16:45.272Z","businessId":"f92ebb56-d907-499e-a84d-c09180b849b6","route":"/api/workspaces","databaseRequests":12,"databaseResponseBytes":6300,"storageResponseBytes":0,"uploadBytes":0}
 GET /api/invitations/pending 200 in 916ms (next.js: 5ms, application-code: 910ms)
 GET /api/facebook/connection-attention 200 in 1033ms (next.js: 13ms, application-code: 1021ms)
 GET /api/system-announcements/current 200 in 1092ms (next.js: 5ms, application-code: 1086ms)
 GET /api/team-notifications 200 in 1533ms (next.js: 9ms, application-code: 1523ms)
 GET /api/team-chat/rooms 200 in 2.1s (next.js: 5ms, application-code: 2.1s)
{"event":"tenh.request_usage","at":"2026-09-14T09:17:06.246Z","businessId":"f92ebb56-d907-499e-a84d-c09180b849b6","route":"/api/team-chat/rooms","databaseRequests":17,"databaseResponseBytes":4502,"storageResponseBytes":0,"uploadBytes":0}
 GET /api/workspaces 200 in 2.2s (next.js: 6ms, application-code: 2.2s)
{"event":"tenh.request_usage","at":"2026-09-14T09:17:06.378Z","businessId":"f92ebb56-d907-499e-a84d-c09180b849b6","route":"/api/workspaces","databaseRequests":12,"databaseResponseBytes":6300,"storageResponseBytes":0,"uploadBytes":0}
 GET /api/extension/status 200 in 735ms (next.js: 3ms, application-code: 731ms)
 GET /api/extension/observations 200 in 458ms (next.js: 3ms, application-code: 455ms)
 GET /api/invitations/pending 200 in 876ms (next.js: 30ms, application-code: 846ms)
 GET /api/system-announcements/current 200 in 1066ms (next.js: 14ms, application-code: 1052ms)
 GET /api/extension/status 200 in 1210ms (next.js: 22ms, application-code: 1189ms)
 GET /api/facebook/connection-attention 200 in 515ms (next.js: 4ms, application-code: 511ms)
 GET /api/team-notifications 200 in 1500ms (next.js: 6ms, application-code: 1493ms)
 GET /api/extension/observations 200 in 611ms (next.js: 5ms, application-code: 606ms)
 GET /api/workspaces 200 in 1872ms (next.js: 4ms, application-code: 1868ms)
{"event":"tenh.request_usage","at":"2026-09-14T09:18:12.000Z","businessId":"f92ebb56-d907-499e-a84d-c09180b849b6","route":"/api/workspaces","databaseRequests":12,"databaseResponseBytes":6300,"storageResponseBytes":0,"uploadBytes":0}
 GET /api/facebook/connection-attention 200 in 581ms (next.js: 3ms, application-code: 578ms)
 GET /api/team-chat/rooms 200 in 2.3s (next.js: 8ms, application-code: 2.3s)
{"event":"tenh.request_usage","at":"2026-09-14T09:18:12.419Z","businessId":"f92ebb56-d907-499e-a84d-c09180b849b6","route":"/api/team-chat/rooms","databaseRequests":17,"databaseResponseBytes":4502,"storageResponseBytes":0,"uploadBytes":0}
 GET /api/workspaces 200 in 1207ms (next.js: 17ms, application-code: 1190ms)
{"event":"tenh.request_usage","at":"2026-09-14T09:18:12.814Z","businessId":"f92ebb56-d907-499e-a84d-c09180b849b6","route":"/api/workspaces","databaseRequests":12,"databaseResponseBytes":6300,"storageResponseBytes":0,"uploadBytes":0}
 GET /api/team-chat/rooms 200 in 1597ms (next.js: 6ms, application-code: 1592ms)
{"event":"tenh.request_usage","at":"2026-09-14T09:18:13.204Z","businessId":"f92ebb56-d907-499e-a84d-c09180b849b6","route":"/api/team-chat/rooms","databaseRequests":17,"databaseResponseBytes":4502,"storageResponseBytes":0,"uploadBytes":0}
 GET /api/workspaces 200 in 1074ms (next.js: 4ms, application-code: 1071ms)
{"event":"tenh.request_usage","at":"2026-09-14T09:18:24.925Z","businessId":"f92ebb56-d907-499e-a84d-c09180b849b6","route":"/api/workspaces","databaseRequests":12,"databaseResponseBytes":6300,"storageResponseBytes":0,"uploadBytes":0}
 GET /api/system-announcements/current 200 in 689ms (next.js: 16ms, application-code: 673ms)
 GET /api/team-notifications 200 in 975ms (next.js: 8ms, application-code: 967ms)
 GET /api/team-chat/rooms 200 in 1706ms (next.js: 4ms, application-code: 1701ms)
{"event":"tenh.request_usage","at":"2026-09-14T09:18:35.561Z","businessId":"f92ebb56-d907-499e-a84d-c09180b849b6","route":"/api/team-chat/rooms","databaseRequests":17,"databaseResponseBytes":4502,"storageResponseBytes":0,"uploadBytes":0}
 GET /api/extension/status 200 in 760ms (next.js: 7ms, application-code: 753ms)
 GET /api/extension/observations 200 in 430ms (next.js: 3ms, application-code: 427ms)
 GET /api/facebook/connection-attention 200 in 574ms (next.js: 20ms, application-code: 554ms)
 GET /api/workspaces 200 in 1108ms (next.js: 6ms, application-code: 1101ms)
{"event":"tenh.request_usage","at":"2026-09-14T09:18:40.175Z","businessId":"f92ebb56-d907-499e-a84d-c09180b849b6","route":"/api/workspaces","databaseRequests":12,"databaseResponseBytes":6300,"storageResponseBytes":0,"uploadBytes":0}
 GET /api/team-chat/rooms 200 in 1471ms (next.js: 8ms, application-code: 1462ms)
{"event":"tenh.request_usage","at":"2026-09-14T09:18:40.519Z","businessId":"f92ebb56-d907-499e-a84d-c09180b849b6","route":"/api/team-chat/rooms","databaseRequests":17,"databaseResponseBytes":4502,"storageResponseBytes":0,"uploadBytes":0}
 GET /api/workspaces 200 in 1077ms (next.js: 3ms, application-code: 1074ms)
{"event":"tenh.request_usage","at":"2026-09-14T09:18:44.933Z","businessId":"f92ebb56-d907-499e-a84d-c09180b849b6","route":"/api/workspaces","databaseRequests":12,"databaseResponseBytes":6300,"storageResponseBytes":0,"uploadBytes":0}
 GET /api/facebook/connection-attention 200 in 614ms (next.js: 14ms, application-code: 599ms)
 GET /api/workspaces 200 in 1175ms (next.js: 4ms, application-code: 1171ms)
{"event":"tenh.request_usage","at":"2026-09-14T09:18:58.115Z","businessId":"f92ebb56-d907-499e-a84d-c09180b849b6","route":"/api/workspaces","databaseRequests":12,"databaseResponseBytes":6300,"storageResponseBytes":0,"uploadBytes":0}
 GET /api/team-chat/rooms 200 in 1517ms (next.js: 7ms, application-code: 1510ms)
{"event":"tenh.request_usage","at":"2026-09-14T09:18:58.433Z","businessId":"f92ebb56-d907-499e-a84d-c09180b849b6","route":"/api/team-chat/rooms","databaseRequests":17,"databaseResponseBytes":4502,"storageResponseBytes":0,"uploadBytes":0}
 GET /api/facebook/connection-attention 200 in 600ms (next.js: 44ms, application-code: 556ms)
 GET /api/workspaces 200 in 1131ms (next.js: 20ms, application-code: 1111ms)
{"event":"tenh.request_usage","at":"2026-09-14T09:19:02.036Z","businessId":"f92ebb56-d907-499e-a84d-c09180b849b6","route":"/api/workspaces","databaseRequests":12,"databaseResponseBytes":6300,"storageResponseBytes":0,"uploadBytes":0}
 GET /api/team-chat/rooms 200 in 1483ms (next.js: 8ms, application-code: 1475ms)
{"event":"tenh.request_usage","at":"2026-09-14T09:19:02.390Z","businessId":"f92ebb56-d907-499e-a84d-c09180b849b6","route":"/api/team-chat/rooms","databaseRequests":17,"databaseResponseBytes":4502,"storageResponseBytes":0,"uploadBytes":0}
 GET /api/invitations/pending 200 in 443ms (next.js: 29ms, application-code: 415ms)
 GET /api/facebook/connection-attention 200 in 475ms (next.js: 6ms, application-code: 469ms)
 GET /api/system-announcements/current 200 in 598ms (next.js: 22ms, application-code: 576ms)
 GET /api/team-notifications 200 in 996ms (next.js: 14ms, application-code: 981ms)
 GET /api/workspaces 200 in 1055ms (next.js: 13ms, application-code: 1042ms)
{"event":"tenh.request_usage","at":"2026-09-14T09:19:04.912Z","businessId":"f92ebb56-d907-499e-a84d-c09180b849b6","route":"/api/workspaces","databaseRequests":12,"databaseResponseBytes":6300,"storageResponseBytes":0,"uploadBytes":0}
 GET /api/team-chat/rooms 200 in 1596ms (next.js: 4ms, application-code: 1592ms)
{"event":"tenh.request_usage","at":"2026-09-14T09:19:05.442Z","businessId":"f92ebb56-d907-499e-a84d-c09180b849b6","route":"/api/team-chat/rooms","databaseRequests":17,"databaseResponseBytes":4502,"storageResponseBytes":0,"uploadBytes":0}
 GET /api/extension/status 200 in 664ms (next.js: 3ms, application-code: 661ms)
 GET /api/extension/observations 200 in 432ms (next.js: 4ms, application-code: 428ms)
 GET /api/facebook/connection-attention 200 in 587ms (next.js: 34ms, application-code: 553ms)
 GET /api/workspaces 200 in 1232ms (next.js: 21ms, application-code: 1210ms)
{"event":"tenh.request_usage","at":"2026-09-14T09:19:10.448Z","businessId":"f92ebb56-d907-499e-a84d-c09180b849b6","route":"/api/workspaces","databaseRequests":12,"databaseResponseBytes":6300,"storageResponseBytes":0,"uploadBytes":0}
 GET /api/team-chat/rooms 200 in 1600ms (next.js: 6ms, application-code: 1595ms)
{"event":"tenh.request_usage","at":"2026-09-14T09:19:10.814Z","businessId":"f92ebb56-d907-499e-a84d-c09180b849b6","route":"/api/team-chat/rooms","databaseRequests":17,"databaseResponseBytes":4502,"storageResponseBytes":0,"uploadBytes":0}
 GET /api/facebook/connection-attention 200 in 584ms (next.js: 28ms, application-code: 556ms)
 GET /api/workspaces 200 in 1164ms (next.js: 10ms, application-code: 1155ms)
{"event":"tenh.request_usage","at":"2026-09-14T09:19:19.175Z","businessId":"f92ebb56-d907-499e-a84d-c09180b849b6","route":"/api/workspaces","databaseRequests":12,"databaseResponseBytes":6300,"storageResponseBytes":0,"uploadBytes":0}
 GET /api/team-chat/rooms 200 in 1515ms (next.js: 7ms, application-code: 1508ms)
{"event":"tenh.request_usage","at":"2026-09-14T09:19:19.509Z","businessId":"f92ebb56-d907-499e-a84d-c09180b849b6","route":"/api/team-chat/rooms","databaseRequests":17,"databaseResponseBytes":4502,"storageResponseBytes":0,"uploadBytes":0}
 GET /api/workspaces 200 in 1153ms (next.js: 4ms, application-code: 1149ms)
{"event":"tenh.request_usage","at":"2026-09-14T09:19:24.995Z","businessId":"f92ebb56-d907-499e-a84d-c09180b849b6","route":"/api/workspaces","databaseRequests":12,"databaseResponseBytes":6300,"storageResponseBytes":0,"uploadBytes":0}
 GET /api/system-announcements/current 200 in 588ms (next.js: 14ms, application-code: 573ms)
 GET /api/team-notifications 200 in 986ms (next.js: 6ms, application-code: 980ms)
 GET /api/team-chat/rooms 200 in 1636ms (next.js: 4ms, application-code: 1632ms)
{"event":"tenh.request_usage","at":"2026-09-14T09:19:35.480Z","businessId":"f92ebb56-d907-499e-a84d-c09180b849b6","route":"/api/team-chat/rooms","databaseRequests":17,"databaseResponseBytes":4502,"storageResponseBytes":0,"uploadBytes":0}
 GET /api/extension/status 200 in 756ms (next.js: 4ms, application-code: 752ms)
 GET /api/extension/observations 200 in 483ms (next.js: 4ms, application-code: 480ms)
 GET /api/workspaces 200 in 1108ms (next.js: 3ms, application-code: 1105ms)
{"event":"tenh.request_usage","at":"2026-09-14T09:19:44.967Z","businessId":"f92ebb56-d907-499e-a84d-c09180b849b6","route":"/api/workspaces","databaseRequests":12,"databaseResponseBytes":6300,"storageResponseBytes":0,"uploadBytes":0}
 GET /api/invitations/pending 200 in 458ms (next.js: 22ms, application-code: 436ms)
 GET /api/system-announcements/current 200 in 636ms (next.js: 14ms, application-code: 622ms)
 GET /api/facebook/connection-attention 200 in 640ms (next.js: 34ms, application-code: 606ms)
 GET /api/team-notifications 200 in 898ms (next.js: 4ms, application-code: 894ms)
 GET /api/workspaces 200 in 1109ms (next.js: 6ms, application-code: 1103ms)
{"event":"tenh.request_usage","at":"2026-09-14T09:20:04.968Z","businessId":"f92ebb56-d907-499e-a84d-c09180b849b6","route":"/api/workspaces","databaseRequests":12,"databaseResponseBytes":6300,"storageResponseBytes":0,"uploadBytes":0}
 GET /api/team-chat/rooms 200 in 1490ms (next.js: 4ms, application-code: 1486ms)
{"event":"tenh.request_usage","at":"2026-09-14T09:20:05.338Z","businessId":"f92ebb56-d907-499e-a84d-c09180b849b6","route":"/api/team-chat/rooms","databaseRequests":17,"databaseResponseBytes":4502,"storageResponseBytes":0,"uploadBytes":0}
 GET /api/extension/status 200 in 684ms (next.js: 3ms, application-code: 681ms)
 GET /api/extension/observations 200 in 412ms (next.js: 4ms, application-code: 408ms)
 GET /api/workspaces 200 in 1110ms (next.js: 4ms, application-code: 1106ms)
{"event":"tenh.request_usage","at":"2026-09-14T09:20:24.965Z","businessId":"f92ebb56-d907-499e-a84d-c09180b849b6","route":"/api/workspaces","databaseRequests":12,"databaseResponseBytes":6300,"storageResponseBytes":0,"uploadBytes":0}
 GET /api/system-announcements/current 200 in 572ms (next.js: 11ms, application-code: 561ms)
 GET /api/team-notifications 200 in 982ms (next.js: 4ms, application-code: 978ms)
 GET /api/team-chat/rooms 200 in 1598ms (next.js: 4ms, application-code: 1595ms)
{"event":"tenh.request_usage","at":"2026-09-14T09:20:35.441Z","businessId":"f92ebb56-d907-499e-a84d-c09180b849b6","route":"/api/team-chat/rooms","databaseRequests":17,"databaseResponseBytes":4502,"storageResponseBytes":0,"uploadBytes":0}
 GET /api/extension/status 200 in 705ms (next.js: 3ms, application-code: 702ms)
 GET /api/extension/observations 200 in 443ms (next.js: 3ms, application-code: 440ms)
 GET /api/workspaces 200 in 1094ms (next.js: 3ms, application-code: 1091ms)
{"event":"tenh.request_usage","at":"2026-09-14T09:20:44.938Z","businessId":"f92ebb56-d907-499e-a84d-c09180b849b6","route":"/api/workspaces","databaseRequests":12,"databaseResponseBytes":6300,"storageResponseBytes":0,"uploadBytes":0}
 GET /api/facebook/connection-attention 200 in 607ms (next.js: 27ms, application-code: 579ms)
 GET /api/workspaces 200 in 1193ms (next.js: 18ms, application-code: 1175ms)
{"event":"tenh.request_usage","at":"2026-09-14T09:20:51.735Z","businessId":"f92ebb56-d907-499e-a84d-c09180b849b6","route":"/api/workspaces","databaseRequests":12,"databaseResponseBytes":6300,"storageResponseBytes":0,"uploadBytes":0}
 GET /api/team-chat/rooms 200 in 1580ms (next.js: 8ms, application-code: 1572ms)
{"event":"tenh.request_usage","at":"2026-09-14T09:20:52.103Z","businessId":"f92ebb56-d907-499e-a84d-c09180b849b6","route":"/api/team-chat/rooms","databaseRequests":17,"databaseResponseBytes":4502,"storageResponseBytes":0,"uploadBytes":0}
 GET /api/invitations/pending 200 in 491ms (next.js: 29ms, application-code: 462ms)
 GET /api/system-announcements/current 200 in 649ms (next.js: 19ms, application-code: 631ms)
 GET /api/facebook/connection-attention 200 in 622ms (next.js: 23ms, application-code: 599ms)
 GET /api/team-notifications 200 in 971ms (next.js: 49ms, application-code: 922ms)
 GET /api/workspaces 200 in 1234ms (next.js: 7ms, application-code: 1228ms)
{"event":"tenh.request_usage","at":"2026-09-14T09:21:05.380Z","businessId":"f92ebb56-d907-499e-a84d-c09180b849b6","route":"/api/workspaces","databaseRequests":12,"databaseResponseBytes":6300,"storageResponseBytes":0,"uploadBytes":0}
 GET /api/team-chat/rooms 200 in 1609ms (next.js: 6ms, application-code: 1603ms)
{"event":"tenh.request_usage","at":"2026-09-14T09:21:05.736Z","businessId":"f92ebb56-d907-499e-a84d-c09180b849b6","route":"/api/team-chat/rooms","databaseRequests":17,"databaseResponseBytes":4502,"storageResponseBytes":0,"uploadBytes":0}
 GET /api/extension/status 200 in 696ms (next.js: 6ms, application-code: 690ms)
 GET /api/extension/observations 200 in 449ms (next.js: 5ms, application-code: 444ms)
 GET /api/workspaces 200 in 1082ms (next.js: 4ms, application-code: 1078ms)
{"event":"tenh.request_usage","at":"2026-09-14T09:21:25.208Z","businessId":"f92ebb56-d907-499e-a84d-c09180b849b6","route":"/api/workspaces","databaseRequests":12,"databaseResponseBytes":6300,"storageResponseBytes":0,"uploadBytes":0}
 GET /api/system-announcements/current 200 in 564ms (next.js: 17ms, application-code: 547ms)
 GET /api/team-notifications 200 in 908ms (next.js: 9ms, application-code: 899ms)
 GET /api/team-chat/rooms 200 in 1567ms (next.js: 5ms, application-code: 1562ms)
{"event":"tenh.request_usage","at":"2026-09-14T09:21:35.698Z","businessId":"f92ebb56-d907-499e-a84d-c09180b849b6","route":"/api/team-chat/rooms","databaseRequests":17,"databaseResponseBytes":4502,"storageResponseBytes":0,"uploadBytes":0}
 GET /api/extension/status 200 in 1106ms (next.js: 6ms, application-code: 1100ms)
 GET /api/extension/observations 200 in 498ms (next.js: 4ms, application-code: 494ms)
 GET /api/workspaces 200 in 1149ms (next.js: 5ms, application-code: 1144ms)
{"event":"tenh.request_usage","at":"2026-09-14T09:21:45.277Z","businessId":"f92ebb56-d907-499e-a84d-c09180b849b6","route":"/api/workspaces","databaseRequests":12,"databaseResponseBytes":6300,"storageResponseBytes":0,"uploadBytes":0}
 GET /api/invitations/pending 200 in 479ms (next.js: 44ms, application-code: 435ms)
 GET /api/system-announcements/current 200 in 694ms (next.js: 18ms, application-code: 677ms)
 GET /api/facebook/connection-attention 200 in 721ms (next.js: 29ms, application-code: 692ms)
 GET /api/team-notifications 200 in 1048ms (next.js: 7ms, application-code: 1042ms)
 GET /api/extension/status 200 in 749ms (next.js: 4ms, application-code: 744ms)
 GET /api/workspaces 200 in 1288ms (next.js: 8ms, application-code: 1280ms)
{"event":"tenh.request_usage","at":"2026-09-14T09:22:14.429Z","businessId":"f92ebb56-d907-499e-a84d-c09180b849b6","route":"/api/workspaces","databaseRequests":12,"databaseResponseBytes":6300,"storageResponseBytes":0,"uploadBytes":0}
 GET /api/team-chat/rooms 200 in 1657ms (next.js: 6ms, application-code: 1651ms)
{"event":"tenh.request_usage","at":"2026-09-14T09:22:14.788Z","businessId":"f92ebb56-d907-499e-a84d-c09180b849b6","route":"/api/team-chat/rooms","databaseRequests":17,"databaseResponseBytes":4502,"storageResponseBytes":0,"uploadBytes":0}
 GET /api/extension/observations 200 in 450ms (next.js: 5ms, application-code: 445ms)
✓ Compiled in 634ms
 GET /dashboard/integrations 200 in 1244ms (next.js: 13ms, proxy.ts: 925ms, application-code: 306ms)
 GET /dashboard/integrations 200 in 673ms (next.js: 25ms, proxy.ts: 273ms, application-code: 374ms)
 GET /dashboard/integrations 200 in 3.0s (next.js: 235ms, proxy.ts: 442ms, application-code: 2.3s)
 GET /api/invitations/pending 200 in 675ms (next.js: 171ms, application-code: 505ms)
 GET /api/system-announcements/current 200 in 754ms (next.js: 110ms, application-code: 644ms)
 GET /api/facebook/connection-attention 200 in 795ms (next.js: 230ms, application-code: 564ms)
 POST /api/team/permissions 200 in 378ms (next.js: 40ms, application-code: 338ms)
 GET /api/team-notifications 200 in 1249ms (next.js: 50ms, application-code: 1200ms)
 GET /api/workspaces 200 in 1570ms (next.js: 232ms, application-code: 1339ms)
{"event":"tenh.request_usage","at":"2026-09-14T09:22:40.870Z","businessId":"f92ebb56-d907-499e-a84d-c09180b849b6","route":"/api/workspaces","databaseRequests":12,"databaseResponseBytes":6300,"storageResponseBytes":0,"uploadBytes":0}
 GET /api/team-chat/rooms 200 in 2.0s (next.js: 143ms, application-code: 1861ms)
{"event":"tenh.request_usage","at":"2026-09-14T09:22:41.299Z","businessId":"f92ebb56-d907-499e-a84d-c09180b849b6","route":"/api/team-chat/rooms","databaseRequests":17,"databaseResponseBytes":4502,"storageResponseBytes":0,"uploadBytes":0}
 GET /api/extension/status 200 in 804ms (next.js: 54ms, application-code: 751ms)
 GET /api/subscription/usage-management 200 in 1074ms (next.js: 35ms, application-code: 1039ms)
 GET /api/extension/observations 200 in 494ms (next.js: 45ms, application-code: 449ms)
 GET /api/workspaces 200 in 1300ms (next.js: 5ms, application-code: 1294ms)
{"event":"tenh.request_usage","at":"2026-09-14T09:23:01.425Z","businessId":"f92ebb56-d907-499e-a84d-c09180b849b6","route":"/api/workspaces","databaseRequests":12,"databaseResponseBytes":6300,"storageResponseBytes":0,"uploadBytes":0}
 GET /api/system-announcements/current 200 in 647ms (next.js: 6ms, application-code: 641ms)
 GET /api/team-notifications 200 in 951ms (next.js: 7ms, application-code: 944ms)
 GET /api/team-chat/rooms 200 in 1603ms (next.js: 5ms, application-code: 1598ms)
{"event":"tenh.request_usage","at":"2026-09-14T09:23:11.725Z","businessId":"f92ebb56-d907-499e-a84d-c09180b849b6","route":"/api/team-chat/rooms","databaseRequests":17,"databaseResponseBytes":4502,"storageResponseBytes":0,"uploadBytes":0}
 GET /api/extension/status 200 in 781ms (next.js: 6ms, application-code: 775ms)
 GET /api/extension/observations 200 in 483ms (next.js: 5ms, application-code: 477ms)
 GET /api/workspaces 200 in 1220ms (next.js: 6ms, application-code: 1214ms)
{"event":"tenh.request_usage","at":"2026-09-14T09:23:21.346Z","businessId":"f92ebb56-d907-499e-a84d-c09180b849b6","route":"/api/workspaces","databaseRequests":12,"databaseResponseBytes":6300,"storageResponseBytes":0,"uploadBytes":0}
 GET /api/invitations/pending 200 in 495ms (next.js: 30ms, application-code: 465ms)
 GET /api/system-announcements/current 200 in 637ms (next.js: 31ms, application-code: 605ms)
 GET /api/facebook/connection-attention 200 in 640ms (next.js: 40ms, application-code: 600ms)
 GET /api/team-notifications 200 in 940ms (next.js: 22ms, application-code: 919ms)
 GET /api/workspaces 200 in 1195ms (next.js: 26ms, application-code: 1169ms)
{"event":"tenh.request_usage","at":"2026-09-14T09:23:41.327Z","businessId":"f92ebb56-d907-499e-a84d-c09180b849b6","route":"/api/workspaces","databaseRequests":12,"databaseResponseBytes":6300,"storageResponseBytes":0,"uploadBytes":0}
 GET /api/team-chat/rooms 200 in 1530ms (next.js: 7ms, application-code: 1522ms)
{"event":"tenh.request_usage","at":"2026-09-14T09:23:41.661Z","businessId":"f92ebb56-d907-499e-a84d-c09180b849b6","route":"/api/team-chat/rooms","databaseRequests":17,"databaseResponseBytes":4502,"storageResponseBytes":0,"uploadBytes":0}
 GET /api/extension/status 200 in 854ms (next.js: 7ms, application-code: 847ms)
 GET /api/extension/observations 200 in 526ms (next.js: 7ms, application-code: 519ms)
 GET /api/workspaces 200 in 1236ms (next.js: 5ms, application-code: 1231ms)
{"event":"tenh.request_usage","at":"2026-09-14T09:24:01.359Z","businessId":"f92ebb56-d907-499e-a84d-c09180b849b6","route":"/api/workspaces","databaseRequests":12,"databaseResponseBytes":6300,"storageResponseBytes":0,"uploadBytes":0}
 GET /api/system-announcements/current 200 in 650ms (next.js: 24ms, application-code: 626ms)
 GET /api/team-notifications 200 in 1004ms (next.js: 9ms, application-code: 995ms)
 GET /api/team-chat/rooms 200 in 1666ms (next.js: 7ms, application-code: 1659ms)
{"event":"tenh.request_usage","at":"2026-09-14T09:24:11.788Z","businessId":"f92ebb56-d907-499e-a84d-c09180b849b6","route":"/api/team-chat/rooms","databaseRequests":17,"databaseResponseBytes":4502,"storageResponseBytes":0,"uploadBytes":0}
 GET /api/extension/status 200 in 1000ms (next.js: 6ms, application-code: 994ms)
 GET /api/extension/observations 200 in 439ms (next.js: 6ms, application-code: 434ms)
 GET /api/workspaces 200 in 1141ms (next.js: 5ms, application-code: 1137ms)
{"event":"tenh.request_usage","at":"2026-09-14T09:24:21.266Z","businessId":"f92ebb56-d907-499e-a84d-c09180b849b6","route":"/api/workspaces","databaseRequests":12,"databaseResponseBytes":6300,"storageResponseBytes":0,"uploadBytes":0}
 GET /api/invitations/pending 200 in 770ms (next.js: 18ms, application-code: 752ms)
 GET /api/system-announcements/current 200 in 848ms (next.js: 9ms, application-code: 839ms)
 GET /api/facebook/connection-attention 200 in 924ms (next.js: 26ms, application-code: 897ms)
 GET /api/team-notifications 200 in 1478ms (next.js: 8ms, application-code: 1470ms)
 GET /api/workspaces 200 in 1749ms (next.js: 18ms, application-code: 1732ms)
{"event":"tenh.request_usage","at":"2026-09-14T09:24:41.881Z","businessId":"f92ebb56-d907-499e-a84d-c09180b849b6","route":"/api/workspaces","databaseRequests":12,"databaseResponseBytes":6300,"storageResponseBytes":0,"uploadBytes":0}
 GET /api/team-chat/rooms 200 in 2.1s (next.js: 6ms, application-code: 2.1s)
{"event":"tenh.request_usage","at":"2026-09-14T09:24:42.246Z","businessId":"f92ebb56-d907-499e-a84d-c09180b849b6","route":"/api/team-chat/rooms","databaseRequests":17,"databaseResponseBytes":4502,"storageResponseBytes":0,"uploadBytes":0}
 GET /api/extension/status 200 in 1135ms (next.js: 4ms, application-code: 1131ms)
 GET /api/extension/observations 200 in 519ms (next.js: 4ms, application-code: 515ms)
 GET /api/system-announcements/current 200 in 650ms (next.js: 14ms, application-code: 636ms)
 GET /api/team-notifications 200 in 1055ms (next.js: 6ms, application-code: 1049ms)
 GET /api/team-chat/rooms 200 in 1606ms (next.js: 5ms, application-code: 1601ms)
{"event":"tenh.request_usage","at":"2026-09-14T09:25:11.737Z","businessId":"f92ebb56-d907-499e-a84d-c09180b849b6","route":"/api/team-chat/rooms","databaseRequests":17,"databaseResponseBytes":4502,"storageResponseBytes":0,"uploadBytes":0}
 GET /api/extension/status 200 in 954ms (next.js: 4ms, application-code: 951ms)
 GET /api/extension/observations 200 in 497ms (next.js: 4ms, application-code: 493ms)
 GET /api/workspaces 200 in 1191ms (next.js: 4ms, application-code: 1188ms)
{"event":"tenh.request_usage","at":"2026-09-14T09:25:14.319Z","businessId":"f92ebb56-d907-499e-a84d-c09180b849b6","route":"/api/workspaces","databaseRequests":12,"databaseResponseBytes":6300,"storageResponseBytes":0,"uploadBytes":0}
 GET /api/invitations/pending 200 in 481ms (next.js: 15ms, application-code: 466ms)
 GET /api/facebook/connection-attention 200 in 620ms (next.js: 15ms, application-code: 605ms)
 GET /api/system-announcements/current 200 in 650ms (next.js: 15ms, application-code: 634ms)
 GET /api/team-notifications 200 in 931ms (next.js: 5ms, application-code: 926ms)
 GET /api/team-chat/rooms 200 in 1520ms (next.js: 5ms, application-code: 1515ms)
{"event":"tenh.request_usage","at":"2026-09-14T09:25:41.645Z","businessId":"f92ebb56-d907-499e-a84d-c09180b849b6","route":"/api/team-chat/rooms","databaseRequests":17,"databaseResponseBytes":4502,"storageResponseBytes":0,"uploadBytes":0}
 GET /api/extension/status 200 in 825ms (next.js: 5ms, application-code: 820ms)
 GET /api/extension/observations 200 in 486ms (next.js: 4ms, application-code: 482ms)
 GET /api/system-announcements/current 200 in 761ms (next.js: 6ms, application-code: 755ms)
 GET /api/extension/status 200 in 1052ms (next.js: 15ms, application-code: 1037ms)
 GET /api/team-notifications 200 in 1286ms (next.js: 7ms, application-code: 1279ms)
 GET /api/workspaces 200 in 1314ms (next.js: 4ms, application-code: 1310ms)
{"event":"tenh.request_usage","at":"2026-09-14T09:26:14.430Z","businessId":"f92ebb56-d907-499e-a84d-c09180b849b6","route":"/api/workspaces","databaseRequests":12,"databaseResponseBytes":6300,"storageResponseBytes":0,"uploadBytes":0}
 GET /api/team-chat/rooms 200 in 1769ms (next.js: 7ms, application-code: 1762ms)
{"event":"tenh.request_usage","at":"2026-09-14T09:26:14.895Z","businessId":"f92ebb56-d907-499e-a84d-c09180b849b6","route":"/api/team-chat/rooms","databaseRequests":17,"databaseResponseBytes":4502,"storageResponseBytes":0,"uploadBytes":0}
 GET /api/extension/observations 200 in 877ms (next.js: 4ms, application-code: 874ms)
 GET /api/invitations/pending 200 in 1086ms (next.js: 4ms, application-code: 1082ms)
 GET /api/facebook/connection-attention 200 in 1375ms (next.js: 12ms, application-code: 1363ms)
 GET /api/system-announcements/current 200 in 664ms (next.js: 16ms, application-code: 648ms)
 GET /api/extension/status 200 in 940ms (next.js: 24ms, application-code: 916ms)
 GET /api/team-notifications 200 in 1430ms (next.js: 15ms, application-code: 1416ms)
 GET /api/workspaces 200 in 1498ms (next.js: 5ms, application-code: 1494ms)
{"event":"tenh.request_usage","at":"2026-09-14T09:27:14.627Z","businessId":"f92ebb56-d907-499e-a84d-c09180b849b6","route":"/api/workspaces","databaseRequests":12,"databaseResponseBytes":6300,"storageResponseBytes":0,"uploadBytes":0}
 GET /api/extension/observations 200 in 715ms (next.js: 4ms, application-code: 711ms)
 GET /api/team-chat/rooms 200 in 1927ms (next.js: 5ms, application-code: 1922ms)
{"event":"tenh.request_usage","at":"2026-09-14T09:27:15.071Z","businessId":"f92ebb56-d907-499e-a84d-c09180b849b6","route":"/api/team-chat/rooms","databaseRequests":17,"databaseResponseBytes":4502,"storageResponseBytes":0,"uploadBytes":0}
 GET /api/invitations/pending 200 in 478ms (next.js: 4ms, application-code: 474ms)
 GET /api/facebook/connection-attention 200 in 553ms (next.js: 3ms, application-code: 549ms)
 GET /api/system-announcements/current 200 in 988ms (next.js: 15ms, application-code: 973ms)
 GET /api/extension/status 200 in 1201ms (next.js: 23ms, application-code: 1177ms)
 GET /api/team-notifications 200 in 1748ms (next.js: 7ms, application-code: 1741ms)
 GET /api/workspaces 200 in 1809ms (next.js: 6ms, application-code: 1804ms)
{"event":"tenh.request_usage","at":"2026-09-14T09:28:14.932Z","businessId":"f92ebb56-d907-499e-a84d-c09180b849b6","route":"/api/workspaces","databaseRequests":12,"databaseResponseBytes":6300,"storageResponseBytes":0,"uploadBytes":0}
 GET /api/extension/observations 200 in 935ms (next.js: 3ms, application-code: 932ms)
 GET /api/team-chat/rooms 200 in 2.4s (next.js: 17ms, application-code: 2.3s)
{"event":"tenh.request_usage","at":"2026-09-14T09:28:15.484Z","businessId":"f92ebb56-d907-499e-a84d-c09180b849b6","route":"/api/team-chat/rooms","databaseRequests":17,"databaseResponseBytes":4502,"storageResponseBytes":0,"uploadBytes":0}
 GET /api/invitations/pending 200 in 506ms (next.js: 3ms, application-code: 502ms)
 GET /api/facebook/connection-attention 200 in 660ms (next.js: 8ms, application-code: 652ms)
 GET /api/system-announcements/current 200 in 700ms (next.js: 25ms, application-code: 675ms)
 GET /api/extension/status 200 in 1222ms (next.js: 13ms, application-code: 1209ms)
 GET /api/team-notifications 200 in 1230ms (next.js: 7ms, application-code: 1223ms)
 GET /api/workspaces 200 in 1501ms (next.js: 4ms, application-code: 1497ms)
{"event":"tenh.request_usage","at":"2026-09-14T09:29:14.636Z","businessId":"f92ebb56-d907-499e-a84d-c09180b849b6","route":"/api/workspaces","databaseRequests":12,"databaseResponseBytes":6300,"storageResponseBytes":0,"uploadBytes":0}
 GET /api/extension/observations 200 in 445ms (next.js: 6ms, application-code: 439ms)
 GET /api/team-chat/rooms 200 in 1858ms (next.js: 7ms, application-code: 1851ms)
{"event":"tenh.request_usage","at":"2026-09-14T09:29:15.004Z","businessId":"f92ebb56-d907-499e-a84d-c09180b849b6","route":"/api/team-chat/rooms","databaseRequests":17,"databaseResponseBytes":4502,"storageResponseBytes":0,"uploadBytes":0}
 GET /api/invitations/pending 200 in 541ms (next.js: 23ms, application-code: 518ms)
 GET /api/facebook/connection-attention 200 in 604ms (next.js: 38ms, application-code: 566ms)
 GET /api/system-announcements/current 200 in 734ms (next.js: 14ms, application-code: 720ms)
 GET /api/team-notifications 200 in 1156ms (next.js: 5ms, application-code: 1151ms)
 GET /api/workspaces 200 in 1351ms (next.js: 5ms, application-code: 1346ms)
{"event":"tenh.request_usage","at":"2026-09-14T09:30:14.483Z","businessId":"f92ebb56-d907-499e-a84d-c09180b849b6","route":"/api/workspaces","databaseRequests":12,"databaseResponseBytes":6300,"storageResponseBytes":0,"uploadBytes":0}
 GET /api/extension/status 200 in 801ms (next.js: 4ms, application-code: 797ms)
 GET /api/team-chat/rooms 200 in 1756ms (next.js: 7ms, application-code: 1749ms)
{"event":"tenh.request_usage","at":"2026-09-14T09:30:14.900Z","businessId":"f92ebb56-d907-499e-a84d-c09180b849b6","route":"/api/team-chat/rooms","databaseRequests":17,"databaseResponseBytes":4502,"storageResponseBytes":0,"uploadBytes":0}
 GET /api/extension/observations 200 in 441ms (next.js: 4ms, application-code: 437ms)
 GET /dashboard/integrations 200 in 1166ms (next.js: 457ms, proxy.ts: 462ms, application-code: 248ms)
 GET /dashboard/integrations 200 in 369ms (next.js: 9ms, proxy.ts: 231ms, application-code: 129ms)
 GET /dashboard/integrations 200 in 296ms (next.js: 10ms, proxy.ts: 169ms, application-code: 116ms)
 GET /dashboard/integrations 200 in 460ms (next.js: 10ms, proxy.ts: 145ms, application-code: 304ms)
 GET /dashboard/integrations 200 in 2.2s (next.js: 235ms, proxy.ts: 449ms, application-code: 1507ms)
 GET /api/invitations/pending 200 in 761ms (next.js: 167ms, application-code: 594ms)
 GET /api/facebook/connection-attention 200 in 1009ms (next.js: 60ms, application-code: 950ms)
 POST /api/team/permissions 200 in 667ms (next.js: 34ms, application-code: 633ms)
 GET /api/system-announcements/current 200 in 1516ms (next.js: 124ms, application-code: 1392ms)
 GET /api/workspaces 200 in 2.1s (next.js: 142ms, application-code: 1952ms)
{"event":"tenh.request_usage","at":"2026-09-14T09:30:39.873Z","businessId":"f92ebb56-d907-499e-a84d-c09180b849b6","route":"/api/workspaces","databaseRequests":12,"databaseResponseBytes":6300,"storageResponseBytes":0,"uploadBytes":0}
 GET /api/team-notifications 200 in 2.2s (next.js: 56ms, application-code: 2.2s)
 GET /api/team-chat/rooms 200 in 2.8s (next.js: 86ms, application-code: 2.7s)
{"event":"tenh.request_usage","at":"2026-09-14T09:30:40.608Z","businessId":"f92ebb56-d907-499e-a84d-c09180b849b6","route":"/api/team-chat/rooms","databaseRequests":17,"databaseResponseBytes":4502,"storageResponseBytes":0,"uploadBytes":0}
 GET /api/extension/status 200 in 1172ms (next.js: 31ms, application-code: 1140ms)
 GET /api/subscription/usage-management 200 in 1828ms (next.js: 38ms, application-code: 1790ms)
 GET /api/extension/observations 200 in 1134ms (next.js: 42ms, application-code: 1093ms)
 GET /api/workspaces 200 in 1144ms (next.js: 4ms, application-code: 1140ms)
{"event":"tenh.request_usage","at":"2026-09-14T09:30:59.272Z","businessId":"f92ebb56-d907-499e-a84d-c09180b849b6","route":"/api/workspaces","databaseRequests":12,"databaseResponseBytes":6300,"storageResponseBytes":0,"uploadBytes":0}
 GET /api/system-announcements/current 200 in 611ms (next.js: 18ms, application-code: 593ms)
 GET /api/team-notifications 200 in 950ms (next.js: 9ms, application-code: 941ms)
 GET /api/team-chat/rooms 200 in 1602ms (next.js: 6ms, application-code: 1596ms)
{"event":"tenh.request_usage","at":"2026-09-14T09:31:09.735Z","businessId":"f92ebb56-d907-499e-a84d-c09180b849b6","route":"/api/team-chat/rooms","databaseRequests":17,"databaseResponseBytes":4502,"storageResponseBytes":0,"uploadBytes":0}
 GET /api/extension/status 200 in 599ms (next.js: 4ms, application-code: 594ms)
 GET /api/extension/observations 200 in 449ms (next.js: 4ms, application-code: 445ms)
 GET /api/workspaces 200 in 1112ms (next.js: 4ms, application-code: 1108ms)
{"event":"tenh.request_usage","at":"2026-09-14T09:31:19.238Z","businessId":"f92ebb56-d907-499e-a84d-c09180b849b6","route":"/api/workspaces","databaseRequests":12,"databaseResponseBytes":6300,"storageResponseBytes":0,"uploadBytes":0}
 GET /api/invitations/pending 200 in 449ms (next.js: 9ms, application-code: 440ms)
 GET /api/system-announcements/current 200 in 671ms (next.js: 8ms, application-code: 663ms)
 GET /api/facebook/connection-attention 200 in 664ms (next.js: 21ms, application-code: 643ms)
 GET /api/team-notifications 200 in 1040ms (next.js: 9ms, application-code: 1030ms)
 GET /api/workspaces 200 in 1224ms (next.js: 11ms, application-code: 1213ms)
{"event":"tenh.request_usage","at":"2026-09-14T09:31:39.371Z","businessId":"f92ebb56-d907-499e-a84d-c09180b849b6","route":"/api/workspaces","databaseRequests":12,"databaseResponseBytes":6300,"storageResponseBytes":0,"uploadBytes":0}
 GET /api/team-chat/rooms 200 in 1549ms (next.js: 6ms, application-code: 1543ms)
{"event":"tenh.request_usage","at":"2026-09-14T09:31:39.681Z","businessId":"f92ebb56-d907-499e-a84d-c09180b849b6","route":"/api/team-chat/rooms","databaseRequests":17,"databaseResponseBytes":4502,"storageResponseBytes":0,"uploadBytes":0}
 GET /api/extension/status 200 in 693ms (next.js: 5ms, application-code: 689ms)
 GET /api/extension/observations 200 in 486ms (next.js: 5ms, application-code: 481ms)
 GET /api/workspaces 200 in 1117ms (next.js: 6ms, application-code: 1111ms)
{"event":"tenh.request_usage","at":"2026-09-14T09:31:59.253Z","businessId":"f92ebb56-d907-499e-a84d-c09180b849b6","route":"/api/workspaces","databaseRequests":12,"databaseResponseBytes":6300,"storageResponseBytes":0,"uploadBytes":0}
 GET /api/system-announcements/current 200 in 628ms (next.js: 19ms, application-code: 608ms)
 GET /api/team-notifications 200 in 901ms (next.js: 13ms, application-code: 888ms)
 GET /api/team-chat/rooms 200 in 1560ms (next.js: 6ms, application-code: 1553ms)
{"event":"tenh.request_usage","at":"2026-09-14T09:32:09.686Z","businessId":"f92ebb56-d907-499e-a84d-c09180b849b6","route":"/api/team-chat/rooms","databaseRequests":17,"databaseResponseBytes":4502,"storageResponseBytes":0,"uploadBytes":0}
 GET /api/extension/status 200 in 595ms (next.js: 5ms, application-code: 590ms)
 GET /api/extension/observations 200 in 440ms (next.js: 5ms, application-code: 435ms)
 GET /api/workspaces 200 in 1135ms (next.js: 6ms, application-code: 1129ms)
{"event":"tenh.request_usage","at":"2026-09-14T09:32:19.259Z","businessId":"f92ebb56-d907-499e-a84d-c09180b849b6","route":"/api/workspaces","databaseRequests":12,"databaseResponseBytes":6300,"storageResponseBytes":0,"uploadBytes":0}
 GET /api/invitations/pending 200 in 617ms (next.js: 19ms, application-code: 597ms)
 GET /api/facebook/connection-attention 200 in 744ms (next.js: 27ms, application-code: 716ms)
 GET /api/system-announcements/current 200 in 777ms (next.js: 12ms, application-code: 765ms)
 GET /api/team-notifications 200 in 1152ms (next.js: 18ms, application-code: 1134ms)
 GET /api/workspaces 200 in 1323ms (next.js: 19ms, application-code: 1304ms)
{"event":"tenh.request_usage","at":"2026-09-14T09:32:39.452Z","businessId":"f92ebb56-d907-499e-a84d-c09180b849b6","route":"/api/workspaces","databaseRequests":12,"databaseResponseBytes":6300,"storageResponseBytes":0,"uploadBytes":0}
 GET /api/team-chat/rooms 200 in 1673ms (next.js: 6ms, application-code: 1667ms)
{"event":"tenh.request_usage","at":"2026-09-14T09:32:39.801Z","businessId":"f92ebb56-d907-499e-a84d-c09180b849b6","route":"/api/team-chat/rooms","databaseRequests":17,"databaseResponseBytes":4502,"storageResponseBytes":0,"uploadBytes":0}
 GET /api/extension/status 200 in 719ms (next.js: 4ms, application-code: 715ms)
 GET /api/extension/observations 200 in 540ms (next.js: 3ms, application-code: 536ms)
 GET /api/system-announcements/current 200 in 614ms (next.js: 14ms, application-code: 600ms)
 GET /api/team-notifications 200 in 1089ms (next.js: 8ms, application-code: 1081ms)
 GET /api/team-chat/rooms 200 in 1740ms (next.js: 5ms, application-code: 1735ms)
{"event":"tenh.request_usage","at":"2026-09-14T09:33:09.860Z","businessId":"f92ebb56-d907-499e-a84d-c09180b849b6","route":"/api/team-chat/rooms","databaseRequests":17,"databaseResponseBytes":4502,"storageResponseBytes":0,"uploadBytes":0}
 GET /api/extension/status 200 in 788ms (next.js: 4ms, application-code: 784ms)
 GET /api/extension/observations 200 in 458ms (next.js: 4ms, application-code: 453ms)
 GET /api/workspaces 200 in 1138ms (next.js: 4ms, application-code: 1134ms)
{"event":"tenh.request_usage","at":"2026-09-14T09:33:14.259Z","businessId":"f92ebb56-d907-499e-a84d-c09180b849b6","route":"/api/workspaces","databaseRequests":12,"databaseResponseBytes":6300,"storageResponseBytes":0,"uploadBytes":0}
 GET /api/invitations/pending 200 in 896ms (next.js: 14ms, application-code: 882ms)
 GET /api/system-announcements/current 200 in 1061ms (next.js: 24ms, application-code: 1037ms)
 GET /api/facebook/connection-attention 200 in 1093ms (next.js: 16ms, application-code: 1078ms)
 GET /api/team-notifications 200 in 1426ms (next.js: 6ms, application-code: 1420ms)
 GET /api/team-chat/rooms 200 in 2.2s (next.js: 4ms, application-code: 2.2s)
{"event":"tenh.request_usage","at":"2026-09-14T09:33:40.300Z","businessId":"f92ebb56-d907-499e-a84d-c09180b849b6","route":"/api/team-chat/rooms","databaseRequests":17,"databaseResponseBytes":4502,"storageResponseBytes":0,"uploadBytes":0}
 GET /api/extension/status 200 in 919ms (next.js: 4ms, application-code: 915ms)
 GET /api/extension/observations 200 in 607ms (next.js: 4ms, application-code: 604ms)
 GET /api/system-announcements/current 200 in 702ms (next.js: 15ms, application-code: 688ms)
 GET /api/extension/status 200 in 805ms (next.js: 22ms, application-code: 783ms)
 GET /api/team-notifications 200 in 1113ms (next.js: 25ms, application-code: 1088ms)
 GET /api/extension/observations 200 in 593ms (next.js: 4ms, application-code: 590ms)
 GET /api/workspaces 200 in 1431ms (next.js: 4ms, application-code: 1427ms)
{"event":"tenh.request_usage","at":"2026-09-14T09:34:14.557Z","businessId":"f92ebb56-d907-499e-a84d-c09180b849b6","route":"/api/workspaces","databaseRequests":12,"databaseResponseBytes":6300,"storageResponseBytes":0,"uploadBytes":0}
 GET /api/team-chat/rooms 200 in 1740ms (next.js: 5ms, application-code: 1735ms)
{"event":"tenh.request_usage","at":"2026-09-14T09:34:14.885Z","businessId":"f92ebb56-d907-499e-a84d-c09180b849b6","route":"/api/team-chat/rooms","databaseRequests":17,"databaseResponseBytes":4502,"storageResponseBytes":0,"uploadBytes":0}
 GET /api/invitations/pending 200 in 796ms (next.js: 4ms, application-code: 792ms)
 GET /api/facebook/connection-attention 200 in 1066ms (next.js: 4ms, application-code: 1062ms)
 GET /api/system-announcements/current 200 in 787ms (next.js: 15ms, application-code: 772ms)
 GET /api/extension/status 200 in 810ms (next.js: 15ms, application-code: 795ms)
 GET /api/team-notifications 200 in 1043ms (next.js: 4ms, application-code: 1039ms)
 GET /api/workspaces 200 in 1510ms (next.js: 6ms, application-code: 1504ms)
{"event":"tenh.request_usage","at":"2026-09-14T09:35:14.639Z","businessId":"f92ebb56-d907-499e-a84d-c09180b849b6","route":"/api/workspaces","databaseRequests":12,"databaseResponseBytes":6300,"storageResponseBytes":0,"uploadBytes":0}
 GET /api/extension/observations 200 in 756ms (next.js: 4ms, application-code: 752ms)
 GET /api/team-chat/rooms 200 in 2.0s (next.js: 16ms, application-code: 2.0s)
{"event":"tenh.request_usage","at":"2026-09-14T09:35:15.156Z","businessId":"f92ebb56-d907-499e-a84d-c09180b849b6","route":"/api/team-chat/rooms","databaseRequests":17,"databaseResponseBytes":4502,"storageResponseBytes":0,"uploadBytes":0}
 GET /api/invitations/pending 200 in 406ms (next.js: 4ms, application-code: 402ms)
 GET /api/facebook/connection-attention 200 in 561ms (next.js: 7ms, application-code: 554ms)
 GET /api/system-announcements/current 200 in 873ms (next.js: 17ms, application-code: 857ms)
 GET /api/extension/status 200 in 1036ms (next.js: 25ms, application-code: 1011ms)
 GET /api/team-notifications 200 in 1261ms (next.js: 9ms, application-code: 1253ms)
 GET /api/workspaces 200 in 1573ms (next.js: 5ms, application-code: 1567ms)
{"event":"tenh.request_usage","at":"2026-09-14T09:36:14.707Z","businessId":"f92ebb56-d907-499e-a84d-c09180b849b6","route":"/api/workspaces","databaseRequests":12,"databaseResponseBytes":6300,"storageResponseBytes":0,"uploadBytes":0}
 GET /api/extension/observations 200 in 523ms (next.js: 5ms, application-code: 518ms)
 GET /api/team-chat/rooms 200 in 1829ms (next.js: 17ms, application-code: 1812ms)
{"event":"tenh.request_usage","at":"2026-09-14T09:36:14.966Z","businessId":"f92ebb56-d907-499e-a84d-c09180b849b6","route":"/api/team-chat/rooms","databaseRequests":17,"databaseResponseBytes":4502,"storageResponseBytes":0,"uploadBytes":0}
 GET /api/invitations/pending 200 in 416ms (next.js: 3ms, application-code: 413ms)
 GET /api/facebook/connection-attention 200 in 534ms (next.js: 6ms, application-code: 529ms)
 GET /api/system-announcements/current 200 in 741ms (next.js: 28ms, application-code: 712ms)
 GET /api/extension/status 200 in 971ms (next.js: 22ms, application-code: 950ms)
 GET /api/team-notifications 200 in 1178ms (next.js: 14ms, application-code: 1163ms)
 GET /api/workspaces 200 in 1458ms (next.js: 6ms, application-code: 1453ms)
{"event":"tenh.request_usage","at":"2026-09-14T09:37:14.588Z","businessId":"f92ebb56-d907-499e-a84d-c09180b849b6","route":"/api/workspaces","databaseRequests":12,"databaseResponseBytes":6300,"storageResponseBytes":0,"uploadBytes":0}
 GET /api/extension/observations 200 in 515ms (next.js: 4ms, application-code: 511ms)
 GET /api/team-chat/rooms 200 in 1828ms (next.js: 13ms, application-code: 1815ms)
{"event":"tenh.request_usage","at":"2026-09-14T09:37:14.961Z","businessId":"f92ebb56-d907-499e-a84d-c09180b849b6","route":"/api/team-chat/rooms","databaseRequests":17,"databaseResponseBytes":4502,"storageResponseBytes":0,"uploadBytes":0}
 GET /api/invitations/pending 200 in 857ms (next.js: 19ms, application-code: 838ms)
 GET /api/facebook/connection-attention 200 in 923ms (next.js: 6ms, application-code: 917ms)
 GET /api/system-announcements/current 200 in 1014ms (next.js: 12ms, application-code: 1002ms)
 GET /api/team-notifications 200 in 1328ms (next.js: 4ms, application-code: 1323ms)
 GET /api/extension/status 200 in 771ms (next.js: 4ms, application-code: 767ms)
 GET /api/workspaces 200 in 1674ms (next.js: 5ms, application-code: 1669ms)
{"event":"tenh.request_usage","at":"2026-09-14T09:38:14.791Z","businessId":"f92ebb56-d907-499e-a84d-c09180b849b6","route":"/api/workspaces","databaseRequests":12,"databaseResponseBytes":6300,"storageResponseBytes":0,"uploadBytes":0}
 GET /api/team-chat/rooms 200 in 2.0s (next.js: 15ms, application-code: 1986ms)
{"event":"tenh.request_usage","at":"2026-09-14T09:38:15.120Z","businessId":"f92ebb56-d907-499e-a84d-c09180b849b6","route":"/api/team-chat/rooms","databaseRequests":17,"databaseResponseBytes":4502,"storageResponseBytes":0,"uploadBytes":0}
 GET /api/extension/observations 200 in 475ms (next.js: 3ms, application-code: 472ms)
 GET /api/invitations/pending 200 in 548ms (next.js: 41ms, application-code: 507ms)
 GET /api/system-announcements/current 200 in 812ms (next.js: 27ms, application-code: 786ms)
 GET /api/facebook/connection-attention 200 in 836ms (next.js: 50ms, application-code: 785ms)
 GET /api/team-notifications 200 in 1202ms (next.js: 17ms, application-code: 1184ms)
 GET /api/extension/status 200 in 751ms (next.js: 4ms, application-code: 747ms)
 GET /api/workspaces 200 in 1431ms (next.js: 7ms, application-code: 1424ms)
{"event":"tenh.request_usage","at":"2026-09-14T09:39:14.561Z","businessId":"f92ebb56-d907-499e-a84d-c09180b849b6","route":"/api/workspaces","databaseRequests":12,"databaseResponseBytes":6300,"storageResponseBytes":0,"uploadBytes":0}
 GET /api/team-chat/rooms 200 in 1650ms (next.js: 6ms, application-code: 1643ms)
{"event":"tenh.request_usage","at":"2026-09-14T09:39:14.799Z","businessId":"f92ebb56-d907-499e-a84d-c09180b849b6","route":"/api/team-chat/rooms","databaseRequests":17,"databaseResponseBytes":4502,"storageResponseBytes":0,"uploadBytes":0}
 GET /api/extension/observations 200 in 540ms (next.js: 4ms, application-code: 535ms)
 GET /api/invitations/pending 200 in 575ms (next.js: 23ms, application-code: 552ms)
 GET /api/facebook/connection-attention 200 in 696ms (next.js: 38ms, application-code: 658ms)
 GET /api/system-announcements/current 200 in 772ms (next.js: 7ms, application-code: 765ms)
 GET /api/team-notifications 200 in 1149ms (next.js: 8ms, application-code: 1141ms)
 GET /api/extension/status 200 in 708ms (next.js: 5ms, application-code: 703ms)
 GET /api/workspaces 200 in 1384ms (next.js: 5ms, application-code: 1379ms)
{"event":"tenh.request_usage","at":"2026-09-14T09:40:14.516Z","businessId":"f92ebb56-d907-499e-a84d-c09180b849b6","route":"/api/workspaces","databaseRequests":12,"databaseResponseBytes":6300,"storageResponseBytes":0,"uploadBytes":0}
 GET /api/team-chat/rooms 200 in 1690ms (next.js: 9ms, application-code: 1680ms)
{"event":"tenh.request_usage","at":"2026-09-14T09:40:14.840Z","businessId":"f92ebb56-d907-499e-a84d-c09180b849b6","route":"/api/team-chat/rooms","databaseRequests":17,"databaseResponseBytes":4502,"storageResponseBytes":0,"uploadBytes":0}
 GET /api/extension/observations 200 in 447ms (next.js: 6ms, application-code: 442ms)
 GET /api/invitations/pending 200 in 652ms (next.js: 23ms, application-code: 629ms)
 GET /api/system-announcements/current 200 in 841ms (next.js: 14ms, application-code: 827ms)
 GET /api/facebook/connection-attention 200 in 889ms (next.js: 33ms, application-code: 855ms)
 GET /api/team-notifications 200 in 1264ms (next.js: 18ms, application-code: 1246ms)
 GET /api/workspaces 200 in 1672ms (next.js: 5ms, application-code: 1667ms)
{"event":"tenh.request_usage","at":"2026-09-14T09:41:14.797Z","businessId":"f92ebb56-d907-499e-a84d-c09180b849b6","route":"/api/workspaces","databaseRequests":12,"databaseResponseBytes":6300,"storageResponseBytes":0,"uploadBytes":0}
 GET /api/extension/status 200 in 999ms (next.js: 4ms, application-code: 995ms)
 GET /api/team-chat/rooms 200 in 1883ms (next.js: 16ms, application-code: 1867ms)
{"event":"tenh.request_usage","at":"2026-09-14T09:41:15.009Z","businessId":"f92ebb56-d907-499e-a84d-c09180b849b6","route":"/api/team-chat/rooms","databaseRequests":17,"databaseResponseBytes":4502,"storageResponseBytes":0,"uploadBytes":0}
 GET /api/extension/observations 200 in 623ms (next.js: 4ms, application-code: 619ms)
 GET /api/invitations/pending 200 in 609ms (next.js: 23ms, application-code: 587ms)
 GET /api/facebook/connection-attention 200 in 698ms (next.js: 33ms, application-code: 665ms)
 GET /api/system-announcements/current 200 in 706ms (next.js: 14ms, application-code: 692ms)
 GET /api/team-notifications 200 in 1138ms (next.js: 7ms, application-code: 1130ms)
 GET /api/workspaces 200 in 1372ms (next.js: 4ms, application-code: 1368ms)
{"event":"tenh.request_usage","at":"2026-09-14T09:42:14.493Z","businessId":"f92ebb56-d907-499e-a84d-c09180b849b6","route":"/api/workspaces","databaseRequests":12,"databaseResponseBytes":6300,"storageResponseBytes":0,"uploadBytes":0}
 GET /api/extension/status 200 in 759ms (next.js: 4ms, application-code: 754ms)
 GET /api/team-chat/rooms 200 in 1713ms (next.js: 8ms, application-code: 1706ms)
{"event":"tenh.request_usage","at":"2026-09-14T09:42:14.844Z","businessId":"f92ebb56-d907-499e-a84d-c09180b849b6","route":"/api/team-chat/rooms","databaseRequests":17,"databaseResponseBytes":4502,"storageResponseBytes":0,"uploadBytes":0}
 GET /api/extension/observations 200 in 463ms (next.js: 4ms, application-code: 459ms)
 GET /api/invitations/pending 200 in 576ms (next.js: 15ms, application-code: 561ms)
 GET /api/system-announcements/current 200 in 766ms (next.js: 7ms, application-code: 759ms)
 GET /api/facebook/connection-attention 200 in 827ms (next.js: 8ms, application-code: 819ms)
 GET /api/team-notifications 200 in 1326ms (next.js: 10ms, application-code: 1316ms)
 GET /api/extension/status 200 in 822ms (next.js: 4ms, application-code: 817ms)
 GET /api/workspaces 200 in 1479ms (next.js: 8ms, application-code: 1470ms)
{"event":"tenh.request_usage","at":"2026-09-14T09:43:14.606Z","businessId":"f92ebb56-d907-499e-a84d-c09180b849b6","route":"/api/workspaces","databaseRequests":12,"databaseResponseBytes":6300,"storageResponseBytes":0,"uploadBytes":0}
 GET /api/team-chat/rooms 200 in 1834ms (next.js: 10ms, application-code: 1825ms)
{"event":"tenh.request_usage","at":"2026-09-14T09:43:14.983Z","businessId":"f92ebb56-d907-499e-a84d-c09180b849b6","route":"/api/team-chat/rooms","databaseRequests":17,"databaseResponseBytes":4502,"storageResponseBytes":0,"uploadBytes":0}
 GET /api/extension/observations 200 in 530ms (next.js: 4ms, application-code: 526ms)
 GET /api/invitations/pending 200 in 522ms (next.js: 13ms, application-code: 509ms)
 GET /api/facebook/connection-attention 200 in 578ms (next.js: 8ms, application-code: 570ms)
 GET /api/system-announcements/current 200 in 667ms (next.js: 6ms, application-code: 661ms)
 GET /api/team-notifications 200 in 997ms (next.js: 6ms, application-code: 991ms)
 GET /api/extension/status 200 in 813ms (next.js: 3ms, application-code: 810ms)
 GET /api/workspaces 200 in 1438ms (next.js: 4ms, application-code: 1433ms)
{"event":"tenh.request_usage","at":"2026-09-14T09:44:14.559Z","businessId":"f92ebb56-d907-499e-a84d-c09180b849b6","route":"/api/workspaces","databaseRequests":12,"databaseResponseBytes":6300,"storageResponseBytes":0,"uploadBytes":0}
 GET /api/team-chat/rooms 200 in 1889ms (next.js: 6ms, application-code: 1882ms)
{"event":"tenh.request_usage","at":"2026-09-14T09:44:15.021Z","businessId":"f92ebb56-d907-499e-a84d-c09180b849b6","route":"/api/team-chat/rooms","databaseRequests":17,"databaseResponseBytes":4502,"storageResponseBytes":0,"uploadBytes":0}
 GET /api/extension/observations 200 in 653ms (next.js: 4ms, application-code: 649ms)
 GET /api/invitations/pending 200 in 1040ms (next.js: 16ms, application-code: 1025ms)
 GET /api/system-announcements/current 200 in 1204ms (next.js: 42ms, application-code: 1162ms)
 GET /api/facebook/connection-attention 200 in 1219ms (next.js: 24ms, application-code: 1196ms)
 GET /api/team-notifications 200 in 1691ms (next.js: 28ms, application-code: 1662ms)
 GET /api/workspaces 200 in 1727ms (next.js: 4ms, application-code: 1723ms)
{"event":"tenh.request_usage","at":"2026-09-14T09:45:14.850Z","businessId":"f92ebb56-d907-499e-a84d-c09180b849b6","route":"/api/workspaces","databaseRequests":12,"databaseResponseBytes":6300,"storageResponseBytes":0,"uploadBytes":0}
 GET /api/extension/status 200 in 828ms (next.js: 5ms, application-code: 823ms)
 GET /api/team-chat/rooms 200 in 2.3s (next.js: 5ms, application-code: 2.3s)
{"event":"tenh.request_usage","at":"2026-09-14T09:45:15.413Z","businessId":"f92ebb56-d907-499e-a84d-c09180b849b6","route":"/api/team-chat/rooms","databaseRequests":17,"databaseResponseBytes":4502,"storageResponseBytes":0,"uploadBytes":0}
 GET /api/extension/observations 200 in 532ms (next.js: 4ms, application-code: 528ms)
 GET /api/invitations/pending 200 in 961ms (next.js: 14ms, application-code: 947ms)
 GET /api/facebook/connection-attention 200 in 1016ms (next.js: 23ms, application-code: 993ms)
 GET /api/system-announcements/current 200 in 1099ms (next.js: 26ms, application-code: 1073ms)
 GET /api/team-notifications 200 in 1490ms (next.js: 15ms, application-code: 1476ms)
 GET /api/extension/status 200 in 790ms (next.js: 4ms, application-code: 787ms)
 GET /api/workspaces 200 in 1858ms (next.js: 5ms, application-code: 1853ms)
{"event":"tenh.request_usage","at":"2026-09-14T09:46:14.989Z","businessId":"f92ebb56-d907-499e-a84d-c09180b849b6","route":"/api/workspaces","databaseRequests":12,"databaseResponseBytes":6300,"storageResponseBytes":0,"uploadBytes":0}
 GET /api/extension/observations 200 in 424ms (next.js: 4ms, application-code: 420ms)
 GET /api/team-chat/rooms 200 in 2.3s (next.js: 18ms, application-code: 2.3s)
{"event":"tenh.request_usage","at":"2026-09-14T09:46:15.421Z","businessId":"f92ebb56-d907-499e-a84d-c09180b849b6","route":"/api/team-chat/rooms","databaseRequests":17,"databaseResponseBytes":4502,"storageResponseBytes":0,"uploadBytes":0}
 GET /api/invitations/pending 200 in 570ms (next.js: 26ms, application-code: 544ms)
 GET /api/system-announcements/current 200 in 771ms (next.js: 25ms, application-code: 746ms)
 GET /api/facebook/connection-attention 200 in 747ms (next.js: 15ms, application-code: 732ms)
 GET /api/team-notifications 200 in 1150ms (next.js: 16ms, application-code: 1133ms)
 GET /api/workspaces 200 in 1422ms (next.js: 6ms, application-code: 1417ms)
{"event":"tenh.request_usage","at":"2026-09-14T09:47:14.552Z","businessId":"f92ebb56-d907-499e-a84d-c09180b849b6","route":"/api/workspaces","databaseRequests":12,"databaseResponseBytes":6300,"storageResponseBytes":0,"uploadBytes":0}
 GET /api/extension/status 200 in 848ms (next.js: 4ms, application-code: 844ms)
 GET /api/team-chat/rooms 200 in 1777ms (next.js: 16ms, application-code: 1761ms)
{"event":"tenh.request_usage","at":"2026-09-14T09:47:14.909Z","businessId":"f92ebb56-d907-499e-a84d-c09180b849b6","route":"/api/team-chat/rooms","databaseRequests":17,"databaseResponseBytes":4502,"storageResponseBytes":0,"uploadBytes":0}
 GET /api/extension/observations 200 in 537ms (next.js: 4ms, application-code: 533ms)
 GET /api/invitations/pending 200 in 553ms (next.js: 23ms, application-code: 530ms)
 GET /api/system-announcements/current 200 in 806ms (next.js: 27ms, application-code: 779ms)
 GET /api/facebook/connection-attention 200 in 822ms (next.js: 31ms, application-code: 791ms)
 GET /api/team-notifications 200 in 1158ms (next.js: 20ms, application-code: 1138ms)
 GET /api/extension/status 200 in 624ms (next.js: 3ms, application-code: 621ms)
 GET /api/workspaces 200 in 1430ms (next.js: 6ms, application-code: 1424ms)
{"event":"tenh.request_usage","at":"2026-09-14T09:48:14.558Z","businessId":"f92ebb56-d907-499e-a84d-c09180b849b6","route":"/api/workspaces","databaseRequests":12,"databaseResponseBytes":6300,"storageResponseBytes":0,"uploadBytes":0}
 GET /api/extension/observations 200 in 504ms (next.js: 3ms, application-code: 501ms)
 GET /api/team-chat/rooms 200 in 6.3s (next.js: 17ms, application-code: 6.3s)
{"event":"tenh.request_usage","at":"2026-09-14T09:48:19.454Z","businessId":"f92ebb56-d907-499e-a84d-c09180b849b6","route":"/api/team-chat/rooms","databaseRequests":17,"databaseResponseBytes":4502,"storageResponseBytes":0,"uploadBytes":0}
 GET /api/invitations/pending 200 in 527ms (next.js: 17ms, application-code: 510ms)
 GET /api/system-announcements/current 200 in 754ms (next.js: 7ms, application-code: 747ms)
 GET /api/facebook/connection-attention 200 in 763ms (next.js: 26ms, application-code: 737ms)
 GET /api/team-notifications 200 in 1057ms (next.js: 14ms, application-code: 1043ms)
 GET /api/workspaces 200 in 1378ms (next.js: 5ms, application-code: 1373ms)
{"event":"tenh.request_usage","at":"2026-09-14T09:49:14.502Z","businessId":"f92ebb56-d907-499e-a84d-c09180b849b6","route":"/api/workspaces","databaseRequests":12,"databaseResponseBytes":6300,"storageResponseBytes":0,"uploadBytes":0}
 GET /api/extension/status 200 in 843ms (next.js: 4ms, application-code: 839ms)
 GET /api/team-chat/rooms 200 in 1716ms (next.js: 4ms, application-code: 1712ms)
{"event":"tenh.request_usage","at":"2026-09-14T09:49:14.859Z","businessId":"f92ebb56-d907-499e-a84d-c09180b849b6","route":"/api/team-chat/rooms","databaseRequests":17,"databaseResponseBytes":4502,"storageResponseBytes":0,"uploadBytes":0}
 GET /api/extension/observations 200 in 567ms (next.js: 4ms, application-code: 563ms)
✓ Compiled in 482ms
 GET /dashboard/integrations 200 in 1206ms (next.js: 33ms, proxy.ts: 892ms, application-code: 281ms)
 GET /dashboard/integrations 200 in 396ms (next.js: 12ms, proxy.ts: 262ms, application-code: 122ms)
 GET /dashboard/integrations 200 in 502ms (next.js: 12ms, proxy.ts: 146ms, application-code: 344ms)
 GET /dashboard/integrations 200 in 1998ms (next.js: 200ms, proxy.ts: 467ms, application-code: 1331ms)
 GET /api/invitations/pending 200 in 500ms (next.js: 123ms, application-code: 377ms)
 GET /api/facebook/connection-attention 200 in 722ms (next.js: 162ms, application-code: 560ms)
 GET /api/system-announcements/current 200 in 743ms (next.js: 81ms, application-code: 662ms)
 POST /api/team/permissions 200 in 324ms (next.js: 32ms, application-code: 293ms)
 GET /api/team-notifications 200 in 1251ms (next.js: 37ms, application-code: 1214ms)
 GET /api/workspaces 200 in 1564ms (next.js: 147ms, application-code: 1417ms)
{"event":"tenh.request_usage","at":"2026-09-14T09:49:46.121Z","businessId":"f92ebb56-d907-499e-a84d-c09180b849b6","route":"/api/workspaces","databaseRequests":12,"databaseResponseBytes":6300,"storageResponseBytes":0,"uploadBytes":0}
 GET /api/extension/status 200 in 753ms (next.js: 38ms, application-code: 715ms)
 GET /api/subscription/usage-management 200 in 877ms (next.js: 31ms, application-code: 846ms)
 GET /api/team-chat/rooms 200 in 1989ms (next.js: 96ms, application-code: 1893ms)
{"event":"tenh.request_usage","at":"2026-09-14T09:49:46.541Z","businessId":"f92ebb56-d907-499e-a84d-c09180b849b6","route":"/api/team-chat/rooms","databaseRequests":17,"databaseResponseBytes":4502,"storageResponseBytes":0,"uploadBytes":0}
 GET /api/extension/observations 200 in 560ms (next.js: 28ms, application-code: 532ms)
 GET /api/workspaces 200 in 1131ms (next.js: 5ms, application-code: 1126ms)
{"event":"tenh.request_usage","at":"2026-09-14T09:50:06.263Z","businessId":"f92ebb56-d907-499e-a84d-c09180b849b6","route":"/api/workspaces","databaseRequests":12,"databaseResponseBytes":6300,"storageResponseBytes":0,"uploadBytes":0}
 GET /api/system-announcements/current 200 in 592ms (next.js: 14ms, application-code: 578ms)
 GET /api/team-notifications 200 in 876ms (next.js: 5ms, application-code: 871ms)
 GET /api/team-chat/rooms 200 in 1517ms (next.js: 5ms, application-code: 1511ms)
{"event":"tenh.request_usage","at":"2026-09-14T09:50:16.651Z","businessId":"f92ebb56-d907-499e-a84d-c09180b849b6","route":"/api/team-chat/rooms","databaseRequests":17,"databaseResponseBytes":4502,"storageResponseBytes":0,"uploadBytes":0}
 GET /api/extension/status 200 in 873ms (next.js: 5ms, application-code: 868ms)
 GET /api/extension/observations 200 in 712ms (next.js: 4ms, application-code: 708ms)
 GET /api/workspaces 200 in 1153ms (next.js: 5ms, application-code: 1148ms)
{"event":"tenh.request_usage","at":"2026-09-14T09:50:26.284Z","businessId":"f92ebb56-d907-499e-a84d-c09180b849b6","route":"/api/workspaces","databaseRequests":12,"databaseResponseBytes":6300,"storageResponseBytes":0,"uploadBytes":0}
 GET /api/invitations/pending 200 in 692ms (next.js: 17ms, application-code: 676ms)
 GET /api/facebook/connection-attention 200 in 683ms (next.js: 22ms, application-code: 661ms)
 GET /api/system-announcements/current 200 in 744ms (next.js: 8ms, application-code: 736ms)
 GET /api/team-notifications 200 in 1270ms (next.js: 8ms, application-code: 1262ms)
 GET /api/workspaces 200 in 1329ms (next.js: 7ms, application-code: 1321ms)
{"event":"tenh.request_usage","at":"2026-09-14T09:50:46.462Z","businessId":"f92ebb56-d907-499e-a84d-c09180b849b6","route":"/api/workspaces","databaseRequests":12,"databaseResponseBytes":6300,"storageResponseBytes":0,"uploadBytes":0}
 GET /api/extension/status 200 in 850ms (next.js: 4ms, application-code: 846ms)
 GET /api/team-chat/rooms 200 in 2.0s (next.js: 6ms, application-code: 2.0s)
{"event":"tenh.request_usage","at":"2026-09-14T09:50:47.132Z","businessId":"f92ebb56-d907-499e-a84d-c09180b849b6","route":"/api/team-chat/rooms","databaseRequests":17,"databaseResponseBytes":4502,"storageResponseBytes":0,"uploadBytes":0}
 GET /api/extension/observations 200 in 461ms (next.js: 5ms, application-code: 456ms)
 GET /api/workspaces 200 in 1153ms (next.js: 5ms, application-code: 1147ms)
{"event":"tenh.request_usage","at":"2026-09-14T09:51:06.274Z","businessId":"f92ebb56-d907-499e-a84d-c09180b849b6","route":"/api/workspaces","databaseRequests":12,"databaseResponseBytes":6300,"storageResponseBytes":0,"uploadBytes":0}
 GET /api/system-announcements/current 200 in 625ms (next.js: 25ms, application-code: 600ms)
 GET /api/team-notifications 200 in 1144ms (next.js: 12ms, application-code: 1132ms)
 GET /api/team-chat/rooms 200 in 1632ms (next.js: 6ms, application-code: 1625ms)
{"event":"tenh.request_usage","at":"2026-09-14T09:51:16.770Z","businessId":"f92ebb56-d907-499e-a84d-c09180b849b6","route":"/api/team-chat/rooms","databaseRequests":17,"databaseResponseBytes":4502,"storageResponseBytes":0,"uploadBytes":0}
 GET /api/extension/status 200 in 923ms (next.js: 5ms, application-code: 918ms)
 GET /api/extension/observations 200 in 479ms (next.js: 5ms, application-code: 474ms)
 GET /api/workspaces 200 in 1454ms (next.js: 7ms, application-code: 1446ms)
{"event":"tenh.request_usage","at":"2026-09-14T09:51:26.572Z","businessId":"f92ebb56-d907-499e-a84d-c09180b849b6","route":"/api/workspaces","databaseRequests":12,"databaseResponseBytes":6300,"storageResponseBytes":0,"uploadBytes":0}
 GET /api/invitations/pending 200 in 489ms (next.js: 20ms, application-code: 469ms)
 GET /api/system-announcements/current 200 in 631ms (next.js: 10ms, application-code: 621ms)
 GET /api/facebook/connection-attention 200 in 664ms (next.js: 29ms, application-code: 635ms)
 GET /api/team-notifications 200 in 944ms (next.js: 8ms, application-code: 936ms)
 GET /api/workspaces 200 in 1213ms (next.js: 7ms, application-code: 1206ms)
{"event":"tenh.request_usage","at":"2026-09-14T09:51:46.352Z","businessId":"f92ebb56-d907-499e-a84d-c09180b849b6","route":"/api/workspaces","databaseRequests":12,"databaseResponseBytes":6300,"storageResponseBytes":0,"uploadBytes":0}
 GET /api/team-chat/rooms 200 in 1564ms (next.js: 5ms, application-code: 1560ms)
{"event":"tenh.request_usage","at":"2026-09-14T09:51:46.690Z","businessId":"f92ebb56-d907-499e-a84d-c09180b849b6","route":"/api/team-chat/rooms","databaseRequests":17,"databaseResponseBytes":4502,"storageResponseBytes":0,"uploadBytes":0}
 GET /api/extension/status 200 in 611ms (next.js: 4ms, application-code: 607ms)
 GET /api/extension/observations 200 in 532ms (next.js: 4ms, application-code: 528ms)
 GET /api/workspaces 200 in 1395ms (next.js: 4ms, application-code: 1391ms)
{"event":"tenh.request_usage","at":"2026-09-14T09:52:14.519Z","businessId":"f92ebb56-d907-499e-a84d-c09180b849b6","route":"/api/workspaces","databaseRequests":12,"databaseResponseBytes":6300,"storageResponseBytes":0,"uploadBytes":0}
 GET /api/system-announcements/current 200 in 472ms (next.js: 12ms, application-code: 460ms)
 GET /api/team-notifications 200 in 898ms (next.js: 5ms, application-code: 893ms)
 GET /api/team-chat/rooms 200 in 1472ms (next.js: 4ms, application-code: 1468ms)
{"event":"tenh.request_usage","at":"2026-09-14T09:52:16.590Z","businessId":"f92ebb56-d907-499e-a84d-c09180b849b6","route":"/api/team-chat/rooms","databaseRequests":17,"databaseResponseBytes":4502,"storageResponseBytes":0,"uploadBytes":0}
 GET /api/extension/status 200 in 719ms (next.js: 4ms, application-code: 715ms)
 GET /api/extension/observations 200 in 493ms (next.js: 3ms, application-code: 489ms)
 GET /api/system-announcements/current 200 in 758ms (next.js: 13ms, application-code: 745ms)
 GET /api/invitations/pending 200 in 792ms (next.js: 17ms, application-code: 775ms)
 GET /api/facebook/connection-attention 200 in 904ms (next.js: 25ms, application-code: 879ms)
 GET /api/team-notifications 200 in 1849ms (next.js: 17ms, application-code: 1832ms)
 GET /api/extension/status 200 in 1258ms (next.js: 5ms, application-code: 1254ms)
 GET /api/team-chat/rooms 200 in 2.3s (next.js: 5ms, application-code: 2.3s)
{"event":"tenh.request_usage","at":"2026-09-14T09:52:47.390Z","businessId":"f92ebb56-d907-499e-a84d-c09180b849b6","route":"/api/team-chat/rooms","databaseRequests":17,"databaseResponseBytes":4502,"storageResponseBytes":0,"uploadBytes":0}
 GET /api/extension/observations 200 in 544ms (next.js: 4ms, application-code: 540ms)
 GET /api/workspaces 200 in 1178ms (next.js: 3ms, application-code: 1175ms)
{"event":"tenh.request_usage","at":"2026-09-14T09:53:14.299Z","businessId":"f92ebb56-d907-499e-a84d-c09180b849b6","route":"/api/workspaces","databaseRequests":12,"databaseResponseBytes":6300,"storageResponseBytes":0,"uploadBytes":0}
 GET /api/invitations/pending 200 in 560ms (next.js: 4ms, application-code: 556ms)
 GET /api/facebook/connection-attention 200 in 702ms (next.js: 8ms, application-code: 694ms)
 GET /api/system-announcements/current 200 in 649ms (next.js: 28ms, application-code: 621ms)
 GET /api/extension/status 200 in 1156ms (next.js: 16ms, application-code: 1141ms)
 GET /api/team-notifications 200 in 1243ms (next.js: 8ms, application-code: 1235ms)
 GET /api/workspaces 200 in 1558ms (next.js: 25ms, application-code: 1533ms)
{"event":"tenh.request_usage","at":"2026-09-14T09:54:14.732Z","businessId":"f92ebb56-d907-499e-a84d-c09180b849b6","route":"/api/workspaces","databaseRequests":12,"databaseResponseBytes":6300,"storageResponseBytes":0,"uploadBytes":0}
 GET /api/extension/observations 200 in 734ms (next.js: 4ms, application-code: 730ms)
 GET /api/team-chat/rooms 200 in 2.3s (next.js: 6ms, application-code: 2.3s)
{"event":"tenh.request_usage","at":"2026-09-14T09:54:15.415Z","businessId":"f92ebb56-d907-499e-a84d-c09180b849b6","route":"/api/team-chat/rooms","databaseRequests":17,"databaseResponseBytes":4502,"storageResponseBytes":0,"uploadBytes":0}
 GET /api/invitations/pending 200 in 607ms (next.js: 4ms, application-code: 603ms)
 GET /api/facebook/connection-attention 200 in 649ms (next.js: 7ms, application-code: 641ms)
 GET /api/system-announcements/current 200 in 870ms (next.js: 40ms, application-code: 830ms)
 GET /api/extension/status 200 in 1042ms (next.js: 10ms, application-code: 1032ms)
 GET /api/team-notifications 200 in 1122ms (next.js: 32ms, application-code: 1090ms)
 GET /api/extension/observations 200 in 675ms (next.js: 8ms, application-code: 668ms)
 GET /api/workspaces 200 in 1720ms (next.js: 8ms, application-code: 1712ms)
{"event":"tenh.request_usage","at":"2026-09-14T09:55:14.879Z","businessId":"f92ebb56-d907-499e-a84d-c09180b849b6","route":"/api/workspaces","databaseRequests":12,"databaseResponseBytes":6300,"storageResponseBytes":0,"uploadBytes":0}
 GET /api/team-chat/rooms 200 in 2.0s (next.js: 19ms, application-code: 2.0s)
{"event":"tenh.request_usage","at":"2026-09-14T09:55:15.193Z","businessId":"f92ebb56-d907-499e-a84d-c09180b849b6","route":"/api/team-chat/rooms","databaseRequests":17,"databaseResponseBytes":4502,"storageResponseBytes":0,"uploadBytes":0}
 GET /api/facebook/connection-attention 200 in 592ms (next.js: 13ms, application-code: 579ms)
 GET /api/workspaces 200 in 1078ms (next.js: 38ms, application-code: 1041ms)
 GET /api/team-chat/rooms 200 in 1089ms (next.js: 16ms, application-code: 1073ms)
 GET /api/extension/status 200 in 165ms (next.js: 8ms, application-code: 157ms)
